TRACE::2026-09-21.13:52:48::SCWPlatform::Trying to open the hw design at /home/alexey/programming/systemverilog/ethernet_image_transfer/fpga/zynq_wrapper/hw/zynq_wrapper.xsa
TRACE::2026-09-21.13:52:48::SCWPlatform::DSA given /home/alexey/programming/systemverilog/ethernet_image_transfer/fpga/zynq_wrapper/hw/zynq_wrapper.xsa
TRACE::2026-09-21.13:52:48::SCWPlatform::DSA absoulate path /home/alexey/programming/systemverilog/ethernet_image_transfer/fpga/zynq_wrapper/hw/zynq_wrapper.xsa
TRACE::2026-09-21.13:52:51::SCWPlatform::DSA directory /home/alexey/programming/systemverilog/ethernet_image_transfer/fpga/zynq_wrapper/hw
TRACE::2026-09-21.13:52:51::SCWPlatform:: Platform Path /home/alexey/programming/systemverilog/ethernet_image_transfer/fpga/zynq_wrapper/hw/zynq_wrapper.xsa
TRACE::2026-09-21.13:52:51::SCWPlatform:: Unique name xilinx:::0.0
TRACE::2026-09-21.13:52:51::SCWPlatform::Do not have an existing db opened. 
TRACE::2026-09-21.13:52:52::SCWPlatform::Opened new HwDB with name zynq_wrapper_0
TRACE::2026-09-21.13:52:52::SCWWriter::formatted JSON is {
	"platformName":	"zynq_wrapper",
	"sprVersion":	"2.0",
	"mode":	"gui",
	"dsaType":	"Fixed",
	"platformDesc":	"zynq_wrapper",
	"platHandOff":	"<platformDir>.xsa",
	"platIntHandOff":	"<platformDir>/hw/zynq_wrapper.xsa",
	"deviceType":	"zynq",
	"platIsPrebuiltAutogen":	"false",
	"platIsNoBootBsp":	"false",
	"hasFsblMakeHasChanges":	"false",
	"hasPmufwMakeHasChanges":	"false",
	"platPreBuiltFlag":	false,
	"platformSamplesDir":	""
}
TRACE::2026-09-21.13:52:52::SCWWriter::formatted JSON is {
	"platformName":	"zynq_wrapper",
	"sprVersion":	"2.0",
	"mode":	"gui",
	"dsaType":	"Fixed",
	"platformDesc":	"zynq_wrapper",
	"platHandOff":	"<platformDir>.xsa",
	"platIntHandOff":	"<platformDir>/hw/zynq_wrapper.xsa",
	"deviceType":	"zynq",
	"platIsPrebuiltAutogen":	"false",
	"platIsNoBootBsp":	"false",
	"hasFsblMakeHasChanges":	"false",
	"hasPmufwMakeHasChanges":	"false",
	"platPreBuiltFlag":	false,
	"platformSamplesDir":	"",
	"platActiveSys":	"zynq_wrapper",
	"systems":	[{
			"systemName":	"zynq_wrapper",
			"systemDesc":	"zynq_wrapper",
			"sysIsBootAutoGen":	"true",
			"systemDispName":	"zynq_wrapper"
		}]
}
TRACE::2026-09-21.13:52:52::SCWPlatform::Boot application domains not present, creating them
TRACE::2026-09-21.13:52:52::SCWDomain::checking for install qemu data   : 
TRACE::2026-09-21.13:52:52::SCWDomain:: Using the QEMU Data from install at  : /home/alexey/Xilinx/Vitis/2020.2/data/emulation/platforms/zynq/sw/a9_standalone/qemu/
TRACE::2026-09-21.13:52:52::SCWDomain:: Using the QEMU args  from install at  : /home/alexey/Xilinx/Vitis/2020.2/data/emulation/platforms/zynq/sw/a9_standalone/qemu/qemu_args.txt
TRACE::2026-09-21.13:52:52::SCWPlatform::Trying to open the hw design at /home/alexey/programming/systemverilog/ethernet_image_transfer/fpga/zynq_wrapper/hw/zynq_wrapper.xsa
TRACE::2026-09-21.13:52:52::SCWPlatform::DSA given /home/alexey/programming/systemverilog/ethernet_image_transfer/fpga/zynq_wrapper/hw/zynq_wrapper.xsa
TRACE::2026-09-21.13:52:52::SCWPlatform::DSA absoulate path /home/alexey/programming/systemverilog/ethernet_image_transfer/fpga/zynq_wrapper/hw/zynq_wrapper.xsa
TRACE::2026-09-21.13:52:52::SCWPlatform::DSA directory /home/alexey/programming/systemverilog/ethernet_image_transfer/fpga/zynq_wrapper/hw
TRACE::2026-09-21.13:52:52::SCWPlatform:: Platform Path /home/alexey/programming/systemverilog/ethernet_image_transfer/fpga/zynq_wrapper/hw/zynq_wrapper.xsa
TRACE::2026-09-21.13:52:52::SCWPlatform:: Unique name xilinx:::0.0
TRACE::2026-09-21.13:52:52::SCWPlatform::Trying to set the existing hwdb with name zynq_wrapper_0
TRACE::2026-09-21.13:52:52::SCWPlatform::Opened existing hwdb zynq_wrapper_0
TRACE::2026-09-21.13:52:52::SCWPlatform::Found the Hw Db part of the input DSA
TRACE::2026-09-21.13:52:52::SCWPlatform::Trying to open the hw design at /home/alexey/programming/systemverilog/ethernet_image_transfer/fpga/zynq_wrapper/hw/zynq_wrapper.xsa
TRACE::2026-09-21.13:52:52::SCWPlatform::DSA given /home/alexey/programming/systemverilog/ethernet_image_transfer/fpga/zynq_wrapper/hw/zynq_wrapper.xsa
TRACE::2026-09-21.13:52:52::SCWPlatform::DSA absoulate path /home/alexey/programming/systemverilog/ethernet_image_transfer/fpga/zynq_wrapper/hw/zynq_wrapper.xsa
TRACE::2026-09-21.13:52:52::SCWPlatform::DSA directory /home/alexey/programming/systemverilog/ethernet_image_transfer/fpga/zynq_wrapper/hw
TRACE::2026-09-21.13:52:52::SCWPlatform:: Platform Path /home/alexey/programming/systemverilog/ethernet_image_transfer/fpga/zynq_wrapper/hw/zynq_wrapper.xsa
TRACE::2026-09-21.13:52:52::SCWPlatform:: Unique name xilinx:::0.0
TRACE::2026-09-21.13:52:52::SCWPlatform::Trying to set the existing hwdb with name zynq_wrapper_0
TRACE::2026-09-21.13:52:52::SCWPlatform::Opened existing hwdb zynq_wrapper_0
TRACE::2026-09-21.13:52:52::SCWPlatform::Found the Hw Db part of the input DSA
TRACE::2026-09-21.13:52:52::SCWPlatform::Trying to open the hw design at /home/alexey/programming/systemverilog/ethernet_image_transfer/fpga/zynq_wrapper/hw/zynq_wrapper.xsa
TRACE::2026-09-21.13:52:52::SCWPlatform::DSA given /home/alexey/programming/systemverilog/ethernet_image_transfer/fpga/zynq_wrapper/hw/zynq_wrapper.xsa
TRACE::2026-09-21.13:52:52::SCWPlatform::DSA absoulate path /home/alexey/programming/systemverilog/ethernet_image_transfer/fpga/zynq_wrapper/hw/zynq_wrapper.xsa
TRACE::2026-09-21.13:52:52::SCWPlatform::DSA directory /home/alexey/programming/systemverilog/ethernet_image_transfer/fpga/zynq_wrapper/hw
TRACE::2026-09-21.13:52:52::SCWPlatform:: Platform Path /home/alexey/programming/systemverilog/ethernet_image_transfer/fpga/zynq_wrapper/hw/zynq_wrapper.xsa
TRACE::2026-09-21.13:52:52::SCWPlatform:: Unique name xilinx:::0.0
TRACE::2026-09-21.13:52:52::SCWPlatform::Trying to set the existing hwdb with name zynq_wrapper_0
TRACE::2026-09-21.13:52:52::SCWPlatform::Opened existing hwdb zynq_wrapper_0
TRACE::2026-09-21.13:52:52::SCWPlatform::Found the Hw Db part of the input DSA
TRACE::2026-09-21.13:52:52::SCWPlatform::Boot application domain added for zynq_fsbl
TRACE::2026-09-21.13:52:52::SCWPlatform::Generating the sources  .
TRACE::2026-09-21.13:52:52::SCWBDomain::Generating boot domain sources.
TRACE::2026-09-21.13:52:52::SCWBDomain:: Generating the zynq_fsbl Application.
TRACE::2026-09-21.13:52:52::SCWPlatform::Trying to open the hw design at /home/alexey/programming/systemverilog/ethernet_image_transfer/fpga/zynq_wrapper/hw/zynq_wrapper.xsa
TRACE::2026-09-21.13:52:52::SCWPlatform::DSA given /home/alexey/programming/systemverilog/ethernet_image_transfer/fpga/zynq_wrapper/hw/zynq_wrapper.xsa
TRACE::2026-09-21.13:52:52::SCWPlatform::DSA absoulate path /home/alexey/programming/systemverilog/ethernet_image_transfer/fpga/zynq_wrapper/hw/zynq_wrapper.xsa
TRACE::2026-09-21.13:52:52::SCWPlatform::DSA directory /home/alexey/programming/systemverilog/ethernet_image_transfer/fpga/zynq_wrapper/hw
TRACE::2026-09-21.13:52:52::SCWPlatform:: Platform Path /home/alexey/programming/systemverilog/ethernet_image_transfer/fpga/zynq_wrapper/hw/zynq_wrapper.xsa
TRACE::2026-09-21.13:52:52::SCWPlatform:: Unique name xilinx:::0.0
TRACE::2026-09-21.13:52:52::SCWPlatform::Trying to set the existing hwdb with name zynq_wrapper_0
TRACE::2026-09-21.13:52:52::SCWPlatform::Opened existing hwdb zynq_wrapper_0
TRACE::2026-09-21.13:52:52::SCWPlatform::Found the Hw Db part of the input DSA
TRACE::2026-09-21.13:52:52::SCWMssOS::Checking the sw design at  /home/alexey/programming/systemverilog/ethernet_image_transfer/fpga/zynq_wrapper/zynq_fsbl/zynq_fsbl_bsp/system.mss
TRACE::2026-09-21.13:52:52::SCWMssOS::DEBUG:  swdes dump  
TRACE::2026-09-21.13:52:52::SCWMssOS::No sw design opened at  /home/alexey/programming/systemverilog/ethernet_image_transfer/fpga/zynq_wrapper/zynq_fsbl/zynq_fsbl_bsp/system.mss
TRACE::2026-09-21.13:52:52::SCWMssOS::mss does not exists at /home/alexey/programming/systemverilog/ethernet_image_transfer/fpga/zynq_wrapper/zynq_fsbl/zynq_fsbl_bsp/system.mss
TRACE::2026-09-21.13:52:52::SCWMssOS::Creating sw design at  /home/alexey/programming/systemverilog/ethernet_image_transfer/fpga/zynq_wrapper/zynq_fsbl/zynq_fsbl_bsp/system.mss
TRACE::2026-09-21.13:52:52::SCWMssOS::Adding the swdes entry, created swdb /home/alexey/programming/systemverilog/ethernet_image_transfer/fpga/zynq_wrapper/zynq_fsbl/zynq_fsbl_bsp/system.mss with des name /home/alexey/programming/systemverilog/ethernet_image_transfer/fpga/zynq_wrapper/zynq_fsbl/zynq_fsbl_bsp/system.mss
TRACE::2026-09-21.13:52:52::SCWMssOS::updating the scw layer changes to swdes at   /home/alexey/programming/systemverilog/ethernet_image_transfer/fpga/zynq_wrapper/zynq_fsbl/zynq_fsbl_bsp/system.mss
TRACE::2026-09-21.13:52:52::SCWMssOS::Writing mss at /home/alexey/programming/systemverilog/ethernet_image_transfer/fpga/zynq_wrapper/zynq_fsbl/zynq_fsbl_bsp/system.mss
TRACE::2026-09-21.13:52:52::SCWMssOS::Completed writing the mss file at /home/alexey/programming/systemverilog/ethernet_image_transfer/fpga/zynq_wrapper/zynq_fsbl/zynq_fsbl_bsp
TRACE::2026-09-21.13:52:52::SCWMssOS::Picking up changes from newly written mss file into SCW Layer. 
TRACE::2026-09-21.13:52:52::SCWMssOS::Updated the changes from newly written mss file into SCW Layer. 
TRACE::2026-09-21.13:52:52::SCWBDomain::Completed writing the mss file at /home/alexey/programming/systemverilog/ethernet_image_transfer/fpga/zynq_wrapper/zynq_fsbl/zynq_fsbl_bsp
TRACE::2026-09-21.13:52:57::SCWPlatform::Generating sources Done.
TRACE::2026-09-21.13:52:57::SCWPlatform::Trying to open the hw design at /home/alexey/programming/systemverilog/ethernet_image_transfer/fpga/zynq_wrapper/hw/zynq_wrapper.xsa
TRACE::2026-09-21.13:52:57::SCWPlatform::DSA given /home/alexey/programming/systemverilog/ethernet_image_transfer/fpga/zynq_wrapper/hw/zynq_wrapper.xsa
TRACE::2026-09-21.13:52:57::SCWPlatform::DSA absoulate path /home/alexey/programming/systemverilog/ethernet_image_transfer/fpga/zynq_wrapper/hw/zynq_wrapper.xsa
TRACE::2026-09-21.13:52:57::SCWPlatform::DSA directory /home/alexey/programming/systemverilog/ethernet_image_transfer/fpga/zynq_wrapper/hw
TRACE::2026-09-21.13:52:57::SCWPlatform:: Platform Path /home/alexey/programming/systemverilog/ethernet_image_transfer/fpga/zynq_wrapper/hw/zynq_wrapper.xsa
TRACE::2026-09-21.13:52:57::SCWPlatform:: Unique name xilinx:::0.0
TRACE::2026-09-21.13:52:57::SCWPlatform::Trying to set the existing hwdb with name zynq_wrapper_0
TRACE::2026-09-21.13:52:57::SCWPlatform::Opened existing hwdb zynq_wrapper_0
TRACE::2026-09-21.13:52:57::SCWPlatform::Found the Hw Db part of the input DSA
TRACE::2026-09-21.13:52:57::SCWMssOS::Checking the sw design at  /home/alexey/programming/systemverilog/ethernet_image_transfer/fpga/zynq_wrapper/zynq_fsbl/zynq_fsbl_bsp/system.mss
TRACE::2026-09-21.13:52:57::SCWMssOS::DEBUG:  swdes dump  /home/alexey/programming/systemverilog/ethernet_image_transfer/fpga/zynq_wrapper/zynq_fsbl/zynq_fsbl_bsp/system.mss|/home/alexey/programming/systemverilog/ethernet_image_transfer/fpga/zynq_wrapper/zynq_fsbl/zynq_fsbl_bsp/system.mss||

KEYINFO::2026-09-21.13:52:57::SCWMssOS::Could not open the swdb for /home/alexey/programming/systemverilog/ethernet_image_transfer/fpga/zynq_wrapper/zynq_fsbl/zynq_fsbl_bsp/system.mss
KEYINFO::2026-09-21.13:52:57::SCWMssOS::Could not open the sw design at  /home/alexey/programming/systemverilog/ethernet_image_transfer/fpga/zynq_wrapper/zynq_fsbl/zynq_fsbl_bsp/system.mss
ERROR: [Hsi 55-1558] Software Design /home/alexey/programming/systemverilog/ethernet_image_transfer/fpga/zynq_wrapper/zynq_fsbl/zynq_fsbl_bsp/system.mss is not found

TRACE::2026-09-21.13:52:57::SCWMssOS::Cleared the swdb table entry
TRACE::2026-09-21.13:52:57::SCWMssOS::No sw design opened at  /home/alexey/programming/systemverilog/ethernet_image_transfer/fpga/zynq_wrapper/zynq_fsbl/zynq_fsbl_bsp/system.mss
TRACE::2026-09-21.13:52:57::SCWMssOS::mss exists loading the mss file  /home/alexey/programming/systemverilog/ethernet_image_transfer/fpga/zynq_wrapper/zynq_fsbl/zynq_fsbl_bsp/system.mss
TRACE::2026-09-21.13:52:57::SCWMssOS::Opened the sw design from mss  /home/alexey/programming/systemverilog/ethernet_image_transfer/fpga/zynq_wrapper/zynq_fsbl/zynq_fsbl_bsp/system.mss
TRACE::2026-09-21.13:52:57::SCWMssOS::Adding the swdes entry /home/alexey/programming/systemverilog/ethernet_image_transfer/fpga/zynq_wrapper/zynq_fsbl/zynq_fsbl_bsp/system.mss with des name system
TRACE::2026-09-21.13:52:57::SCWMssOS::updating the scw layer about changes
TRACE::2026-09-21.13:52:57::SCWMssOS::Opened the sw design.  /home/alexey/programming/systemverilog/ethernet_image_transfer/fpga/zynq_wrapper/zynq_fsbl/zynq_fsbl_bsp/system.mss
TRACE::2026-09-21.13:52:57::SCWMssOS::Saving the mss changes /home/alexey/programming/systemverilog/ethernet_image_transfer/fpga/zynq_wrapper/zynq_fsbl/zynq_fsbl_bsp/system.mss
TRACE::2026-09-21.13:52:57::SCWMssOS::Found a swdesign opened with the mssfile.
TRACE::2026-09-21.13:52:57::SCWMssOS::Completed writemss as part of save.
TRACE::2026-09-21.13:52:57::SCWMssOS::Commit changes completed.
TRACE::2026-09-21.13:52:57::SCWPlatform::Trying to open the hw design at /home/alexey/programming/systemverilog/ethernet_image_transfer/fpga/zynq_wrapper/hw/zynq_wrapper.xsa
TRACE::2026-09-21.13:52:57::SCWPlatform::DSA given /home/alexey/programming/systemverilog/ethernet_image_transfer/fpga/zynq_wrapper/hw/zynq_wrapper.xsa
TRACE::2026-09-21.13:52:57::SCWPlatform::DSA absoulate path /home/alexey/programming/systemverilog/ethernet_image_transfer/fpga/zynq_wrapper/hw/zynq_wrapper.xsa
TRACE::2026-09-21.13:52:57::SCWPlatform::DSA directory /home/alexey/programming/systemverilog/ethernet_image_transfer/fpga/zynq_wrapper/hw
TRACE::2026-09-21.13:52:57::SCWPlatform:: Platform Path /home/alexey/programming/systemverilog/ethernet_image_transfer/fpga/zynq_wrapper/hw/zynq_wrapper.xsa
TRACE::2026-09-21.13:52:57::SCWPlatform:: Unique name xilinx:::0.0
TRACE::2026-09-21.13:52:57::SCWPlatform::Trying to set the existing hwdb with name zynq_wrapper_0
TRACE::2026-09-21.13:52:57::SCWPlatform::Opened existing hwdb zynq_wrapper_0
TRACE::2026-09-21.13:52:57::SCWPlatform::Found the Hw Db part of the input DSA
TRACE::2026-09-21.13:52:57::SCWMssOS::Checking the sw design at  /home/alexey/programming/systemverilog/ethernet_image_transfer/fpga/zynq_wrapper/zynq_fsbl/zynq_fsbl_bsp/system.mss
TRACE::2026-09-21.13:52:57::SCWMssOS::DEBUG:  swdes dump  /home/alexey/programming/systemverilog/ethernet_image_transfer/fpga/zynq_wrapper/zynq_fsbl/zynq_fsbl_bsp/system.mss|system||

TRACE::2026-09-21.13:52:57::SCWMssOS::Sw design exists and opened at  /home/alexey/programming/systemverilog/ethernet_image_transfer/fpga/zynq_wrapper/zynq_fsbl/zynq_fsbl_bsp/system.mss
TRACE::2026-09-21.13:52:57::SCWPlatform::Trying to open the hw design at /home/alexey/programming/systemverilog/ethernet_image_transfer/fpga/zynq_wrapper/hw/zynq_wrapper.xsa
TRACE::2026-09-21.13:52:57::SCWPlatform::DSA given /home/alexey/programming/systemverilog/ethernet_image_transfer/fpga/zynq_wrapper/hw/zynq_wrapper.xsa
TRACE::2026-09-21.13:52:57::SCWPlatform::DSA absoulate path /home/alexey/programming/systemverilog/ethernet_image_transfer/fpga/zynq_wrapper/hw/zynq_wrapper.xsa
TRACE::2026-09-21.13:52:57::SCWPlatform::DSA directory /home/alexey/programming/systemverilog/ethernet_image_transfer/fpga/zynq_wrapper/hw
TRACE::2026-09-21.13:52:57::SCWPlatform:: Platform Path /home/alexey/programming/systemverilog/ethernet_image_transfer/fpga/zynq_wrapper/hw/zynq_wrapper.xsa
TRACE::2026-09-21.13:52:57::SCWPlatform:: Unique name xilinx:::0.0
TRACE::2026-09-21.13:52:57::SCWPlatform::Trying to set the existing hwdb with name zynq_wrapper_0
TRACE::2026-09-21.13:52:57::SCWPlatform::Opened existing hwdb zynq_wrapper_0
TRACE::2026-09-21.13:52:57::SCWPlatform::Found the Hw Db part of the input DSA
TRACE::2026-09-21.13:52:57::SCWMssOS::Checking the sw design at  /home/alexey/programming/systemverilog/ethernet_image_transfer/fpga/zynq_wrapper/zynq_fsbl/zynq_fsbl_bsp/system.mss
TRACE::2026-09-21.13:52:57::SCWMssOS::DEBUG:  swdes dump  /home/alexey/programming/systemverilog/ethernet_image_transfer/fpga/zynq_wrapper/zynq_fsbl/zynq_fsbl_bsp/system.mss|system||

TRACE::2026-09-21.13:52:57::SCWMssOS::Sw design exists and opened at  /home/alexey/programming/systemverilog/ethernet_image_transfer/fpga/zynq_wrapper/zynq_fsbl/zynq_fsbl_bsp/system.mss
TRACE::2026-09-21.13:52:57::SCWPlatform::Trying to open the hw design at /home/alexey/programming/systemverilog/ethernet_image_transfer/fpga/zynq_wrapper/hw/zynq_wrapper.xsa
TRACE::2026-09-21.13:52:57::SCWPlatform::DSA given /home/alexey/programming/systemverilog/ethernet_image_transfer/fpga/zynq_wrapper/hw/zynq_wrapper.xsa
TRACE::2026-09-21.13:52:57::SCWPlatform::DSA absoulate path /home/alexey/programming/systemverilog/ethernet_image_transfer/fpga/zynq_wrapper/hw/zynq_wrapper.xsa
TRACE::2026-09-21.13:52:57::SCWPlatform::DSA directory /home/alexey/programming/systemverilog/ethernet_image_transfer/fpga/zynq_wrapper/hw
TRACE::2026-09-21.13:52:57::SCWPlatform:: Platform Path /home/alexey/programming/systemverilog/ethernet_image_transfer/fpga/zynq_wrapper/hw/zynq_wrapper.xsa
TRACE::2026-09-21.13:52:57::SCWPlatform:: Unique name xilinx:::0.0
TRACE::2026-09-21.13:52:57::SCWPlatform::Trying to set the existing hwdb with name zynq_wrapper_0
TRACE::2026-09-21.13:52:57::SCWPlatform::Opened existing hwdb zynq_wrapper_0
TRACE::2026-09-21.13:52:57::SCWPlatform::Found the Hw Db part of the input DSA
TRACE::2026-09-21.13:52:57::SCWMssOS::Checking the sw design at  /home/alexey/programming/systemverilog/ethernet_image_transfer/fpga/zynq_wrapper/zynq_fsbl/zynq_fsbl_bsp/system.mss
TRACE::2026-09-21.13:52:57::SCWMssOS::DEBUG:  swdes dump  /home/alexey/programming/systemverilog/ethernet_image_transfer/fpga/zynq_wrapper/zynq_fsbl/zynq_fsbl_bsp/system.mss|system||

TRACE::2026-09-21.13:52:57::SCWMssOS::Sw design exists and opened at  /home/alexey/programming/systemverilog/ethernet_image_transfer/fpga/zynq_wrapper/zynq_fsbl/zynq_fsbl_bsp/system.mss
TRACE::2026-09-21.13:52:57::SCWWriter::formatted JSON is {
	"platformName":	"zynq_wrapper",
	"sprVersion":	"2.0",
	"mode":	"gui",
	"dsaType":	"Fixed",
	"platformDesc":	"zynq_wrapper",
	"platHandOff":	"<platformDir>.xsa",
	"platIntHandOff":	"<platformDir>/hw/zynq_wrapper.xsa",
	"deviceType":	"zynq",
	"platIsPrebuiltAutogen":	"false",
	"platIsNoBootBsp":	"false",
	"platFsblTarget":	"ps7_cortexa9_0",
	"hasFsblMakeHasChanges":	"false",
	"hasPmufwMakeHasChanges":	"false",
	"fsblExtraCompilerFlags":	"-MMD -MP       -mcpu=cortex-a9 -mfpu=vfpv3 -mfloat-abi=hard ",
	"platPreBuiltFlag":	false,
	"platformSamplesDir":	"",
	"platActiveSys":	"zynq_wrapper",
	"systems":	[{
			"systemName":	"zynq_wrapper",
			"systemDesc":	"zynq_wrapper",
			"sysIsBootAutoGen":	"true",
			"systemDispName":	"zynq_wrapper",
			"sysActiveDom":	"zynq_fsbl",
			"sysDefaultDom":	"",
			"domains":	[{
					"domainName":	"zynq_fsbl",
					"domainDispName":	"zynq_fsbl",
					"domainDesc":	"FSBL Application BSP - Auto Generated.",
					"processors":	"ps7_cortexa9_0",
					"os":	"standalone",
					"sdxOs":	"standalone",
					"debugEnable":	"",
					"domRuntimes":	["cpp"],
					"swRepo":	"",
					"mssOsVer":	"7.3",
					"mssFile":	"",
					"md5Digest":	"856d2a8ebe5499b74b0113244d05658d",
					"compatibleApp":	"zynq_fsbl",
					"domType":	"bootDomain",
					"arch":	"32-bit",
					"appSettings":	{
						"appCompilerFlags":	"",
						"appLinkerFlags":	""
					},
					"addedLibs":	["xilffs:4.4", "xilrsa:1.6"],
					"libOptions":	{
						"libsContainingOptions":	[]
					},
					"prebuiltLibs":	{
						"prebuiltIncPath":	[],
						"prebuiltLibPath":	[]
					},
					"isolation":	{
					}
				}]
		}]
}
TRACE::2026-09-21.13:52:57::SCWMssOS::Saving the mss changes /home/alexey/programming/systemverilog/ethernet_image_transfer/fpga/zynq_wrapper/zynq_fsbl/zynq_fsbl_bsp/system.mss
TRACE::2026-09-21.13:52:57::SCWMssOS::Found a swdesign opened with the mssfile.
TRACE::2026-09-21.13:52:57::SCWMssOS::Completed writemss as part of save.
TRACE::2026-09-21.13:52:57::SCWMssOS::Commit changes completed.
TRACE::2026-09-21.13:52:57::SCWPlatform::Trying to open the hw design at /home/alexey/programming/systemverilog/ethernet_image_transfer/fpga/zynq_wrapper/hw/zynq_wrapper.xsa
TRACE::2026-09-21.13:52:57::SCWPlatform::DSA given /home/alexey/programming/systemverilog/ethernet_image_transfer/fpga/zynq_wrapper/hw/zynq_wrapper.xsa
TRACE::2026-09-21.13:52:57::SCWPlatform::DSA absoulate path /home/alexey/programming/systemverilog/ethernet_image_transfer/fpga/zynq_wrapper/hw/zynq_wrapper.xsa
TRACE::2026-09-21.13:52:57::SCWPlatform::DSA directory /home/alexey/programming/systemverilog/ethernet_image_transfer/fpga/zynq_wrapper/hw
TRACE::2026-09-21.13:52:57::SCWPlatform:: Platform Path /home/alexey/programming/systemverilog/ethernet_image_transfer/fpga/zynq_wrapper/hw/zynq_wrapper.xsa
TRACE::2026-09-21.13:52:57::SCWPlatform:: Unique name xilinx:::0.0
TRACE::2026-09-21.13:52:57::SCWPlatform::Trying to set the existing hwdb with name zynq_wrapper_0
TRACE::2026-09-21.13:52:57::SCWPlatform::Opened existing hwdb zynq_wrapper_0
TRACE::2026-09-21.13:52:57::SCWPlatform::Found the Hw Db part of the input DSA
TRACE::2026-09-21.13:52:57::SCWMssOS::Checking the sw design at  /home/alexey/programming/systemverilog/ethernet_image_transfer/fpga/zynq_wrapper/zynq_fsbl/zynq_fsbl_bsp/system.mss
TRACE::2026-09-21.13:52:57::SCWMssOS::DEBUG:  swdes dump  /home/alexey/programming/systemverilog/ethernet_image_transfer/fpga/zynq_wrapper/zynq_fsbl/zynq_fsbl_bsp/system.mss|system||

TRACE::2026-09-21.13:52:57::SCWMssOS::Sw design exists and opened at  /home/alexey/programming/systemverilog/ethernet_image_transfer/fpga/zynq_wrapper/zynq_fsbl/zynq_fsbl_bsp/system.mss
TRACE::2026-09-21.13:52:57::SCWPlatform::Trying to open the hw design at /home/alexey/programming/systemverilog/ethernet_image_transfer/fpga/zynq_wrapper/hw/zynq_wrapper.xsa
TRACE::2026-09-21.13:52:57::SCWPlatform::DSA given /home/alexey/programming/systemverilog/ethernet_image_transfer/fpga/zynq_wrapper/hw/zynq_wrapper.xsa
TRACE::2026-09-21.13:52:57::SCWPlatform::DSA absoulate path /home/alexey/programming/systemverilog/ethernet_image_transfer/fpga/zynq_wrapper/hw/zynq_wrapper.xsa
TRACE::2026-09-21.13:52:57::SCWPlatform::DSA directory /home/alexey/programming/systemverilog/ethernet_image_transfer/fpga/zynq_wrapper/hw
TRACE::2026-09-21.13:52:57::SCWPlatform:: Platform Path /home/alexey/programming/systemverilog/ethernet_image_transfer/fpga/zynq_wrapper/hw/zynq_wrapper.xsa
TRACE::2026-09-21.13:52:57::SCWPlatform:: Unique name xilinx:::0.0
TRACE::2026-09-21.13:52:57::SCWPlatform::Trying to set the existing hwdb with name zynq_wrapper_0
TRACE::2026-09-21.13:52:57::SCWPlatform::Opened existing hwdb zynq_wrapper_0
TRACE::2026-09-21.13:52:57::SCWPlatform::Found the Hw Db part of the input DSA
TRACE::2026-09-21.13:52:57::SCWMssOS::Checking the sw design at  /home/alexey/programming/systemverilog/ethernet_image_transfer/fpga/zynq_wrapper/zynq_fsbl/zynq_fsbl_bsp/system.mss
TRACE::2026-09-21.13:52:57::SCWMssOS::DEBUG:  swdes dump  /home/alexey/programming/systemverilog/ethernet_image_transfer/fpga/zynq_wrapper/zynq_fsbl/zynq_fsbl_bsp/system.mss|system||

TRACE::2026-09-21.13:52:57::SCWMssOS::Sw design exists and opened at  /home/alexey/programming/systemverilog/ethernet_image_transfer/fpga/zynq_wrapper/zynq_fsbl/zynq_fsbl_bsp/system.mss
TRACE::2026-09-21.13:52:57::SCWPlatform::Trying to open the hw design at /home/alexey/programming/systemverilog/ethernet_image_transfer/fpga/zynq_wrapper/hw/zynq_wrapper.xsa
TRACE::2026-09-21.13:52:57::SCWPlatform::DSA given /home/alexey/programming/systemverilog/ethernet_image_transfer/fpga/zynq_wrapper/hw/zynq_wrapper.xsa
TRACE::2026-09-21.13:52:57::SCWPlatform::DSA absoulate path /home/alexey/programming/systemverilog/ethernet_image_transfer/fpga/zynq_wrapper/hw/zynq_wrapper.xsa
TRACE::2026-09-21.13:52:57::SCWPlatform::DSA directory /home/alexey/programming/systemverilog/ethernet_image_transfer/fpga/zynq_wrapper/hw
TRACE::2026-09-21.13:52:57::SCWPlatform:: Platform Path /home/alexey/programming/systemverilog/ethernet_image_transfer/fpga/zynq_wrapper/hw/zynq_wrapper.xsa
TRACE::2026-09-21.13:52:57::SCWPlatform:: Unique name xilinx:::0.0
TRACE::2026-09-21.13:52:57::SCWPlatform::Trying to set the existing hwdb with name zynq_wrapper_0
TRACE::2026-09-21.13:52:57::SCWPlatform::Opened existing hwdb zynq_wrapper_0
TRACE::2026-09-21.13:52:57::SCWPlatform::Found the Hw Db part of the input DSA
TRACE::2026-09-21.13:52:57::SCWMssOS::Checking the sw design at  /home/alexey/programming/systemverilog/ethernet_image_transfer/fpga/zynq_wrapper/zynq_fsbl/zynq_fsbl_bsp/system.mss
TRACE::2026-09-21.13:52:57::SCWMssOS::DEBUG:  swdes dump  /home/alexey/programming/systemverilog/ethernet_image_transfer/fpga/zynq_wrapper/zynq_fsbl/zynq_fsbl_bsp/system.mss|system||

TRACE::2026-09-21.13:52:57::SCWMssOS::Sw design exists and opened at  /home/alexey/programming/systemverilog/ethernet_image_transfer/fpga/zynq_wrapper/zynq_fsbl/zynq_fsbl_bsp/system.mss
TRACE::2026-09-21.13:52:57::SCWWriter::formatted JSON is {
	"platformName":	"zynq_wrapper",
	"sprVersion":	"2.0",
	"mode":	"gui",
	"dsaType":	"Fixed",
	"platformDesc":	"zynq_wrapper",
	"platHandOff":	"<platformDir>.xsa",
	"platIntHandOff":	"<platformDir>/hw/zynq_wrapper.xsa",
	"deviceType":	"zynq",
	"platIsPrebuiltAutogen":	"false",
	"platIsNoBootBsp":	"false",
	"platFsblTarget":	"ps7_cortexa9_0",
	"hasFsblMakeHasChanges":	"false",
	"hasPmufwMakeHasChanges":	"false",
	"fsblExtraCompilerFlags":	"-MMD -MP       -mcpu=cortex-a9 -mfpu=vfpv3 -mfloat-abi=hard ",
	"platPreBuiltFlag":	false,
	"platformSamplesDir":	"",
	"platActiveSys":	"zynq_wrapper",
	"systems":	[{
			"systemName":	"zynq_wrapper",
			"systemDesc":	"zynq_wrapper",
			"sysIsBootAutoGen":	"true",
			"systemDispName":	"zynq_wrapper",
			"sysActiveDom":	"zynq_fsbl",
			"sysDefaultDom":	"",
			"domains":	[{
					"domainName":	"zynq_fsbl",
					"domainDispName":	"zynq_fsbl",
					"domainDesc":	"FSBL Application BSP - Auto Generated.",
					"processors":	"ps7_cortexa9_0",
					"os":	"standalone",
					"sdxOs":	"standalone",
					"debugEnable":	"",
					"domRuntimes":	["cpp"],
					"swRepo":	"",
					"mssOsVer":	"7.3",
					"mssFile":	"",
					"md5Digest":	"856d2a8ebe5499b74b0113244d05658d",
					"compatibleApp":	"zynq_fsbl",
					"domType":	"bootDomain",
					"arch":	"32-bit",
					"appSettings":	{
						"appCompilerFlags":	"",
						"appLinkerFlags":	""
					},
					"addedLibs":	["xilffs:4.4", "xilrsa:1.6"],
					"libOptions":	{
						"libsContainingOptions":	[]
					},
					"prebuiltLibs":	{
						"prebuiltIncPath":	[],
						"prebuiltLibPath":	[]
					},
					"isolation":	{
					}
				}]
		}]
}
TRACE::2026-09-21.13:52:57::SCWDomain::checking for install qemu data   : 
TRACE::2026-09-21.13:52:57::SCWDomain:: Using the QEMU Data from install at  : /home/alexey/Xilinx/Vitis/2020.2/data/emulation/platforms/zynq/sw/a9_standalone/qemu/
TRACE::2026-09-21.13:52:57::SCWDomain:: Using the QEMU args  from install at  : /home/alexey/Xilinx/Vitis/2020.2/data/emulation/platforms/zynq/sw/a9_standalone/qemu/qemu_args.txt
TRACE::2026-09-21.13:52:57::SCWPlatform::Trying to open the hw design at /home/alexey/programming/systemverilog/ethernet_image_transfer/fpga/zynq_wrapper/hw/zynq_wrapper.xsa
TRACE::2026-09-21.13:52:57::SCWPlatform::DSA given /home/alexey/programming/systemverilog/ethernet_image_transfer/fpga/zynq_wrapper/hw/zynq_wrapper.xsa
TRACE::2026-09-21.13:52:57::SCWPlatform::DSA absoulate path /home/alexey/programming/systemverilog/ethernet_image_transfer/fpga/zynq_wrapper/hw/zynq_wrapper.xsa
TRACE::2026-09-21.13:52:57::SCWPlatform::DSA directory /home/alexey/programming/systemverilog/ethernet_image_transfer/fpga/zynq_wrapper/hw
TRACE::2026-09-21.13:52:57::SCWPlatform:: Platform Path /home/alexey/programming/systemverilog/ethernet_image_transfer/fpga/zynq_wrapper/hw/zynq_wrapper.xsa
TRACE::2026-09-21.13:52:57::SCWPlatform:: Unique name xilinx:::0.0
TRACE::2026-09-21.13:52:57::SCWPlatform::Trying to set the existing hwdb with name zynq_wrapper_0
TRACE::2026-09-21.13:52:57::SCWPlatform::Opened existing hwdb zynq_wrapper_0
TRACE::2026-09-21.13:52:57::SCWPlatform::Found the Hw Db part of the input DSA
TRACE::2026-09-21.13:52:57::SCWPlatform::Trying to open the hw design at /home/alexey/programming/systemverilog/ethernet_image_transfer/fpga/zynq_wrapper/hw/zynq_wrapper.xsa
TRACE::2026-09-21.13:52:57::SCWPlatform::DSA given /home/alexey/programming/systemverilog/ethernet_image_transfer/fpga/zynq_wrapper/hw/zynq_wrapper.xsa
TRACE::2026-09-21.13:52:57::SCWPlatform::DSA absoulate path /home/alexey/programming/systemverilog/ethernet_image_transfer/fpga/zynq_wrapper/hw/zynq_wrapper.xsa
TRACE::2026-09-21.13:52:57::SCWPlatform::DSA directory /home/alexey/programming/systemverilog/ethernet_image_transfer/fpga/zynq_wrapper/hw
TRACE::2026-09-21.13:52:57::SCWPlatform:: Platform Path /home/alexey/programming/systemverilog/ethernet_image_transfer/fpga/zynq_wrapper/hw/zynq_wrapper.xsa
TRACE::2026-09-21.13:52:57::SCWPlatform:: Unique name xilinx:::0.0
TRACE::2026-09-21.13:52:57::SCWPlatform::Trying to set the existing hwdb with name zynq_wrapper_0
TRACE::2026-09-21.13:52:57::SCWPlatform::Opened existing hwdb zynq_wrapper_0
TRACE::2026-09-21.13:52:57::SCWPlatform::Found the Hw Db part of the input DSA
TRACE::2026-09-21.13:52:57::SCWPlatform::Trying to open the hw design at /home/alexey/programming/systemverilog/ethernet_image_transfer/fpga/zynq_wrapper/hw/zynq_wrapper.xsa
TRACE::2026-09-21.13:52:57::SCWPlatform::DSA given /home/alexey/programming/systemverilog/ethernet_image_transfer/fpga/zynq_wrapper/hw/zynq_wrapper.xsa
TRACE::2026-09-21.13:52:57::SCWPlatform::DSA absoulate path /home/alexey/programming/systemverilog/ethernet_image_transfer/fpga/zynq_wrapper/hw/zynq_wrapper.xsa
TRACE::2026-09-21.13:52:57::SCWPlatform::DSA directory /home/alexey/programming/systemverilog/ethernet_image_transfer/fpga/zynq_wrapper/hw
TRACE::2026-09-21.13:52:57::SCWPlatform:: Platform Path /home/alexey/programming/systemverilog/ethernet_image_transfer/fpga/zynq_wrapper/hw/zynq_wrapper.xsa
TRACE::2026-09-21.13:52:57::SCWPlatform:: Unique name xilinx:::0.0
TRACE::2026-09-21.13:52:57::SCWPlatform::Trying to set the existing hwdb with name zynq_wrapper_0
TRACE::2026-09-21.13:52:57::SCWPlatform::Opened existing hwdb zynq_wrapper_0
TRACE::2026-09-21.13:52:57::SCWPlatform::Found the Hw Db part of the input DSA
TRACE::2026-09-21.13:52:57::SCWMssOS::Checking the sw design at  /home/alexey/programming/systemverilog/ethernet_image_transfer/fpga/zynq_wrapper/ps7_cortexa9_0/standalone_ps7_cortexa9_0/bsp/system.mss
TRACE::2026-09-21.13:52:57::SCWMssOS::DEBUG:  swdes dump  /home/alexey/programming/systemverilog/ethernet_image_transfer/fpga/zynq_wrapper/zynq_fsbl/zynq_fsbl_bsp/system.mss|system||

TRACE::2026-09-21.13:52:57::SCWMssOS::No sw design opened at  /home/alexey/programming/systemverilog/ethernet_image_transfer/fpga/zynq_wrapper/ps7_cortexa9_0/standalone_ps7_cortexa9_0/bsp/system.mss
TRACE::2026-09-21.13:52:57::SCWMssOS::mss does not exists at /home/alexey/programming/systemverilog/ethernet_image_transfer/fpga/zynq_wrapper/ps7_cortexa9_0/standalone_ps7_cortexa9_0/bsp/system.mss
TRACE::2026-09-21.13:52:57::SCWMssOS::Creating sw design at  /home/alexey/programming/systemverilog/ethernet_image_transfer/fpga/zynq_wrapper/ps7_cortexa9_0/standalone_ps7_cortexa9_0/bsp/system.mss
TRACE::2026-09-21.13:52:57::SCWMssOS::Adding the swdes entry, created swdb /home/alexey/programming/systemverilog/ethernet_image_transfer/fpga/zynq_wrapper/ps7_cortexa9_0/standalone_ps7_cortexa9_0/bsp/system.mss with des name /home/alexey/programming/systemverilog/ethernet_image_transfer/fpga/zynq_wrapper/ps7_cortexa9_0/standalone_ps7_cortexa9_0/bsp/system.mss
TRACE::2026-09-21.13:52:57::SCWMssOS::updating the scw layer changes to swdes at   /home/alexey/programming/systemverilog/ethernet_image_transfer/fpga/zynq_wrapper/ps7_cortexa9_0/standalone_ps7_cortexa9_0/bsp/system.mss
TRACE::2026-09-21.13:52:57::SCWMssOS::Writing mss at /home/alexey/programming/systemverilog/ethernet_image_transfer/fpga/zynq_wrapper/ps7_cortexa9_0/standalone_ps7_cortexa9_0/bsp/system.mss
TRACE::2026-09-21.13:52:57::SCWMssOS::Completed writing the mss file at /home/alexey/programming/systemverilog/ethernet_image_transfer/fpga/zynq_wrapper/ps7_cortexa9_0/standalone_ps7_cortexa9_0/bsp
TRACE::2026-09-21.13:52:57::SCWMssOS::Picking up changes from newly written mss file into SCW Layer. 
TRACE::2026-09-21.13:52:57::SCWMssOS::Updated the changes from newly written mss file into SCW Layer. 
TRACE::2026-09-21.13:52:57::SCWMssOS::Completed writing the mss file at /home/alexey/programming/systemverilog/ethernet_image_transfer/fpga/zynq_wrapper/ps7_cortexa9_0/standalone_ps7_cortexa9_0/bsp
TRACE::2026-09-21.13:52:57::SCWMssOS::Forcing BSP Sources regeneration.
TRACE::2026-09-21.13:52:58::SCWMssOS::Saving the mss changes /home/alexey/programming/systemverilog/ethernet_image_transfer/fpga/zynq_wrapper/zynq_fsbl/zynq_fsbl_bsp/system.mss
TRACE::2026-09-21.13:52:58::SCWMssOS::Found a swdesign opened with the mssfile.
TRACE::2026-09-21.13:52:58::SCWMssOS::Completed writemss as part of save.
TRACE::2026-09-21.13:52:58::SCWMssOS::Commit changes completed.
TRACE::2026-09-21.13:52:58::SCWMssOS::Saving the mss changes /home/alexey/programming/systemverilog/ethernet_image_transfer/fpga/zynq_wrapper/ps7_cortexa9_0/standalone_ps7_cortexa9_0/bsp/system.mss
TRACE::2026-09-21.13:52:58::SCWMssOS::Found a swdesign opened with the mssfile.
TRACE::2026-09-21.13:52:58::SCWMssOS::Running validate of swdbs.
KEYINFO::2026-09-21.13:52:58::SCWMssOS::Could not open the swdb for /home/alexey/programming/systemverilog/ethernet_image_transfer/fpga/zynq_wrapper/ps7_cortexa9_0/standalone_ps7_cortexa9_0/bsp/system.mss
KEYINFO::2026-09-21.13:52:58::SCWMssOS::Could not open the sw design at  /home/alexey/programming/systemverilog/ethernet_image_transfer/fpga/zynq_wrapper/ps7_cortexa9_0/standalone_ps7_cortexa9_0/bsp/system.mss
ERROR: [Hsi 55-1558] Software Design /home/alexey/programming/systemverilog/ethernet_image_transfer/fpga/zynq_wrapper/ps7_cortexa9_0/standalone_ps7_cortexa9_0/bsp/system.mss is not found

TRACE::2026-09-21.13:52:58::SCWMssOS::Cleared the swdb table entry
TRACE::2026-09-21.13:52:58::SCWMssOS::Adding the swdes entry, mss present, able to open swdb /home/alexey/programming/systemverilog/ethernet_image_transfer/fpga/zynq_wrapper/ps7_cortexa9_0/standalone_ps7_cortexa9_0/bsp/system.mss with des name system_0
TRACE::2026-09-21.13:52:58::SCWMssOS::Writing the mss file completed /home/alexey/programming/systemverilog/ethernet_image_transfer/fpga/zynq_wrapper/ps7_cortexa9_0/standalone_ps7_cortexa9_0/bsp/system.mss
TRACE::2026-09-21.13:52:58::SCWMssOS::Commit changes completed.
TRACE::2026-09-21.13:52:58::SCWPlatform::Trying to open the hw design at /home/alexey/programming/systemverilog/ethernet_image_transfer/fpga/zynq_wrapper/hw/zynq_wrapper.xsa
TRACE::2026-09-21.13:52:58::SCWPlatform::DSA given /home/alexey/programming/systemverilog/ethernet_image_transfer/fpga/zynq_wrapper/hw/zynq_wrapper.xsa
TRACE::2026-09-21.13:52:58::SCWPlatform::DSA absoulate path /home/alexey/programming/systemverilog/ethernet_image_transfer/fpga/zynq_wrapper/hw/zynq_wrapper.xsa
TRACE::2026-09-21.13:52:58::SCWPlatform::DSA directory /home/alexey/programming/systemverilog/ethernet_image_transfer/fpga/zynq_wrapper/hw
TRACE::2026-09-21.13:52:58::SCWPlatform:: Platform Path /home/alexey/programming/systemverilog/ethernet_image_transfer/fpga/zynq_wrapper/hw/zynq_wrapper.xsa
TRACE::2026-09-21.13:52:58::SCWPlatform:: Unique name xilinx:::0.0
TRACE::2026-09-21.13:52:58::SCWPlatform::Trying to set the existing hwdb with name zynq_wrapper_0
TRACE::2026-09-21.13:52:58::SCWPlatform::Opened existing hwdb zynq_wrapper_0
TRACE::2026-09-21.13:52:58::SCWPlatform::Found the Hw Db part of the input DSA
TRACE::2026-09-21.13:52:58::SCWMssOS::Checking the sw design at  /home/alexey/programming/systemverilog/ethernet_image_transfer/fpga/zynq_wrapper/zynq_fsbl/zynq_fsbl_bsp/system.mss
TRACE::2026-09-21.13:52:58::SCWMssOS::DEBUG:  swdes dump  /home/alexey/programming/systemverilog/ethernet_image_transfer/fpga/zynq_wrapper/ps7_cortexa9_0/standalone_ps7_cortexa9_0/bsp/system.mss|system_0||
/home/alexey/programming/systemverilog/ethernet_image_transfer/fpga/zynq_wrapper/zynq_fsbl/zynq_fsbl_bsp/system.mss|system||

TRACE::2026-09-21.13:52:58::SCWMssOS::Sw design exists and opened at  /home/alexey/programming/systemverilog/ethernet_image_transfer/fpga/zynq_wrapper/zynq_fsbl/zynq_fsbl_bsp/system.mss
TRACE::2026-09-21.13:52:58::SCWPlatform::Trying to open the hw design at /home/alexey/programming/systemverilog/ethernet_image_transfer/fpga/zynq_wrapper/hw/zynq_wrapper.xsa
TRACE::2026-09-21.13:52:58::SCWPlatform::DSA given /home/alexey/programming/systemverilog/ethernet_image_transfer/fpga/zynq_wrapper/hw/zynq_wrapper.xsa
TRACE::2026-09-21.13:52:58::SCWPlatform::DSA absoulate path /home/alexey/programming/systemverilog/ethernet_image_transfer/fpga/zynq_wrapper/hw/zynq_wrapper.xsa
TRACE::2026-09-21.13:52:58::SCWPlatform::DSA directory /home/alexey/programming/systemverilog/ethernet_image_transfer/fpga/zynq_wrapper/hw
TRACE::2026-09-21.13:52:58::SCWPlatform:: Platform Path /home/alexey/programming/systemverilog/ethernet_image_transfer/fpga/zynq_wrapper/hw/zynq_wrapper.xsa
TRACE::2026-09-21.13:52:58::SCWPlatform:: Unique name xilinx:::0.0
TRACE::2026-09-21.13:52:58::SCWPlatform::Trying to set the existing hwdb with name zynq_wrapper_0
TRACE::2026-09-21.13:52:58::SCWPlatform::Opened existing hwdb zynq_wrapper_0
TRACE::2026-09-21.13:52:58::SCWPlatform::Found the Hw Db part of the input DSA
TRACE::2026-09-21.13:52:58::SCWMssOS::Checking the sw design at  /home/alexey/programming/systemverilog/ethernet_image_transfer/fpga/zynq_wrapper/zynq_fsbl/zynq_fsbl_bsp/system.mss
TRACE::2026-09-21.13:52:58::SCWMssOS::DEBUG:  swdes dump  /home/alexey/programming/systemverilog/ethernet_image_transfer/fpga/zynq_wrapper/ps7_cortexa9_0/standalone_ps7_cortexa9_0/bsp/system.mss|system_0||
/home/alexey/programming/systemverilog/ethernet_image_transfer/fpga/zynq_wrapper/zynq_fsbl/zynq_fsbl_bsp/system.mss|system||

TRACE::2026-09-21.13:52:58::SCWMssOS::Sw design exists and opened at  /home/alexey/programming/systemverilog/ethernet_image_transfer/fpga/zynq_wrapper/zynq_fsbl/zynq_fsbl_bsp/system.mss
TRACE::2026-09-21.13:52:58::SCWPlatform::Trying to open the hw design at /home/alexey/programming/systemverilog/ethernet_image_transfer/fpga/zynq_wrapper/hw/zynq_wrapper.xsa
TRACE::2026-09-21.13:52:58::SCWPlatform::DSA given /home/alexey/programming/systemverilog/ethernet_image_transfer/fpga/zynq_wrapper/hw/zynq_wrapper.xsa
TRACE::2026-09-21.13:52:58::SCWPlatform::DSA absoulate path /home/alexey/programming/systemverilog/ethernet_image_transfer/fpga/zynq_wrapper/hw/zynq_wrapper.xsa
TRACE::2026-09-21.13:52:58::SCWPlatform::DSA directory /home/alexey/programming/systemverilog/ethernet_image_transfer/fpga/zynq_wrapper/hw
TRACE::2026-09-21.13:52:58::SCWPlatform:: Platform Path /home/alexey/programming/systemverilog/ethernet_image_transfer/fpga/zynq_wrapper/hw/zynq_wrapper.xsa
TRACE::2026-09-21.13:52:58::SCWPlatform:: Unique name xilinx:::0.0
TRACE::2026-09-21.13:52:58::SCWPlatform::Trying to set the existing hwdb with name zynq_wrapper_0
TRACE::2026-09-21.13:52:58::SCWPlatform::Opened existing hwdb zynq_wrapper_0
TRACE::2026-09-21.13:52:58::SCWPlatform::Found the Hw Db part of the input DSA
TRACE::2026-09-21.13:52:58::SCWMssOS::Checking the sw design at  /home/alexey/programming/systemverilog/ethernet_image_transfer/fpga/zynq_wrapper/zynq_fsbl/zynq_fsbl_bsp/system.mss
TRACE::2026-09-21.13:52:58::SCWMssOS::DEBUG:  swdes dump  /home/alexey/programming/systemverilog/ethernet_image_transfer/fpga/zynq_wrapper/ps7_cortexa9_0/standalone_ps7_cortexa9_0/bsp/system.mss|system_0||
/home/alexey/programming/systemverilog/ethernet_image_transfer/fpga/zynq_wrapper/zynq_fsbl/zynq_fsbl_bsp/system.mss|system||

TRACE::2026-09-21.13:52:58::SCWMssOS::Sw design exists and opened at  /home/alexey/programming/systemverilog/ethernet_image_transfer/fpga/zynq_wrapper/zynq_fsbl/zynq_fsbl_bsp/system.mss
TRACE::2026-09-21.13:52:58::SCWPlatform::Trying to open the hw design at /home/alexey/programming/systemverilog/ethernet_image_transfer/fpga/zynq_wrapper/hw/zynq_wrapper.xsa
TRACE::2026-09-21.13:52:58::SCWPlatform::DSA given /home/alexey/programming/systemverilog/ethernet_image_transfer/fpga/zynq_wrapper/hw/zynq_wrapper.xsa
TRACE::2026-09-21.13:52:58::SCWPlatform::DSA absoulate path /home/alexey/programming/systemverilog/ethernet_image_transfer/fpga/zynq_wrapper/hw/zynq_wrapper.xsa
TRACE::2026-09-21.13:52:58::SCWPlatform::DSA directory /home/alexey/programming/systemverilog/ethernet_image_transfer/fpga/zynq_wrapper/hw
TRACE::2026-09-21.13:52:58::SCWPlatform:: Platform Path /home/alexey/programming/systemverilog/ethernet_image_transfer/fpga/zynq_wrapper/hw/zynq_wrapper.xsa
TRACE::2026-09-21.13:52:58::SCWPlatform:: Unique name xilinx:::0.0
TRACE::2026-09-21.13:52:58::SCWPlatform::Trying to set the existing hwdb with name zynq_wrapper_0
TRACE::2026-09-21.13:52:58::SCWPlatform::Opened existing hwdb zynq_wrapper_0
TRACE::2026-09-21.13:52:58::SCWPlatform::Found the Hw Db part of the input DSA
TRACE::2026-09-21.13:52:58::SCWMssOS::Checking the sw design at  /home/alexey/programming/systemverilog/ethernet_image_transfer/fpga/zynq_wrapper/ps7_cortexa9_0/standalone_ps7_cortexa9_0/bsp/system.mss
TRACE::2026-09-21.13:52:58::SCWMssOS::DEBUG:  swdes dump  /home/alexey/programming/systemverilog/ethernet_image_transfer/fpga/zynq_wrapper/ps7_cortexa9_0/standalone_ps7_cortexa9_0/bsp/system.mss|system_0||
/home/alexey/programming/systemverilog/ethernet_image_transfer/fpga/zynq_wrapper/zynq_fsbl/zynq_fsbl_bsp/system.mss|system||

TRACE::2026-09-21.13:52:58::SCWMssOS::Sw design exists and opened at  /home/alexey/programming/systemverilog/ethernet_image_transfer/fpga/zynq_wrapper/ps7_cortexa9_0/standalone_ps7_cortexa9_0/bsp/system.mss
TRACE::2026-09-21.13:52:58::SCWPlatform::Trying to open the hw design at /home/alexey/programming/systemverilog/ethernet_image_transfer/fpga/zynq_wrapper/hw/zynq_wrapper.xsa
TRACE::2026-09-21.13:52:58::SCWPlatform::DSA given /home/alexey/programming/systemverilog/ethernet_image_transfer/fpga/zynq_wrapper/hw/zynq_wrapper.xsa
TRACE::2026-09-21.13:52:58::SCWPlatform::DSA absoulate path /home/alexey/programming/systemverilog/ethernet_image_transfer/fpga/zynq_wrapper/hw/zynq_wrapper.xsa
TRACE::2026-09-21.13:52:58::SCWPlatform::DSA directory /home/alexey/programming/systemverilog/ethernet_image_transfer/fpga/zynq_wrapper/hw
TRACE::2026-09-21.13:52:58::SCWPlatform:: Platform Path /home/alexey/programming/systemverilog/ethernet_image_transfer/fpga/zynq_wrapper/hw/zynq_wrapper.xsa
TRACE::2026-09-21.13:52:58::SCWPlatform:: Unique name xilinx:::0.0
TRACE::2026-09-21.13:52:58::SCWPlatform::Trying to set the existing hwdb with name zynq_wrapper_0
TRACE::2026-09-21.13:52:58::SCWPlatform::Opened existing hwdb zynq_wrapper_0
TRACE::2026-09-21.13:52:58::SCWPlatform::Found the Hw Db part of the input DSA
TRACE::2026-09-21.13:52:58::SCWMssOS::Checking the sw design at  /home/alexey/programming/systemverilog/ethernet_image_transfer/fpga/zynq_wrapper/ps7_cortexa9_0/standalone_ps7_cortexa9_0/bsp/system.mss
TRACE::2026-09-21.13:52:58::SCWMssOS::DEBUG:  swdes dump  /home/alexey/programming/systemverilog/ethernet_image_transfer/fpga/zynq_wrapper/ps7_cortexa9_0/standalone_ps7_cortexa9_0/bsp/system.mss|system_0||
/home/alexey/programming/systemverilog/ethernet_image_transfer/fpga/zynq_wrapper/zynq_fsbl/zynq_fsbl_bsp/system.mss|system||

TRACE::2026-09-21.13:52:58::SCWMssOS::Sw design exists and opened at  /home/alexey/programming/systemverilog/ethernet_image_transfer/fpga/zynq_wrapper/ps7_cortexa9_0/standalone_ps7_cortexa9_0/bsp/system.mss
TRACE::2026-09-21.13:52:58::SCWPlatform::Trying to open the hw design at /home/alexey/programming/systemverilog/ethernet_image_transfer/fpga/zynq_wrapper/hw/zynq_wrapper.xsa
TRACE::2026-09-21.13:52:58::SCWPlatform::DSA given /home/alexey/programming/systemverilog/ethernet_image_transfer/fpga/zynq_wrapper/hw/zynq_wrapper.xsa
TRACE::2026-09-21.13:52:58::SCWPlatform::DSA absoulate path /home/alexey/programming/systemverilog/ethernet_image_transfer/fpga/zynq_wrapper/hw/zynq_wrapper.xsa
TRACE::2026-09-21.13:52:58::SCWPlatform::DSA directory /home/alexey/programming/systemverilog/ethernet_image_transfer/fpga/zynq_wrapper/hw
TRACE::2026-09-21.13:52:58::SCWPlatform:: Platform Path /home/alexey/programming/systemverilog/ethernet_image_transfer/fpga/zynq_wrapper/hw/zynq_wrapper.xsa
TRACE::2026-09-21.13:52:58::SCWPlatform:: Unique name xilinx:::0.0
TRACE::2026-09-21.13:52:58::SCWPlatform::Trying to set the existing hwdb with name zynq_wrapper_0
TRACE::2026-09-21.13:52:58::SCWPlatform::Opened existing hwdb zynq_wrapper_0
TRACE::2026-09-21.13:52:58::SCWPlatform::Found the Hw Db part of the input DSA
TRACE::2026-09-21.13:52:58::SCWMssOS::Checking the sw design at  /home/alexey/programming/systemverilog/ethernet_image_transfer/fpga/zynq_wrapper/ps7_cortexa9_0/standalone_ps7_cortexa9_0/bsp/system.mss
TRACE::2026-09-21.13:52:58::SCWMssOS::DEBUG:  swdes dump  /home/alexey/programming/systemverilog/ethernet_image_transfer/fpga/zynq_wrapper/ps7_cortexa9_0/standalone_ps7_cortexa9_0/bsp/system.mss|system_0||
/home/alexey/programming/systemverilog/ethernet_image_transfer/fpga/zynq_wrapper/zynq_fsbl/zynq_fsbl_bsp/system.mss|system||

TRACE::2026-09-21.13:52:58::SCWMssOS::Sw design exists and opened at  /home/alexey/programming/systemverilog/ethernet_image_transfer/fpga/zynq_wrapper/ps7_cortexa9_0/standalone_ps7_cortexa9_0/bsp/system.mss
TRACE::2026-09-21.13:52:58::SCWWriter::formatted JSON is {
	"platformName":	"zynq_wrapper",
	"sprVersion":	"2.0",
	"mode":	"gui",
	"dsaType":	"Fixed",
	"platformDesc":	"zynq_wrapper",
	"platHandOff":	"<platformDir>.xsa",
	"platIntHandOff":	"<platformDir>/hw/zynq_wrapper.xsa",
	"deviceType":	"zynq",
	"platIsPrebuiltAutogen":	"false",
	"platIsNoBootBsp":	"false",
	"platFsblTarget":	"ps7_cortexa9_0",
	"hasFsblMakeHasChanges":	"false",
	"hasPmufwMakeHasChanges":	"false",
	"fsblExtraCompilerFlags":	"-MMD -MP       -mcpu=cortex-a9 -mfpu=vfpv3 -mfloat-abi=hard ",
	"platPreBuiltFlag":	false,
	"platformSamplesDir":	"",
	"platActiveSys":	"zynq_wrapper",
	"systems":	[{
			"systemName":	"zynq_wrapper",
			"systemDesc":	"zynq_wrapper",
			"sysIsBootAutoGen":	"true",
			"systemDispName":	"zynq_wrapper",
			"sysActiveDom":	"standalone_ps7_cortexa9_0",
			"sysDefaultDom":	"standalone_ps7_cortexa9_0",
			"domains":	[{
					"domainName":	"zynq_fsbl",
					"domainDispName":	"zynq_fsbl",
					"domainDesc":	"FSBL Application BSP - Auto Generated.",
					"processors":	"ps7_cortexa9_0",
					"os":	"standalone",
					"sdxOs":	"standalone",
					"debugEnable":	"",
					"domRuntimes":	["cpp"],
					"swRepo":	"",
					"mssOsVer":	"7.3",
					"mssFile":	"",
					"md5Digest":	"856d2a8ebe5499b74b0113244d05658d",
					"compatibleApp":	"zynq_fsbl",
					"domType":	"bootDomain",
					"arch":	"32-bit",
					"appSettings":	{
						"appCompilerFlags":	"",
						"appLinkerFlags":	""
					},
					"addedLibs":	["xilffs:4.4", "xilrsa:1.6"],
					"libOptions":	{
						"libsContainingOptions":	[]
					},
					"prebuiltLibs":	{
						"prebuiltIncPath":	[],
						"prebuiltLibPath":	[]
					},
					"isolation":	{
					}
				}, {
					"domainName":	"standalone_ps7_cortexa9_0",
					"domainDispName":	"standalone_ps7_cortexa9_0",
					"domainDesc":	"standalone_ps7_cortexa9_0",
					"processors":	"ps7_cortexa9_0",
					"os":	"standalone",
					"sdxOs":	"standalone",
					"qemuArgs":	"/home/alexey/Xilinx/Vitis/2020.2/data/emulation/platforms/zynq/sw/a9_standalone/qemu/qemu_args.txt",
					"qemuData":	"/home/alexey/Xilinx/Vitis/2020.2/data/emulation/platforms/zynq/sw/a9_standalone/qemu/",
					"debugEnable":	"False",
					"domRuntimes":	["cpp"],
					"swRepo":	"",
					"mssOsVer":	"7.3",
					"mssFile":	"",
					"md5Digest":	"45b0abfe8235d9243f1629e877f9a4a5",
					"compatibleApp":	"empty_application",
					"domType":	"mssDomain",
					"arch":	"32-bit",
					"appSettings":	{
						"appCompilerFlags":	"",
						"appLinkerFlags":	""
					},
					"addedLibs":	[],
					"libOptions":	{
						"libsContainingOptions":	[]
					},
					"prebuiltLibs":	{
						"prebuiltIncPath":	[],
						"prebuiltLibPath":	[]
					},
					"isolation":	{
					}
				}]
		}]
}
LOG::2026-09-21.13:52:58::SCWPlatform::Started generating the artifacts platform zynq_wrapper
TRACE::2026-09-21.13:52:58::SCWPlatform::Sanity checking of platform is completed
LOG::2026-09-21.13:52:58::SCWPlatform::Started generating the artifacts for system configuration zynq_wrapper
LOG::2026-09-21.13:52:58::SCWSystem::Checking the domain zynq_fsbl
LOG::2026-09-21.13:52:58::SCWSystem::Doing application build for :  zynq_fsbl
TRACE::2026-09-21.13:52:58::SCWBDomain::Not a forced makefile updation, No changes are present. 
TRACE::2026-09-21.13:52:58::SCWDomain::Skipping the build for domain :  zynq_fsbl
LOG::2026-09-21.13:52:58::SCWSystem::Checking the domain standalone_ps7_cortexa9_0
LOG::2026-09-21.13:52:58::SCWSystem::Not a boot domain 
LOG::2026-09-21.13:52:58::SCWSystem::Started Processing the domain standalone_ps7_cortexa9_0
TRACE::2026-09-21.13:52:58::SCWDomain::Generating domain artifcats
TRACE::2026-09-21.13:52:58::SCWMssOS::Generating standalone artifcats
TRACE::2026-09-21.13:52:58::SCWMssOS::Copying the qemu file from  /home/alexey/Xilinx/Vitis/2020.2/data/emulation/platforms/zynq/sw/a9_standalone/qemu/qemu_args.txt To /home/alexey/programming/systemverilog/ethernet_image_transfer/fpga/zynq_wrapper/export/zynq_wrapper/sw/zynq_wrapper/qemu/
TRACE::2026-09-21.13:52:58::SCWMssOS::Copying the qemu file from  /home/alexey/Xilinx/Vitis/2020.2/data/emulation/platforms/zynq/sw/a9_standalone/qemu/qemu_args.txt To /home/alexey/programming/systemverilog/ethernet_image_transfer/fpga/zynq_wrapper/export/zynq_wrapper/sw/zynq_wrapper/standalone_ps7_cortexa9_0/qemu/
TRACE::2026-09-21.13:52:58::SCWMssOS:: Copying the user libraries. 
TRACE::2026-09-21.13:52:58::SCWPlatform::Trying to open the hw design at /home/alexey/programming/systemverilog/ethernet_image_transfer/fpga/zynq_wrapper/hw/zynq_wrapper.xsa
TRACE::2026-09-21.13:52:58::SCWPlatform::DSA given /home/alexey/programming/systemverilog/ethernet_image_transfer/fpga/zynq_wrapper/hw/zynq_wrapper.xsa
TRACE::2026-09-21.13:52:58::SCWPlatform::DSA absoulate path /home/alexey/programming/systemverilog/ethernet_image_transfer/fpga/zynq_wrapper/hw/zynq_wrapper.xsa
TRACE::2026-09-21.13:52:58::SCWPlatform::DSA directory /home/alexey/programming/systemverilog/ethernet_image_transfer/fpga/zynq_wrapper/hw
TRACE::2026-09-21.13:52:58::SCWPlatform:: Platform Path /home/alexey/programming/systemverilog/ethernet_image_transfer/fpga/zynq_wrapper/hw/zynq_wrapper.xsa
TRACE::2026-09-21.13:52:58::SCWPlatform:: Unique name xilinx:::0.0
TRACE::2026-09-21.13:52:58::SCWPlatform::Trying to set the existing hwdb with name zynq_wrapper_0
TRACE::2026-09-21.13:52:58::SCWPlatform::Opened existing hwdb zynq_wrapper_0
TRACE::2026-09-21.13:52:58::SCWPlatform::Found the Hw Db part of the input DSA
TRACE::2026-09-21.13:52:58::SCWMssOS::Checking the sw design at  /home/alexey/programming/systemverilog/ethernet_image_transfer/fpga/zynq_wrapper/ps7_cortexa9_0/standalone_ps7_cortexa9_0/bsp/system.mss
TRACE::2026-09-21.13:52:58::SCWMssOS::DEBUG:  swdes dump  /home/alexey/programming/systemverilog/ethernet_image_transfer/fpga/zynq_wrapper/ps7_cortexa9_0/standalone_ps7_cortexa9_0/bsp/system.mss|system_0||
/home/alexey/programming/systemverilog/ethernet_image_transfer/fpga/zynq_wrapper/zynq_fsbl/zynq_fsbl_bsp/system.mss|system||

TRACE::2026-09-21.13:52:58::SCWMssOS::Sw design exists and opened at  /home/alexey/programming/systemverilog/ethernet_image_transfer/fpga/zynq_wrapper/ps7_cortexa9_0/standalone_ps7_cortexa9_0/bsp/system.mss
TRACE::2026-09-21.13:52:58::SCWMssOS::Completed writing the mss file at /home/alexey/programming/systemverilog/ethernet_image_transfer/fpga/zynq_wrapper/ps7_cortexa9_0/standalone_ps7_cortexa9_0/bsp
TRACE::2026-09-21.13:52:58::SCWMssOS::Mss edits present, copying mssfile into export location /home/alexey/programming/systemverilog/ethernet_image_transfer/fpga/zynq_wrapper/ps7_cortexa9_0/standalone_ps7_cortexa9_0/bsp/system.mss
TRACE::2026-09-21.13:52:58::SCWMssOS::bsp generated is upto date with the mss file. Skipping bsp generation.
TRACE::2026-09-21.13:52:58::SCWMssOS::BSP is already built. skipping the bsp build ... 
TRACE::2026-09-21.13:52:58::SCWDomain::Skipping the build for domain :  standalone_ps7_cortexa9_0
TRACE::2026-09-21.13:52:58::SCWMssOS::skipping the bsp build ... 
TRACE::2026-09-21.13:52:58::SCWMssOS::Copying to export directory.
TRACE::2026-09-21.13:52:58::SCWMssOS:: Checking if to create the Supporting Applications
TRACE::2026-09-21.13:52:58::SCWMssOS:: No Linux domain exists, trying to generate FSBL 
TRACE::2026-09-21.13:52:58::SCWMssOS:: Completed Standalone Artifacts creation 
LOG::2026-09-21.13:52:58::SCWSystem::Completed Processing the domain standalone_ps7_cortexa9_0
LOG::2026-09-21.13:52:58::SCWSystem::Completed Processing the sysconfig zynq_wrapper
LOG::2026-09-21.13:52:58::SCWPlatform::Completed generating the artifacts for system configuration zynq_wrapper
TRACE::2026-09-21.13:52:58::SCWPlatform::Started preparing the platform 
TRACE::2026-09-21.13:52:58::SCWSystem::Writing the bif file for system config zynq_wrapper
TRACE::2026-09-21.13:52:58::SCWSystem::dir created 
TRACE::2026-09-21.13:52:58::SCWSystem::Writing the bif 
TRACE::2026-09-21.13:52:58::SCWPlatform::Started writing the spfm file 
TRACE::2026-09-21.13:52:58::SCWPlatform::Started writing the xpfm file 
TRACE::2026-09-21.13:52:58::SCWPlatform::Completed generating the platform
TRACE::2026-09-21.13:52:58::SCWMssOS::Saving the mss changes /home/alexey/programming/systemverilog/ethernet_image_transfer/fpga/zynq_wrapper/zynq_fsbl/zynq_fsbl_bsp/system.mss
TRACE::2026-09-21.13:52:58::SCWMssOS::Found a swdesign opened with the mssfile.
TRACE::2026-09-21.13:52:58::SCWMssOS::Completed writemss as part of save.
TRACE::2026-09-21.13:52:58::SCWMssOS::Commit changes completed.
TRACE::2026-09-21.13:52:58::SCWMssOS::Saving the mss changes /home/alexey/programming/systemverilog/ethernet_image_transfer/fpga/zynq_wrapper/ps7_cortexa9_0/standalone_ps7_cortexa9_0/bsp/system.mss
TRACE::2026-09-21.13:52:58::SCWMssOS::Found a swdesign opened with the mssfile.
TRACE::2026-09-21.13:52:58::SCWMssOS::Completed writemss as part of save.
TRACE::2026-09-21.13:52:58::SCWMssOS::Commit changes completed.
TRACE::2026-09-21.13:52:58::SCWPlatform::Trying to open the hw design at /home/alexey/programming/systemverilog/ethernet_image_transfer/fpga/zynq_wrapper/hw/zynq_wrapper.xsa
TRACE::2026-09-21.13:52:58::SCWPlatform::DSA given /home/alexey/programming/systemverilog/ethernet_image_transfer/fpga/zynq_wrapper/hw/zynq_wrapper.xsa
TRACE::2026-09-21.13:52:58::SCWPlatform::DSA absoulate path /home/alexey/programming/systemverilog/ethernet_image_transfer/fpga/zynq_wrapper/hw/zynq_wrapper.xsa
TRACE::2026-09-21.13:52:58::SCWPlatform::DSA directory /home/alexey/programming/systemverilog/ethernet_image_transfer/fpga/zynq_wrapper/hw
TRACE::2026-09-21.13:52:58::SCWPlatform:: Platform Path /home/alexey/programming/systemverilog/ethernet_image_transfer/fpga/zynq_wrapper/hw/zynq_wrapper.xsa
TRACE::2026-09-21.13:52:58::SCWPlatform:: Unique name xilinx:::0.0
TRACE::2026-09-21.13:52:58::SCWPlatform::Trying to set the existing hwdb with name zynq_wrapper_0
TRACE::2026-09-21.13:52:58::SCWPlatform::Opened existing hwdb zynq_wrapper_0
TRACE::2026-09-21.13:52:58::SCWPlatform::Found the Hw Db part of the input DSA
TRACE::2026-09-21.13:52:58::SCWMssOS::Checking the sw design at  /home/alexey/programming/systemverilog/ethernet_image_transfer/fpga/zynq_wrapper/zynq_fsbl/zynq_fsbl_bsp/system.mss
TRACE::2026-09-21.13:52:58::SCWMssOS::DEBUG:  swdes dump  /home/alexey/programming/systemverilog/ethernet_image_transfer/fpga/zynq_wrapper/ps7_cortexa9_0/standalone_ps7_cortexa9_0/bsp/system.mss|system_0||
/home/alexey/programming/systemverilog/ethernet_image_transfer/fpga/zynq_wrapper/zynq_fsbl/zynq_fsbl_bsp/system.mss|system||

TRACE::2026-09-21.13:52:58::SCWMssOS::Sw design exists and opened at  /home/alexey/programming/systemverilog/ethernet_image_transfer/fpga/zynq_wrapper/zynq_fsbl/zynq_fsbl_bsp/system.mss
TRACE::2026-09-21.13:52:58::SCWPlatform::Trying to open the hw design at /home/alexey/programming/systemverilog/ethernet_image_transfer/fpga/zynq_wrapper/hw/zynq_wrapper.xsa
TRACE::2026-09-21.13:52:58::SCWPlatform::DSA given /home/alexey/programming/systemverilog/ethernet_image_transfer/fpga/zynq_wrapper/hw/zynq_wrapper.xsa
TRACE::2026-09-21.13:52:58::SCWPlatform::DSA absoulate path /home/alexey/programming/systemverilog/ethernet_image_transfer/fpga/zynq_wrapper/hw/zynq_wrapper.xsa
TRACE::2026-09-21.13:52:58::SCWPlatform::DSA directory /home/alexey/programming/systemverilog/ethernet_image_transfer/fpga/zynq_wrapper/hw
TRACE::2026-09-21.13:52:58::SCWPlatform:: Platform Path /home/alexey/programming/systemverilog/ethernet_image_transfer/fpga/zynq_wrapper/hw/zynq_wrapper.xsa
TRACE::2026-09-21.13:52:58::SCWPlatform:: Unique name xilinx:::0.0
TRACE::2026-09-21.13:52:58::SCWPlatform::Trying to set the existing hwdb with name zynq_wrapper_0
TRACE::2026-09-21.13:52:58::SCWPlatform::Opened existing hwdb zynq_wrapper_0
TRACE::2026-09-21.13:52:58::SCWPlatform::Found the Hw Db part of the input DSA
TRACE::2026-09-21.13:52:58::SCWMssOS::Checking the sw design at  /home/alexey/programming/systemverilog/ethernet_image_transfer/fpga/zynq_wrapper/zynq_fsbl/zynq_fsbl_bsp/system.mss
TRACE::2026-09-21.13:52:58::SCWMssOS::DEBUG:  swdes dump  /home/alexey/programming/systemverilog/ethernet_image_transfer/fpga/zynq_wrapper/ps7_cortexa9_0/standalone_ps7_cortexa9_0/bsp/system.mss|system_0||
/home/alexey/programming/systemverilog/ethernet_image_transfer/fpga/zynq_wrapper/zynq_fsbl/zynq_fsbl_bsp/system.mss|system||

TRACE::2026-09-21.13:52:58::SCWMssOS::Sw design exists and opened at  /home/alexey/programming/systemverilog/ethernet_image_transfer/fpga/zynq_wrapper/zynq_fsbl/zynq_fsbl_bsp/system.mss
TRACE::2026-09-21.13:52:58::SCWPlatform::Trying to open the hw design at /home/alexey/programming/systemverilog/ethernet_image_transfer/fpga/zynq_wrapper/hw/zynq_wrapper.xsa
TRACE::2026-09-21.13:52:58::SCWPlatform::DSA given /home/alexey/programming/systemverilog/ethernet_image_transfer/fpga/zynq_wrapper/hw/zynq_wrapper.xsa
TRACE::2026-09-21.13:52:58::SCWPlatform::DSA absoulate path /home/alexey/programming/systemverilog/ethernet_image_transfer/fpga/zynq_wrapper/hw/zynq_wrapper.xsa
TRACE::2026-09-21.13:52:58::SCWPlatform::DSA directory /home/alexey/programming/systemverilog/ethernet_image_transfer/fpga/zynq_wrapper/hw
TRACE::2026-09-21.13:52:58::SCWPlatform:: Platform Path /home/alexey/programming/systemverilog/ethernet_image_transfer/fpga/zynq_wrapper/hw/zynq_wrapper.xsa
TRACE::2026-09-21.13:52:58::SCWPlatform:: Unique name xilinx:::0.0
TRACE::2026-09-21.13:52:58::SCWPlatform::Trying to set the existing hwdb with name zynq_wrapper_0
TRACE::2026-09-21.13:52:58::SCWPlatform::Opened existing hwdb zynq_wrapper_0
TRACE::2026-09-21.13:52:58::SCWPlatform::Found the Hw Db part of the input DSA
TRACE::2026-09-21.13:52:58::SCWMssOS::Checking the sw design at  /home/alexey/programming/systemverilog/ethernet_image_transfer/fpga/zynq_wrapper/zynq_fsbl/zynq_fsbl_bsp/system.mss
TRACE::2026-09-21.13:52:58::SCWMssOS::DEBUG:  swdes dump  /home/alexey/programming/systemverilog/ethernet_image_transfer/fpga/zynq_wrapper/ps7_cortexa9_0/standalone_ps7_cortexa9_0/bsp/system.mss|system_0||
/home/alexey/programming/systemverilog/ethernet_image_transfer/fpga/zynq_wrapper/zynq_fsbl/zynq_fsbl_bsp/system.mss|system||

TRACE::2026-09-21.13:52:58::SCWMssOS::Sw design exists and opened at  /home/alexey/programming/systemverilog/ethernet_image_transfer/fpga/zynq_wrapper/zynq_fsbl/zynq_fsbl_bsp/system.mss
TRACE::2026-09-21.13:52:58::SCWPlatform::Trying to open the hw design at /home/alexey/programming/systemverilog/ethernet_image_transfer/fpga/zynq_wrapper/hw/zynq_wrapper.xsa
TRACE::2026-09-21.13:52:58::SCWPlatform::DSA given /home/alexey/programming/systemverilog/ethernet_image_transfer/fpga/zynq_wrapper/hw/zynq_wrapper.xsa
TRACE::2026-09-21.13:52:58::SCWPlatform::DSA absoulate path /home/alexey/programming/systemverilog/ethernet_image_transfer/fpga/zynq_wrapper/hw/zynq_wrapper.xsa
TRACE::2026-09-21.13:52:58::SCWPlatform::DSA directory /home/alexey/programming/systemverilog/ethernet_image_transfer/fpga/zynq_wrapper/hw
TRACE::2026-09-21.13:52:58::SCWPlatform:: Platform Path /home/alexey/programming/systemverilog/ethernet_image_transfer/fpga/zynq_wrapper/hw/zynq_wrapper.xsa
TRACE::2026-09-21.13:52:58::SCWPlatform:: Unique name xilinx:::0.0
TRACE::2026-09-21.13:52:58::SCWPlatform::Trying to set the existing hwdb with name zynq_wrapper_0
TRACE::2026-09-21.13:52:58::SCWPlatform::Opened existing hwdb zynq_wrapper_0
TRACE::2026-09-21.13:52:58::SCWPlatform::Found the Hw Db part of the input DSA
TRACE::2026-09-21.13:52:58::SCWMssOS::Checking the sw design at  /home/alexey/programming/systemverilog/ethernet_image_transfer/fpga/zynq_wrapper/ps7_cortexa9_0/standalone_ps7_cortexa9_0/bsp/system.mss
TRACE::2026-09-21.13:52:58::SCWMssOS::DEBUG:  swdes dump  /home/alexey/programming/systemverilog/ethernet_image_transfer/fpga/zynq_wrapper/ps7_cortexa9_0/standalone_ps7_cortexa9_0/bsp/system.mss|system_0||
/home/alexey/programming/systemverilog/ethernet_image_transfer/fpga/zynq_wrapper/zynq_fsbl/zynq_fsbl_bsp/system.mss|system||

TRACE::2026-09-21.13:52:58::SCWMssOS::Sw design exists and opened at  /home/alexey/programming/systemverilog/ethernet_image_transfer/fpga/zynq_wrapper/ps7_cortexa9_0/standalone_ps7_cortexa9_0/bsp/system.mss
TRACE::2026-09-21.13:52:58::SCWPlatform::Trying to open the hw design at /home/alexey/programming/systemverilog/ethernet_image_transfer/fpga/zynq_wrapper/hw/zynq_wrapper.xsa
TRACE::2026-09-21.13:52:58::SCWPlatform::DSA given /home/alexey/programming/systemverilog/ethernet_image_transfer/fpga/zynq_wrapper/hw/zynq_wrapper.xsa
TRACE::2026-09-21.13:52:58::SCWPlatform::DSA absoulate path /home/alexey/programming/systemverilog/ethernet_image_transfer/fpga/zynq_wrapper/hw/zynq_wrapper.xsa
TRACE::2026-09-21.13:52:58::SCWPlatform::DSA directory /home/alexey/programming/systemverilog/ethernet_image_transfer/fpga/zynq_wrapper/hw
TRACE::2026-09-21.13:52:58::SCWPlatform:: Platform Path /home/alexey/programming/systemverilog/ethernet_image_transfer/fpga/zynq_wrapper/hw/zynq_wrapper.xsa
TRACE::2026-09-21.13:52:58::SCWPlatform:: Unique name xilinx:::0.0
TRACE::2026-09-21.13:52:58::SCWPlatform::Trying to set the existing hwdb with name zynq_wrapper_0
TRACE::2026-09-21.13:52:58::SCWPlatform::Opened existing hwdb zynq_wrapper_0
TRACE::2026-09-21.13:52:58::SCWPlatform::Found the Hw Db part of the input DSA
TRACE::2026-09-21.13:52:58::SCWMssOS::Checking the sw design at  /home/alexey/programming/systemverilog/ethernet_image_transfer/fpga/zynq_wrapper/ps7_cortexa9_0/standalone_ps7_cortexa9_0/bsp/system.mss
TRACE::2026-09-21.13:52:58::SCWMssOS::DEBUG:  swdes dump  /home/alexey/programming/systemverilog/ethernet_image_transfer/fpga/zynq_wrapper/ps7_cortexa9_0/standalone_ps7_cortexa9_0/bsp/system.mss|system_0||
/home/alexey/programming/systemverilog/ethernet_image_transfer/fpga/zynq_wrapper/zynq_fsbl/zynq_fsbl_bsp/system.mss|system||

TRACE::2026-09-21.13:52:58::SCWMssOS::Sw design exists and opened at  /home/alexey/programming/systemverilog/ethernet_image_transfer/fpga/zynq_wrapper/ps7_cortexa9_0/standalone_ps7_cortexa9_0/bsp/system.mss
TRACE::2026-09-21.13:52:58::SCWPlatform::Trying to open the hw design at /home/alexey/programming/systemverilog/ethernet_image_transfer/fpga/zynq_wrapper/hw/zynq_wrapper.xsa
TRACE::2026-09-21.13:52:58::SCWPlatform::DSA given /home/alexey/programming/systemverilog/ethernet_image_transfer/fpga/zynq_wrapper/hw/zynq_wrapper.xsa
TRACE::2026-09-21.13:52:58::SCWPlatform::DSA absoulate path /home/alexey/programming/systemverilog/ethernet_image_transfer/fpga/zynq_wrapper/hw/zynq_wrapper.xsa
TRACE::2026-09-21.13:52:58::SCWPlatform::DSA directory /home/alexey/programming/systemverilog/ethernet_image_transfer/fpga/zynq_wrapper/hw
TRACE::2026-09-21.13:52:58::SCWPlatform:: Platform Path /home/alexey/programming/systemverilog/ethernet_image_transfer/fpga/zynq_wrapper/hw/zynq_wrapper.xsa
TRACE::2026-09-21.13:52:58::SCWPlatform:: Unique name xilinx:::0.0
TRACE::2026-09-21.13:52:58::SCWPlatform::Trying to set the existing hwdb with name zynq_wrapper_0
TRACE::2026-09-21.13:52:58::SCWPlatform::Opened existing hwdb zynq_wrapper_0
TRACE::2026-09-21.13:52:58::SCWPlatform::Found the Hw Db part of the input DSA
TRACE::2026-09-21.13:52:58::SCWMssOS::Checking the sw design at  /home/alexey/programming/systemverilog/ethernet_image_transfer/fpga/zynq_wrapper/ps7_cortexa9_0/standalone_ps7_cortexa9_0/bsp/system.mss
TRACE::2026-09-21.13:52:58::SCWMssOS::DEBUG:  swdes dump  /home/alexey/programming/systemverilog/ethernet_image_transfer/fpga/zynq_wrapper/ps7_cortexa9_0/standalone_ps7_cortexa9_0/bsp/system.mss|system_0||
/home/alexey/programming/systemverilog/ethernet_image_transfer/fpga/zynq_wrapper/zynq_fsbl/zynq_fsbl_bsp/system.mss|system||

TRACE::2026-09-21.13:52:58::SCWMssOS::Sw design exists and opened at  /home/alexey/programming/systemverilog/ethernet_image_transfer/fpga/zynq_wrapper/ps7_cortexa9_0/standalone_ps7_cortexa9_0/bsp/system.mss
TRACE::2026-09-21.13:52:58::SCWWriter::formatted JSON is {
	"platformName":	"zynq_wrapper",
	"sprVersion":	"2.0",
	"mode":	"gui",
	"dsaType":	"Fixed",
	"platformDesc":	"zynq_wrapper",
	"platHandOff":	"<platformDir>.xsa",
	"platIntHandOff":	"<platformDir>/hw/zynq_wrapper.xsa",
	"deviceType":	"zynq",
	"platIsPrebuiltAutogen":	"false",
	"platIsNoBootBsp":	"false",
	"platFsblTarget":	"ps7_cortexa9_0",
	"hasFsblMakeHasChanges":	"false",
	"hasPmufwMakeHasChanges":	"false",
	"fsblExtraCompilerFlags":	"-MMD -MP       -mcpu=cortex-a9 -mfpu=vfpv3 -mfloat-abi=hard ",
	"platPreBuiltFlag":	false,
	"platformSamplesDir":	"",
	"platActiveSys":	"zynq_wrapper",
	"systems":	[{
			"systemName":	"zynq_wrapper",
			"systemDesc":	"zynq_wrapper",
			"sysIsBootAutoGen":	"true",
			"systemDispName":	"zynq_wrapper",
			"sysActiveDom":	"standalone_ps7_cortexa9_0",
			"sysDefaultDom":	"standalone_ps7_cortexa9_0",
			"domains":	[{
					"domainName":	"zynq_fsbl",
					"domainDispName":	"zynq_fsbl",
					"domainDesc":	"FSBL Application BSP - Auto Generated.",
					"processors":	"ps7_cortexa9_0",
					"os":	"standalone",
					"sdxOs":	"standalone",
					"debugEnable":	"",
					"domRuntimes":	["cpp"],
					"swRepo":	"",
					"mssOsVer":	"7.3",
					"mssFile":	"",
					"md5Digest":	"856d2a8ebe5499b74b0113244d05658d",
					"compatibleApp":	"zynq_fsbl",
					"domType":	"bootDomain",
					"arch":	"32-bit",
					"appSettings":	{
						"appCompilerFlags":	"",
						"appLinkerFlags":	""
					},
					"addedLibs":	["xilffs:4.4", "xilrsa:1.6"],
					"libOptions":	{
						"libsContainingOptions":	[]
					},
					"prebuiltLibs":	{
						"prebuiltIncPath":	[],
						"prebuiltLibPath":	[]
					},
					"isolation":	{
					}
				}, {
					"domainName":	"standalone_ps7_cortexa9_0",
					"domainDispName":	"standalone_ps7_cortexa9_0",
					"domainDesc":	"standalone_ps7_cortexa9_0",
					"processors":	"ps7_cortexa9_0",
					"os":	"standalone",
					"sdxOs":	"standalone",
					"qemuArgs":	"/home/alexey/Xilinx/Vitis/2020.2/data/emulation/platforms/zynq/sw/a9_standalone/qemu/qemu_args.txt",
					"qemuData":	"/home/alexey/Xilinx/Vitis/2020.2/data/emulation/platforms/zynq/sw/a9_standalone/qemu/",
					"debugEnable":	"False",
					"domRuntimes":	["cpp"],
					"swRepo":	"",
					"mssOsVer":	"7.3",
					"mssFile":	"",
					"md5Digest":	"45b0abfe8235d9243f1629e877f9a4a5",
					"compatibleApp":	"empty_application",
					"domType":	"mssDomain",
					"arch":	"32-bit",
					"appSettings":	{
						"appCompilerFlags":	"",
						"appLinkerFlags":	""
					},
					"addedLibs":	[],
					"libOptions":	{
						"libsContainingOptions":	[]
					},
					"prebuiltLibs":	{
						"prebuiltIncPath":	[],
						"prebuiltLibPath":	[]
					},
					"isolation":	{
					}
				}]
		}]
}
KEYINFO::2026-09-21.13:52:58::SCWPlatform::updated the xpfm file.
TRACE::2026-09-21.13:52:58::SCWPlatform::Trying to open the hw design at /home/alexey/programming/systemverilog/ethernet_image_transfer/fpga/zynq_wrapper/hw/zynq_wrapper.xsa
TRACE::2026-09-21.13:52:58::SCWPlatform::DSA given /home/alexey/programming/systemverilog/ethernet_image_transfer/fpga/zynq_wrapper/hw/zynq_wrapper.xsa
TRACE::2026-09-21.13:52:58::SCWPlatform::DSA absoulate path /home/alexey/programming/systemverilog/ethernet_image_transfer/fpga/zynq_wrapper/hw/zynq_wrapper.xsa
TRACE::2026-09-21.13:52:58::SCWPlatform::DSA directory /home/alexey/programming/systemverilog/ethernet_image_transfer/fpga/zynq_wrapper/hw
TRACE::2026-09-21.13:52:58::SCWPlatform:: Platform Path /home/alexey/programming/systemverilog/ethernet_image_transfer/fpga/zynq_wrapper/hw/zynq_wrapper.xsa
TRACE::2026-09-21.13:52:58::SCWPlatform:: Unique name xilinx:::0.0
TRACE::2026-09-21.13:52:58::SCWPlatform::Trying to set the existing hwdb with name zynq_wrapper_0
TRACE::2026-09-21.13:52:58::SCWPlatform::Opened existing hwdb zynq_wrapper_0
TRACE::2026-09-21.13:52:58::SCWPlatform::Found the Hw Db part of the input DSA
TRACE::2026-09-21.13:52:58::SCWMssOS::Checking the sw design at  /home/alexey/programming/systemverilog/ethernet_image_transfer/fpga/zynq_wrapper/ps7_cortexa9_0/standalone_ps7_cortexa9_0/bsp/system.mss
TRACE::2026-09-21.13:52:58::SCWMssOS::DEBUG:  swdes dump  /home/alexey/programming/systemverilog/ethernet_image_transfer/fpga/zynq_wrapper/ps7_cortexa9_0/standalone_ps7_cortexa9_0/bsp/system.mss|system_0||
/home/alexey/programming/systemverilog/ethernet_image_transfer/fpga/zynq_wrapper/zynq_fsbl/zynq_fsbl_bsp/system.mss|system||

TRACE::2026-09-21.13:52:58::SCWMssOS::Sw design exists and opened at  /home/alexey/programming/systemverilog/ethernet_image_transfer/fpga/zynq_wrapper/ps7_cortexa9_0/standalone_ps7_cortexa9_0/bsp/system.mss
TRACE::2026-09-21.13:52:58::SCWMssOS::Saving the mss changes /home/alexey/programming/systemverilog/ethernet_image_transfer/fpga/zynq_wrapper/zynq_fsbl/zynq_fsbl_bsp/system.mss
TRACE::2026-09-21.13:52:58::SCWMssOS::Found a swdesign opened with the mssfile.
TRACE::2026-09-21.13:52:58::SCWMssOS::Completed writemss as part of save.
TRACE::2026-09-21.13:52:58::SCWMssOS::Commit changes completed.
TRACE::2026-09-21.13:52:58::SCWMssOS::Saving the mss changes /home/alexey/programming/systemverilog/ethernet_image_transfer/fpga/zynq_wrapper/ps7_cortexa9_0/standalone_ps7_cortexa9_0/bsp/system.mss
TRACE::2026-09-21.13:52:58::SCWMssOS::Found a swdesign opened with the mssfile.
TRACE::2026-09-21.13:52:58::SCWMssOS::Completed writemss as part of save.
TRACE::2026-09-21.13:52:58::SCWMssOS::Commit changes completed.
TRACE::2026-09-21.13:52:58::SCWPlatform::Trying to open the hw design at /home/alexey/programming/systemverilog/ethernet_image_transfer/fpga/zynq_wrapper/hw/zynq_wrapper.xsa
TRACE::2026-09-21.13:52:58::SCWPlatform::DSA given /home/alexey/programming/systemverilog/ethernet_image_transfer/fpga/zynq_wrapper/hw/zynq_wrapper.xsa
TRACE::2026-09-21.13:52:58::SCWPlatform::DSA absoulate path /home/alexey/programming/systemverilog/ethernet_image_transfer/fpga/zynq_wrapper/hw/zynq_wrapper.xsa
TRACE::2026-09-21.13:52:58::SCWPlatform::DSA directory /home/alexey/programming/systemverilog/ethernet_image_transfer/fpga/zynq_wrapper/hw
TRACE::2026-09-21.13:52:58::SCWPlatform:: Platform Path /home/alexey/programming/systemverilog/ethernet_image_transfer/fpga/zynq_wrapper/hw/zynq_wrapper.xsa
TRACE::2026-09-21.13:52:58::SCWPlatform:: Unique name xilinx:::0.0
TRACE::2026-09-21.13:52:58::SCWPlatform::Trying to set the existing hwdb with name zynq_wrapper_0
TRACE::2026-09-21.13:52:58::SCWPlatform::Opened existing hwdb zynq_wrapper_0
TRACE::2026-09-21.13:52:58::SCWPlatform::Found the Hw Db part of the input DSA
TRACE::2026-09-21.13:52:58::SCWMssOS::Checking the sw design at  /home/alexey/programming/systemverilog/ethernet_image_transfer/fpga/zynq_wrapper/zynq_fsbl/zynq_fsbl_bsp/system.mss
TRACE::2026-09-21.13:52:58::SCWMssOS::DEBUG:  swdes dump  /home/alexey/programming/systemverilog/ethernet_image_transfer/fpga/zynq_wrapper/ps7_cortexa9_0/standalone_ps7_cortexa9_0/bsp/system.mss|system_0||
/home/alexey/programming/systemverilog/ethernet_image_transfer/fpga/zynq_wrapper/zynq_fsbl/zynq_fsbl_bsp/system.mss|system||

TRACE::2026-09-21.13:52:58::SCWMssOS::Sw design exists and opened at  /home/alexey/programming/systemverilog/ethernet_image_transfer/fpga/zynq_wrapper/zynq_fsbl/zynq_fsbl_bsp/system.mss
TRACE::2026-09-21.13:52:58::SCWPlatform::Trying to open the hw design at /home/alexey/programming/systemverilog/ethernet_image_transfer/fpga/zynq_wrapper/hw/zynq_wrapper.xsa
TRACE::2026-09-21.13:52:58::SCWPlatform::DSA given /home/alexey/programming/systemverilog/ethernet_image_transfer/fpga/zynq_wrapper/hw/zynq_wrapper.xsa
TRACE::2026-09-21.13:52:58::SCWPlatform::DSA absoulate path /home/alexey/programming/systemverilog/ethernet_image_transfer/fpga/zynq_wrapper/hw/zynq_wrapper.xsa
TRACE::2026-09-21.13:52:58::SCWPlatform::DSA directory /home/alexey/programming/systemverilog/ethernet_image_transfer/fpga/zynq_wrapper/hw
TRACE::2026-09-21.13:52:58::SCWPlatform:: Platform Path /home/alexey/programming/systemverilog/ethernet_image_transfer/fpga/zynq_wrapper/hw/zynq_wrapper.xsa
TRACE::2026-09-21.13:52:58::SCWPlatform:: Unique name xilinx:::0.0
TRACE::2026-09-21.13:52:58::SCWPlatform::Trying to set the existing hwdb with name zynq_wrapper_0
TRACE::2026-09-21.13:52:58::SCWPlatform::Opened existing hwdb zynq_wrapper_0
TRACE::2026-09-21.13:52:58::SCWPlatform::Found the Hw Db part of the input DSA
TRACE::2026-09-21.13:52:58::SCWMssOS::Checking the sw design at  /home/alexey/programming/systemverilog/ethernet_image_transfer/fpga/zynq_wrapper/zynq_fsbl/zynq_fsbl_bsp/system.mss
TRACE::2026-09-21.13:52:58::SCWMssOS::DEBUG:  swdes dump  /home/alexey/programming/systemverilog/ethernet_image_transfer/fpga/zynq_wrapper/ps7_cortexa9_0/standalone_ps7_cortexa9_0/bsp/system.mss|system_0||
/home/alexey/programming/systemverilog/ethernet_image_transfer/fpga/zynq_wrapper/zynq_fsbl/zynq_fsbl_bsp/system.mss|system||

TRACE::2026-09-21.13:52:58::SCWMssOS::Sw design exists and opened at  /home/alexey/programming/systemverilog/ethernet_image_transfer/fpga/zynq_wrapper/zynq_fsbl/zynq_fsbl_bsp/system.mss
TRACE::2026-09-21.13:52:58::SCWPlatform::Trying to open the hw design at /home/alexey/programming/systemverilog/ethernet_image_transfer/fpga/zynq_wrapper/hw/zynq_wrapper.xsa
TRACE::2026-09-21.13:52:58::SCWPlatform::DSA given /home/alexey/programming/systemverilog/ethernet_image_transfer/fpga/zynq_wrapper/hw/zynq_wrapper.xsa
TRACE::2026-09-21.13:52:58::SCWPlatform::DSA absoulate path /home/alexey/programming/systemverilog/ethernet_image_transfer/fpga/zynq_wrapper/hw/zynq_wrapper.xsa
TRACE::2026-09-21.13:52:58::SCWPlatform::DSA directory /home/alexey/programming/systemverilog/ethernet_image_transfer/fpga/zynq_wrapper/hw
TRACE::2026-09-21.13:52:58::SCWPlatform:: Platform Path /home/alexey/programming/systemverilog/ethernet_image_transfer/fpga/zynq_wrapper/hw/zynq_wrapper.xsa
TRACE::2026-09-21.13:52:58::SCWPlatform:: Unique name xilinx:::0.0
TRACE::2026-09-21.13:52:58::SCWPlatform::Trying to set the existing hwdb with name zynq_wrapper_0
TRACE::2026-09-21.13:52:58::SCWPlatform::Opened existing hwdb zynq_wrapper_0
TRACE::2026-09-21.13:52:58::SCWPlatform::Found the Hw Db part of the input DSA
TRACE::2026-09-21.13:52:58::SCWMssOS::Checking the sw design at  /home/alexey/programming/systemverilog/ethernet_image_transfer/fpga/zynq_wrapper/zynq_fsbl/zynq_fsbl_bsp/system.mss
TRACE::2026-09-21.13:52:58::SCWMssOS::DEBUG:  swdes dump  /home/alexey/programming/systemverilog/ethernet_image_transfer/fpga/zynq_wrapper/ps7_cortexa9_0/standalone_ps7_cortexa9_0/bsp/system.mss|system_0||
/home/alexey/programming/systemverilog/ethernet_image_transfer/fpga/zynq_wrapper/zynq_fsbl/zynq_fsbl_bsp/system.mss|system||

TRACE::2026-09-21.13:52:58::SCWMssOS::Sw design exists and opened at  /home/alexey/programming/systemverilog/ethernet_image_transfer/fpga/zynq_wrapper/zynq_fsbl/zynq_fsbl_bsp/system.mss
TRACE::2026-09-21.13:52:58::SCWPlatform::Trying to open the hw design at /home/alexey/programming/systemverilog/ethernet_image_transfer/fpga/zynq_wrapper/hw/zynq_wrapper.xsa
TRACE::2026-09-21.13:52:58::SCWPlatform::DSA given /home/alexey/programming/systemverilog/ethernet_image_transfer/fpga/zynq_wrapper/hw/zynq_wrapper.xsa
TRACE::2026-09-21.13:52:58::SCWPlatform::DSA absoulate path /home/alexey/programming/systemverilog/ethernet_image_transfer/fpga/zynq_wrapper/hw/zynq_wrapper.xsa
TRACE::2026-09-21.13:52:58::SCWPlatform::DSA directory /home/alexey/programming/systemverilog/ethernet_image_transfer/fpga/zynq_wrapper/hw
TRACE::2026-09-21.13:52:58::SCWPlatform:: Platform Path /home/alexey/programming/systemverilog/ethernet_image_transfer/fpga/zynq_wrapper/hw/zynq_wrapper.xsa
TRACE::2026-09-21.13:52:58::SCWPlatform:: Unique name xilinx:::0.0
TRACE::2026-09-21.13:52:58::SCWPlatform::Trying to set the existing hwdb with name zynq_wrapper_0
TRACE::2026-09-21.13:52:58::SCWPlatform::Opened existing hwdb zynq_wrapper_0
TRACE::2026-09-21.13:52:58::SCWPlatform::Found the Hw Db part of the input DSA
TRACE::2026-09-21.13:52:58::SCWMssOS::Checking the sw design at  /home/alexey/programming/systemverilog/ethernet_image_transfer/fpga/zynq_wrapper/ps7_cortexa9_0/standalone_ps7_cortexa9_0/bsp/system.mss
TRACE::2026-09-21.13:52:58::SCWMssOS::DEBUG:  swdes dump  /home/alexey/programming/systemverilog/ethernet_image_transfer/fpga/zynq_wrapper/ps7_cortexa9_0/standalone_ps7_cortexa9_0/bsp/system.mss|system_0||
/home/alexey/programming/systemverilog/ethernet_image_transfer/fpga/zynq_wrapper/zynq_fsbl/zynq_fsbl_bsp/system.mss|system||

TRACE::2026-09-21.13:52:58::SCWMssOS::Sw design exists and opened at  /home/alexey/programming/systemverilog/ethernet_image_transfer/fpga/zynq_wrapper/ps7_cortexa9_0/standalone_ps7_cortexa9_0/bsp/system.mss
TRACE::2026-09-21.13:52:58::SCWPlatform::Trying to open the hw design at /home/alexey/programming/systemverilog/ethernet_image_transfer/fpga/zynq_wrapper/hw/zynq_wrapper.xsa
TRACE::2026-09-21.13:52:58::SCWPlatform::DSA given /home/alexey/programming/systemverilog/ethernet_image_transfer/fpga/zynq_wrapper/hw/zynq_wrapper.xsa
TRACE::2026-09-21.13:52:58::SCWPlatform::DSA absoulate path /home/alexey/programming/systemverilog/ethernet_image_transfer/fpga/zynq_wrapper/hw/zynq_wrapper.xsa
TRACE::2026-09-21.13:52:58::SCWPlatform::DSA directory /home/alexey/programming/systemverilog/ethernet_image_transfer/fpga/zynq_wrapper/hw
TRACE::2026-09-21.13:52:58::SCWPlatform:: Platform Path /home/alexey/programming/systemverilog/ethernet_image_transfer/fpga/zynq_wrapper/hw/zynq_wrapper.xsa
TRACE::2026-09-21.13:52:58::SCWPlatform:: Unique name xilinx:::0.0
TRACE::2026-09-21.13:52:58::SCWPlatform::Trying to set the existing hwdb with name zynq_wrapper_0
TRACE::2026-09-21.13:52:58::SCWPlatform::Opened existing hwdb zynq_wrapper_0
TRACE::2026-09-21.13:52:58::SCWPlatform::Found the Hw Db part of the input DSA
TRACE::2026-09-21.13:52:58::SCWMssOS::Checking the sw design at  /home/alexey/programming/systemverilog/ethernet_image_transfer/fpga/zynq_wrapper/ps7_cortexa9_0/standalone_ps7_cortexa9_0/bsp/system.mss
TRACE::2026-09-21.13:52:58::SCWMssOS::DEBUG:  swdes dump  /home/alexey/programming/systemverilog/ethernet_image_transfer/fpga/zynq_wrapper/ps7_cortexa9_0/standalone_ps7_cortexa9_0/bsp/system.mss|system_0||
/home/alexey/programming/systemverilog/ethernet_image_transfer/fpga/zynq_wrapper/zynq_fsbl/zynq_fsbl_bsp/system.mss|system||

TRACE::2026-09-21.13:52:58::SCWMssOS::Sw design exists and opened at  /home/alexey/programming/systemverilog/ethernet_image_transfer/fpga/zynq_wrapper/ps7_cortexa9_0/standalone_ps7_cortexa9_0/bsp/system.mss
TRACE::2026-09-21.13:52:58::SCWPlatform::Trying to open the hw design at /home/alexey/programming/systemverilog/ethernet_image_transfer/fpga/zynq_wrapper/hw/zynq_wrapper.xsa
TRACE::2026-09-21.13:52:58::SCWPlatform::DSA given /home/alexey/programming/systemverilog/ethernet_image_transfer/fpga/zynq_wrapper/hw/zynq_wrapper.xsa
TRACE::2026-09-21.13:52:58::SCWPlatform::DSA absoulate path /home/alexey/programming/systemverilog/ethernet_image_transfer/fpga/zynq_wrapper/hw/zynq_wrapper.xsa
TRACE::2026-09-21.13:52:58::SCWPlatform::DSA directory /home/alexey/programming/systemverilog/ethernet_image_transfer/fpga/zynq_wrapper/hw
TRACE::2026-09-21.13:52:58::SCWPlatform:: Platform Path /home/alexey/programming/systemverilog/ethernet_image_transfer/fpga/zynq_wrapper/hw/zynq_wrapper.xsa
TRACE::2026-09-21.13:52:58::SCWPlatform:: Unique name xilinx:::0.0
TRACE::2026-09-21.13:52:58::SCWPlatform::Trying to set the existing hwdb with name zynq_wrapper_0
TRACE::2026-09-21.13:52:58::SCWPlatform::Opened existing hwdb zynq_wrapper_0
TRACE::2026-09-21.13:52:58::SCWPlatform::Found the Hw Db part of the input DSA
TRACE::2026-09-21.13:52:58::SCWMssOS::Checking the sw design at  /home/alexey/programming/systemverilog/ethernet_image_transfer/fpga/zynq_wrapper/ps7_cortexa9_0/standalone_ps7_cortexa9_0/bsp/system.mss
TRACE::2026-09-21.13:52:58::SCWMssOS::DEBUG:  swdes dump  /home/alexey/programming/systemverilog/ethernet_image_transfer/fpga/zynq_wrapper/ps7_cortexa9_0/standalone_ps7_cortexa9_0/bsp/system.mss|system_0||
/home/alexey/programming/systemverilog/ethernet_image_transfer/fpga/zynq_wrapper/zynq_fsbl/zynq_fsbl_bsp/system.mss|system||

TRACE::2026-09-21.13:52:58::SCWMssOS::Sw design exists and opened at  /home/alexey/programming/systemverilog/ethernet_image_transfer/fpga/zynq_wrapper/ps7_cortexa9_0/standalone_ps7_cortexa9_0/bsp/system.mss
TRACE::2026-09-21.13:52:58::SCWWriter::formatted JSON is {
	"platformName":	"zynq_wrapper",
	"sprVersion":	"2.0",
	"mode":	"gui",
	"dsaType":	"Fixed",
	"platformDesc":	"zynq_wrapper",
	"platHandOff":	"<platformDir>.xsa",
	"platIntHandOff":	"<platformDir>/hw/zynq_wrapper.xsa",
	"deviceType":	"zynq",
	"platIsPrebuiltAutogen":	"false",
	"platIsNoBootBsp":	"false",
	"platFsblTarget":	"ps7_cortexa9_0",
	"hasFsblMakeHasChanges":	"false",
	"hasPmufwMakeHasChanges":	"false",
	"fsblExtraCompilerFlags":	"-MMD -MP       -mcpu=cortex-a9 -mfpu=vfpv3 -mfloat-abi=hard ",
	"platPreBuiltFlag":	false,
	"platformSamplesDir":	"",
	"platActiveSys":	"zynq_wrapper",
	"systems":	[{
			"systemName":	"zynq_wrapper",
			"systemDesc":	"zynq_wrapper",
			"sysIsBootAutoGen":	"true",
			"systemDispName":	"zynq_wrapper",
			"sysActiveDom":	"standalone_ps7_cortexa9_0",
			"sysDefaultDom":	"standalone_ps7_cortexa9_0",
			"domains":	[{
					"domainName":	"zynq_fsbl",
					"domainDispName":	"zynq_fsbl",
					"domainDesc":	"FSBL Application BSP - Auto Generated.",
					"processors":	"ps7_cortexa9_0",
					"os":	"standalone",
					"sdxOs":	"standalone",
					"debugEnable":	"",
					"domRuntimes":	["cpp"],
					"swRepo":	"",
					"mssOsVer":	"7.3",
					"mssFile":	"",
					"md5Digest":	"856d2a8ebe5499b74b0113244d05658d",
					"compatibleApp":	"zynq_fsbl",
					"domType":	"bootDomain",
					"arch":	"32-bit",
					"appSettings":	{
						"appCompilerFlags":	"",
						"appLinkerFlags":	""
					},
					"addedLibs":	["xilffs:4.4", "xilrsa:1.6"],
					"libOptions":	{
						"libsContainingOptions":	[]
					},
					"prebuiltLibs":	{
						"prebuiltIncPath":	[],
						"prebuiltLibPath":	[]
					},
					"isolation":	{
					}
				}, {
					"domainName":	"standalone_ps7_cortexa9_0",
					"domainDispName":	"standalone_ps7_cortexa9_0",
					"domainDesc":	"standalone_ps7_cortexa9_0",
					"processors":	"ps7_cortexa9_0",
					"os":	"standalone",
					"sdxOs":	"standalone",
					"qemuArgs":	"/home/alexey/Xilinx/Vitis/2020.2/data/emulation/platforms/zynq/sw/a9_standalone/qemu/qemu_args.txt",
					"qemuData":	"/home/alexey/Xilinx/Vitis/2020.2/data/emulation/platforms/zynq/sw/a9_standalone/qemu/",
					"debugEnable":	"False",
					"domRuntimes":	["cpp"],
					"swRepo":	"",
					"mssOsVer":	"7.3",
					"mssFile":	"",
					"md5Digest":	"45b0abfe8235d9243f1629e877f9a4a5",
					"compatibleApp":	"empty_application",
					"domType":	"mssDomain",
					"arch":	"32-bit",
					"appSettings":	{
						"appCompilerFlags":	"",
						"appLinkerFlags":	""
					},
					"addedLibs":	[],
					"libOptions":	{
						"libsContainingOptions":	[]
					},
					"prebuiltLibs":	{
						"prebuiltIncPath":	[],
						"prebuiltLibPath":	[]
					},
					"isolation":	{
					}
				}]
		}]
}
TRACE::2026-09-21.13:52:58::SCWPlatform::Trying to open the hw design at /home/alexey/programming/systemverilog/ethernet_image_transfer/fpga/zynq_wrapper/hw/zynq_wrapper.xsa
TRACE::2026-09-21.13:52:58::SCWPlatform::DSA given /home/alexey/programming/systemverilog/ethernet_image_transfer/fpga/zynq_wrapper/hw/zynq_wrapper.xsa
TRACE::2026-09-21.13:52:58::SCWPlatform::DSA absoulate path /home/alexey/programming/systemverilog/ethernet_image_transfer/fpga/zynq_wrapper/hw/zynq_wrapper.xsa
TRACE::2026-09-21.13:52:58::SCWPlatform::DSA directory /home/alexey/programming/systemverilog/ethernet_image_transfer/fpga/zynq_wrapper/hw
TRACE::2026-09-21.13:52:58::SCWPlatform:: Platform Path /home/alexey/programming/systemverilog/ethernet_image_transfer/fpga/zynq_wrapper/hw/zynq_wrapper.xsa
TRACE::2026-09-21.13:52:58::SCWPlatform:: Unique name xilinx:::0.0
TRACE::2026-09-21.13:52:58::SCWPlatform::Trying to set the existing hwdb with name zynq_wrapper_0
TRACE::2026-09-21.13:52:58::SCWPlatform::Opened existing hwdb zynq_wrapper_0
TRACE::2026-09-21.13:52:58::SCWPlatform::Found the Hw Db part of the input DSA
TRACE::2026-09-21.13:52:58::SCWMssOS::Checking the sw design at  /home/alexey/programming/systemverilog/ethernet_image_transfer/fpga/zynq_wrapper/ps7_cortexa9_0/standalone_ps7_cortexa9_0/bsp/system.mss
TRACE::2026-09-21.13:52:58::SCWMssOS::DEBUG:  swdes dump  /home/alexey/programming/systemverilog/ethernet_image_transfer/fpga/zynq_wrapper/ps7_cortexa9_0/standalone_ps7_cortexa9_0/bsp/system.mss|system_0||
/home/alexey/programming/systemverilog/ethernet_image_transfer/fpga/zynq_wrapper/zynq_fsbl/zynq_fsbl_bsp/system.mss|system||

TRACE::2026-09-21.13:52:58::SCWMssOS::Sw design exists and opened at  /home/alexey/programming/systemverilog/ethernet_image_transfer/fpga/zynq_wrapper/ps7_cortexa9_0/standalone_ps7_cortexa9_0/bsp/system.mss
TRACE::2026-09-21.13:52:58::SCWPlatform::Trying to open the hw design at /home/alexey/programming/systemverilog/ethernet_image_transfer/fpga/zynq_wrapper/hw/zynq_wrapper.xsa
TRACE::2026-09-21.13:52:58::SCWPlatform::DSA given /home/alexey/programming/systemverilog/ethernet_image_transfer/fpga/zynq_wrapper/hw/zynq_wrapper.xsa
TRACE::2026-09-21.13:52:58::SCWPlatform::DSA absoulate path /home/alexey/programming/systemverilog/ethernet_image_transfer/fpga/zynq_wrapper/hw/zynq_wrapper.xsa
TRACE::2026-09-21.13:52:58::SCWPlatform::DSA directory /home/alexey/programming/systemverilog/ethernet_image_transfer/fpga/zynq_wrapper/hw
TRACE::2026-09-21.13:52:58::SCWPlatform:: Platform Path /home/alexey/programming/systemverilog/ethernet_image_transfer/fpga/zynq_wrapper/hw/zynq_wrapper.xsa
TRACE::2026-09-21.13:52:58::SCWPlatform:: Unique name xilinx:::0.0
TRACE::2026-09-21.13:52:58::SCWPlatform::Trying to set the existing hwdb with name zynq_wrapper_0
TRACE::2026-09-21.13:52:58::SCWPlatform::Opened existing hwdb zynq_wrapper_0
TRACE::2026-09-21.13:52:58::SCWPlatform::Found the Hw Db part of the input DSA
TRACE::2026-09-21.13:52:58::SCWMssOS::Checking the sw design at  /home/alexey/programming/systemverilog/ethernet_image_transfer/fpga/zynq_wrapper/ps7_cortexa9_0/standalone_ps7_cortexa9_0/bsp/system.mss
TRACE::2026-09-21.13:52:58::SCWMssOS::DEBUG:  swdes dump  /home/alexey/programming/systemverilog/ethernet_image_transfer/fpga/zynq_wrapper/ps7_cortexa9_0/standalone_ps7_cortexa9_0/bsp/system.mss|system_0||
/home/alexey/programming/systemverilog/ethernet_image_transfer/fpga/zynq_wrapper/zynq_fsbl/zynq_fsbl_bsp/system.mss|system||

TRACE::2026-09-21.13:52:58::SCWMssOS::Sw design exists and opened at  /home/alexey/programming/systemverilog/ethernet_image_transfer/fpga/zynq_wrapper/ps7_cortexa9_0/standalone_ps7_cortexa9_0/bsp/system.mss
TRACE::2026-09-21.13:52:58::SCWMssOS::Saving the mss changes /home/alexey/programming/systemverilog/ethernet_image_transfer/fpga/zynq_wrapper/zynq_fsbl/zynq_fsbl_bsp/system.mss
TRACE::2026-09-21.13:52:58::SCWMssOS::Found a swdesign opened with the mssfile.
TRACE::2026-09-21.13:52:58::SCWMssOS::Completed writemss as part of save.
TRACE::2026-09-21.13:52:58::SCWMssOS::Commit changes completed.
TRACE::2026-09-21.13:52:58::SCWMssOS::Saving the mss changes /home/alexey/programming/systemverilog/ethernet_image_transfer/fpga/zynq_wrapper/ps7_cortexa9_0/standalone_ps7_cortexa9_0/bsp/system.mss
TRACE::2026-09-21.13:52:58::SCWMssOS::Found a swdesign opened with the mssfile.
TRACE::2026-09-21.13:52:58::SCWMssOS::Completed writemss as part of save.
TRACE::2026-09-21.13:52:58::SCWMssOS::Commit changes completed.
TRACE::2026-09-21.13:52:58::SCWPlatform::Trying to open the hw design at /home/alexey/programming/systemverilog/ethernet_image_transfer/fpga/zynq_wrapper/hw/zynq_wrapper.xsa
TRACE::2026-09-21.13:52:58::SCWPlatform::DSA given /home/alexey/programming/systemverilog/ethernet_image_transfer/fpga/zynq_wrapper/hw/zynq_wrapper.xsa
TRACE::2026-09-21.13:52:58::SCWPlatform::DSA absoulate path /home/alexey/programming/systemverilog/ethernet_image_transfer/fpga/zynq_wrapper/hw/zynq_wrapper.xsa
TRACE::2026-09-21.13:52:58::SCWPlatform::DSA directory /home/alexey/programming/systemverilog/ethernet_image_transfer/fpga/zynq_wrapper/hw
TRACE::2026-09-21.13:52:58::SCWPlatform:: Platform Path /home/alexey/programming/systemverilog/ethernet_image_transfer/fpga/zynq_wrapper/hw/zynq_wrapper.xsa
TRACE::2026-09-21.13:52:58::SCWPlatform:: Unique name xilinx:::0.0
TRACE::2026-09-21.13:52:58::SCWPlatform::Trying to set the existing hwdb with name zynq_wrapper_0
TRACE::2026-09-21.13:52:58::SCWPlatform::Opened existing hwdb zynq_wrapper_0
TRACE::2026-09-21.13:52:58::SCWPlatform::Found the Hw Db part of the input DSA
TRACE::2026-09-21.13:52:58::SCWMssOS::Checking the sw design at  /home/alexey/programming/systemverilog/ethernet_image_transfer/fpga/zynq_wrapper/zynq_fsbl/zynq_fsbl_bsp/system.mss
TRACE::2026-09-21.13:52:58::SCWMssOS::DEBUG:  swdes dump  /home/alexey/programming/systemverilog/ethernet_image_transfer/fpga/zynq_wrapper/ps7_cortexa9_0/standalone_ps7_cortexa9_0/bsp/system.mss|system_0||
/home/alexey/programming/systemverilog/ethernet_image_transfer/fpga/zynq_wrapper/zynq_fsbl/zynq_fsbl_bsp/system.mss|system||

TRACE::2026-09-21.13:52:58::SCWMssOS::Sw design exists and opened at  /home/alexey/programming/systemverilog/ethernet_image_transfer/fpga/zynq_wrapper/zynq_fsbl/zynq_fsbl_bsp/system.mss
TRACE::2026-09-21.13:52:58::SCWPlatform::Trying to open the hw design at /home/alexey/programming/systemverilog/ethernet_image_transfer/fpga/zynq_wrapper/hw/zynq_wrapper.xsa
TRACE::2026-09-21.13:52:58::SCWPlatform::DSA given /home/alexey/programming/systemverilog/ethernet_image_transfer/fpga/zynq_wrapper/hw/zynq_wrapper.xsa
TRACE::2026-09-21.13:52:58::SCWPlatform::DSA absoulate path /home/alexey/programming/systemverilog/ethernet_image_transfer/fpga/zynq_wrapper/hw/zynq_wrapper.xsa
TRACE::2026-09-21.13:52:58::SCWPlatform::DSA directory /home/alexey/programming/systemverilog/ethernet_image_transfer/fpga/zynq_wrapper/hw
TRACE::2026-09-21.13:52:58::SCWPlatform:: Platform Path /home/alexey/programming/systemverilog/ethernet_image_transfer/fpga/zynq_wrapper/hw/zynq_wrapper.xsa
TRACE::2026-09-21.13:52:58::SCWPlatform:: Unique name xilinx:::0.0
TRACE::2026-09-21.13:52:58::SCWPlatform::Trying to set the existing hwdb with name zynq_wrapper_0
TRACE::2026-09-21.13:52:58::SCWPlatform::Opened existing hwdb zynq_wrapper_0
TRACE::2026-09-21.13:52:58::SCWPlatform::Found the Hw Db part of the input DSA
TRACE::2026-09-21.13:52:58::SCWMssOS::Checking the sw design at  /home/alexey/programming/systemverilog/ethernet_image_transfer/fpga/zynq_wrapper/zynq_fsbl/zynq_fsbl_bsp/system.mss
TRACE::2026-09-21.13:52:58::SCWMssOS::DEBUG:  swdes dump  /home/alexey/programming/systemverilog/ethernet_image_transfer/fpga/zynq_wrapper/ps7_cortexa9_0/standalone_ps7_cortexa9_0/bsp/system.mss|system_0||
/home/alexey/programming/systemverilog/ethernet_image_transfer/fpga/zynq_wrapper/zynq_fsbl/zynq_fsbl_bsp/system.mss|system||

TRACE::2026-09-21.13:52:58::SCWMssOS::Sw design exists and opened at  /home/alexey/programming/systemverilog/ethernet_image_transfer/fpga/zynq_wrapper/zynq_fsbl/zynq_fsbl_bsp/system.mss
TRACE::2026-09-21.13:52:58::SCWPlatform::Trying to open the hw design at /home/alexey/programming/systemverilog/ethernet_image_transfer/fpga/zynq_wrapper/hw/zynq_wrapper.xsa
TRACE::2026-09-21.13:52:58::SCWPlatform::DSA given /home/alexey/programming/systemverilog/ethernet_image_transfer/fpga/zynq_wrapper/hw/zynq_wrapper.xsa
TRACE::2026-09-21.13:52:58::SCWPlatform::DSA absoulate path /home/alexey/programming/systemverilog/ethernet_image_transfer/fpga/zynq_wrapper/hw/zynq_wrapper.xsa
TRACE::2026-09-21.13:52:58::SCWPlatform::DSA directory /home/alexey/programming/systemverilog/ethernet_image_transfer/fpga/zynq_wrapper/hw
TRACE::2026-09-21.13:52:58::SCWPlatform:: Platform Path /home/alexey/programming/systemverilog/ethernet_image_transfer/fpga/zynq_wrapper/hw/zynq_wrapper.xsa
TRACE::2026-09-21.13:52:58::SCWPlatform:: Unique name xilinx:::0.0
TRACE::2026-09-21.13:52:58::SCWPlatform::Trying to set the existing hwdb with name zynq_wrapper_0
TRACE::2026-09-21.13:52:58::SCWPlatform::Opened existing hwdb zynq_wrapper_0
TRACE::2026-09-21.13:52:58::SCWPlatform::Found the Hw Db part of the input DSA
TRACE::2026-09-21.13:52:58::SCWMssOS::Checking the sw design at  /home/alexey/programming/systemverilog/ethernet_image_transfer/fpga/zynq_wrapper/zynq_fsbl/zynq_fsbl_bsp/system.mss
TRACE::2026-09-21.13:52:58::SCWMssOS::DEBUG:  swdes dump  /home/alexey/programming/systemverilog/ethernet_image_transfer/fpga/zynq_wrapper/ps7_cortexa9_0/standalone_ps7_cortexa9_0/bsp/system.mss|system_0||
/home/alexey/programming/systemverilog/ethernet_image_transfer/fpga/zynq_wrapper/zynq_fsbl/zynq_fsbl_bsp/system.mss|system||

TRACE::2026-09-21.13:52:58::SCWMssOS::Sw design exists and opened at  /home/alexey/programming/systemverilog/ethernet_image_transfer/fpga/zynq_wrapper/zynq_fsbl/zynq_fsbl_bsp/system.mss
TRACE::2026-09-21.13:52:58::SCWPlatform::Trying to open the hw design at /home/alexey/programming/systemverilog/ethernet_image_transfer/fpga/zynq_wrapper/hw/zynq_wrapper.xsa
TRACE::2026-09-21.13:52:58::SCWPlatform::DSA given /home/alexey/programming/systemverilog/ethernet_image_transfer/fpga/zynq_wrapper/hw/zynq_wrapper.xsa
TRACE::2026-09-21.13:52:58::SCWPlatform::DSA absoulate path /home/alexey/programming/systemverilog/ethernet_image_transfer/fpga/zynq_wrapper/hw/zynq_wrapper.xsa
TRACE::2026-09-21.13:52:58::SCWPlatform::DSA directory /home/alexey/programming/systemverilog/ethernet_image_transfer/fpga/zynq_wrapper/hw
TRACE::2026-09-21.13:52:58::SCWPlatform:: Platform Path /home/alexey/programming/systemverilog/ethernet_image_transfer/fpga/zynq_wrapper/hw/zynq_wrapper.xsa
TRACE::2026-09-21.13:52:58::SCWPlatform:: Unique name xilinx:::0.0
TRACE::2026-09-21.13:52:58::SCWPlatform::Trying to set the existing hwdb with name zynq_wrapper_0
TRACE::2026-09-21.13:52:58::SCWPlatform::Opened existing hwdb zynq_wrapper_0
TRACE::2026-09-21.13:52:58::SCWPlatform::Found the Hw Db part of the input DSA
TRACE::2026-09-21.13:52:58::SCWMssOS::Checking the sw design at  /home/alexey/programming/systemverilog/ethernet_image_transfer/fpga/zynq_wrapper/ps7_cortexa9_0/standalone_ps7_cortexa9_0/bsp/system.mss
TRACE::2026-09-21.13:52:58::SCWMssOS::DEBUG:  swdes dump  /home/alexey/programming/systemverilog/ethernet_image_transfer/fpga/zynq_wrapper/ps7_cortexa9_0/standalone_ps7_cortexa9_0/bsp/system.mss|system_0||
/home/alexey/programming/systemverilog/ethernet_image_transfer/fpga/zynq_wrapper/zynq_fsbl/zynq_fsbl_bsp/system.mss|system||

TRACE::2026-09-21.13:52:58::SCWMssOS::Sw design exists and opened at  /home/alexey/programming/systemverilog/ethernet_image_transfer/fpga/zynq_wrapper/ps7_cortexa9_0/standalone_ps7_cortexa9_0/bsp/system.mss
TRACE::2026-09-21.13:52:58::SCWPlatform::Trying to open the hw design at /home/alexey/programming/systemverilog/ethernet_image_transfer/fpga/zynq_wrapper/hw/zynq_wrapper.xsa
TRACE::2026-09-21.13:52:58::SCWPlatform::DSA given /home/alexey/programming/systemverilog/ethernet_image_transfer/fpga/zynq_wrapper/hw/zynq_wrapper.xsa
TRACE::2026-09-21.13:52:58::SCWPlatform::DSA absoulate path /home/alexey/programming/systemverilog/ethernet_image_transfer/fpga/zynq_wrapper/hw/zynq_wrapper.xsa
TRACE::2026-09-21.13:52:58::SCWPlatform::DSA directory /home/alexey/programming/systemverilog/ethernet_image_transfer/fpga/zynq_wrapper/hw
TRACE::2026-09-21.13:52:58::SCWPlatform:: Platform Path /home/alexey/programming/systemverilog/ethernet_image_transfer/fpga/zynq_wrapper/hw/zynq_wrapper.xsa
TRACE::2026-09-21.13:52:58::SCWPlatform:: Unique name xilinx:::0.0
TRACE::2026-09-21.13:52:58::SCWPlatform::Trying to set the existing hwdb with name zynq_wrapper_0
TRACE::2026-09-21.13:52:58::SCWPlatform::Opened existing hwdb zynq_wrapper_0
TRACE::2026-09-21.13:52:58::SCWPlatform::Found the Hw Db part of the input DSA
TRACE::2026-09-21.13:52:58::SCWMssOS::Checking the sw design at  /home/alexey/programming/systemverilog/ethernet_image_transfer/fpga/zynq_wrapper/ps7_cortexa9_0/standalone_ps7_cortexa9_0/bsp/system.mss
TRACE::2026-09-21.13:52:58::SCWMssOS::DEBUG:  swdes dump  /home/alexey/programming/systemverilog/ethernet_image_transfer/fpga/zynq_wrapper/ps7_cortexa9_0/standalone_ps7_cortexa9_0/bsp/system.mss|system_0||
/home/alexey/programming/systemverilog/ethernet_image_transfer/fpga/zynq_wrapper/zynq_fsbl/zynq_fsbl_bsp/system.mss|system||

TRACE::2026-09-21.13:52:58::SCWMssOS::Sw design exists and opened at  /home/alexey/programming/systemverilog/ethernet_image_transfer/fpga/zynq_wrapper/ps7_cortexa9_0/standalone_ps7_cortexa9_0/bsp/system.mss
TRACE::2026-09-21.13:52:58::SCWPlatform::Trying to open the hw design at /home/alexey/programming/systemverilog/ethernet_image_transfer/fpga/zynq_wrapper/hw/zynq_wrapper.xsa
TRACE::2026-09-21.13:52:58::SCWPlatform::DSA given /home/alexey/programming/systemverilog/ethernet_image_transfer/fpga/zynq_wrapper/hw/zynq_wrapper.xsa
TRACE::2026-09-21.13:52:58::SCWPlatform::DSA absoulate path /home/alexey/programming/systemverilog/ethernet_image_transfer/fpga/zynq_wrapper/hw/zynq_wrapper.xsa
TRACE::2026-09-21.13:52:58::SCWPlatform::DSA directory /home/alexey/programming/systemverilog/ethernet_image_transfer/fpga/zynq_wrapper/hw
TRACE::2026-09-21.13:52:58::SCWPlatform:: Platform Path /home/alexey/programming/systemverilog/ethernet_image_transfer/fpga/zynq_wrapper/hw/zynq_wrapper.xsa
TRACE::2026-09-21.13:52:58::SCWPlatform:: Unique name xilinx:::0.0
TRACE::2026-09-21.13:52:58::SCWPlatform::Trying to set the existing hwdb with name zynq_wrapper_0
TRACE::2026-09-21.13:52:58::SCWPlatform::Opened existing hwdb zynq_wrapper_0
TRACE::2026-09-21.13:52:58::SCWPlatform::Found the Hw Db part of the input DSA
TRACE::2026-09-21.13:52:58::SCWMssOS::Checking the sw design at  /home/alexey/programming/systemverilog/ethernet_image_transfer/fpga/zynq_wrapper/ps7_cortexa9_0/standalone_ps7_cortexa9_0/bsp/system.mss
TRACE::2026-09-21.13:52:58::SCWMssOS::DEBUG:  swdes dump  /home/alexey/programming/systemverilog/ethernet_image_transfer/fpga/zynq_wrapper/ps7_cortexa9_0/standalone_ps7_cortexa9_0/bsp/system.mss|system_0||
/home/alexey/programming/systemverilog/ethernet_image_transfer/fpga/zynq_wrapper/zynq_fsbl/zynq_fsbl_bsp/system.mss|system||

TRACE::2026-09-21.13:52:58::SCWMssOS::Sw design exists and opened at  /home/alexey/programming/systemverilog/ethernet_image_transfer/fpga/zynq_wrapper/ps7_cortexa9_0/standalone_ps7_cortexa9_0/bsp/system.mss
TRACE::2026-09-21.13:52:58::SCWWriter::formatted JSON is {
	"platformName":	"zynq_wrapper",
	"sprVersion":	"2.0",
	"mode":	"gui",
	"dsaType":	"Fixed",
	"platformDesc":	"zynq_wrapper",
	"platHandOff":	"<platformDir>.xsa",
	"platIntHandOff":	"<platformDir>/hw/zynq_wrapper.xsa",
	"deviceType":	"zynq",
	"platIsPrebuiltAutogen":	"false",
	"platIsNoBootBsp":	"false",
	"platFsblTarget":	"ps7_cortexa9_0",
	"hasFsblMakeHasChanges":	"false",
	"hasPmufwMakeHasChanges":	"false",
	"fsblExtraCompilerFlags":	"-MMD -MP       -mcpu=cortex-a9 -mfpu=vfpv3 -mfloat-abi=hard ",
	"platPreBuiltFlag":	false,
	"platformSamplesDir":	"",
	"platActiveSys":	"zynq_wrapper",
	"systems":	[{
			"systemName":	"zynq_wrapper",
			"systemDesc":	"zynq_wrapper",
			"sysIsBootAutoGen":	"true",
			"systemDispName":	"zynq_wrapper",
			"sysActiveDom":	"standalone_ps7_cortexa9_0",
			"sysDefaultDom":	"standalone_ps7_cortexa9_0",
			"domains":	[{
					"domainName":	"zynq_fsbl",
					"domainDispName":	"zynq_fsbl",
					"domainDesc":	"FSBL Application BSP - Auto Generated.",
					"processors":	"ps7_cortexa9_0",
					"os":	"standalone",
					"sdxOs":	"standalone",
					"debugEnable":	"",
					"domRuntimes":	["cpp"],
					"swRepo":	"",
					"mssOsVer":	"7.3",
					"mssFile":	"",
					"md5Digest":	"856d2a8ebe5499b74b0113244d05658d",
					"compatibleApp":	"zynq_fsbl",
					"domType":	"bootDomain",
					"arch":	"32-bit",
					"appSettings":	{
						"appCompilerFlags":	"",
						"appLinkerFlags":	""
					},
					"addedLibs":	["xilffs:4.4", "xilrsa:1.6"],
					"libOptions":	{
						"libsContainingOptions":	[]
					},
					"prebuiltLibs":	{
						"prebuiltIncPath":	[],
						"prebuiltLibPath":	[]
					},
					"isolation":	{
					}
				}, {
					"domainName":	"standalone_ps7_cortexa9_0",
					"domainDispName":	"standalone_ps7_cortexa9_0",
					"domainDesc":	"standalone_ps7_cortexa9_0",
					"processors":	"ps7_cortexa9_0",
					"os":	"standalone",
					"sdxOs":	"standalone",
					"qemuArgs":	"/home/alexey/Xilinx/Vitis/2020.2/data/emulation/platforms/zynq/sw/a9_standalone/qemu/qemu_args.txt",
					"qemuData":	"/home/alexey/Xilinx/Vitis/2020.2/data/emulation/platforms/zynq/sw/a9_standalone/qemu/",
					"debugEnable":	"False",
					"domRuntimes":	["cpp"],
					"swRepo":	"",
					"mssOsVer":	"7.3",
					"mssFile":	"",
					"md5Digest":	"45b0abfe8235d9243f1629e877f9a4a5",
					"compatibleApp":	"empty_application",
					"domType":	"mssDomain",
					"arch":	"32-bit",
					"appSettings":	{
						"appCompilerFlags":	"",
						"appLinkerFlags":	""
					},
					"addedLibs":	[],
					"libOptions":	{
						"libsContainingOptions":	[]
					},
					"prebuiltLibs":	{
						"prebuiltIncPath":	[],
						"prebuiltLibPath":	[]
					},
					"isolation":	{
					}
				}]
		}]
}
LOG::2026-09-21.13:52:58::SCWPlatform::Started generating the artifacts platform zynq_wrapper
TRACE::2026-09-21.13:52:58::SCWPlatform::Sanity checking of platform is completed
LOG::2026-09-21.13:52:58::SCWPlatform::Started generating the artifacts for system configuration zynq_wrapper
LOG::2026-09-21.13:52:58::SCWSystem::Started Processing the domain standalone_ps7_cortexa9_0
TRACE::2026-09-21.13:52:58::SCWDomain::Generating domain artifcats
TRACE::2026-09-21.13:52:58::SCWMssOS::Generating standalone artifcats
TRACE::2026-09-21.13:52:58::SCWMssOS::Copying the qemu file from  /home/alexey/Xilinx/Vitis/2020.2/data/emulation/platforms/zynq/sw/a9_standalone/qemu/qemu_args.txt To /home/alexey/programming/systemverilog/ethernet_image_transfer/fpga/zynq_wrapper/export/zynq_wrapper/sw/zynq_wrapper/qemu/
TRACE::2026-09-21.13:52:58::SCWMssOS::Copying the qemu file from  /home/alexey/Xilinx/Vitis/2020.2/data/emulation/platforms/zynq/sw/a9_standalone/qemu/qemu_args.txt To /home/alexey/programming/systemverilog/ethernet_image_transfer/fpga/zynq_wrapper/export/zynq_wrapper/sw/zynq_wrapper/standalone_ps7_cortexa9_0/qemu/
TRACE::2026-09-21.13:52:58::SCWMssOS:: Copying the user libraries. 
TRACE::2026-09-21.13:52:58::SCWPlatform::Trying to open the hw design at /home/alexey/programming/systemverilog/ethernet_image_transfer/fpga/zynq_wrapper/hw/zynq_wrapper.xsa
TRACE::2026-09-21.13:52:58::SCWPlatform::DSA given /home/alexey/programming/systemverilog/ethernet_image_transfer/fpga/zynq_wrapper/hw/zynq_wrapper.xsa
TRACE::2026-09-21.13:52:58::SCWPlatform::DSA absoulate path /home/alexey/programming/systemverilog/ethernet_image_transfer/fpga/zynq_wrapper/hw/zynq_wrapper.xsa
TRACE::2026-09-21.13:52:58::SCWPlatform::DSA directory /home/alexey/programming/systemverilog/ethernet_image_transfer/fpga/zynq_wrapper/hw
TRACE::2026-09-21.13:52:58::SCWPlatform:: Platform Path /home/alexey/programming/systemverilog/ethernet_image_transfer/fpga/zynq_wrapper/hw/zynq_wrapper.xsa
TRACE::2026-09-21.13:52:58::SCWPlatform:: Unique name xilinx:::0.0
TRACE::2026-09-21.13:52:58::SCWPlatform::Trying to set the existing hwdb with name zynq_wrapper_0
TRACE::2026-09-21.13:52:58::SCWPlatform::Opened existing hwdb zynq_wrapper_0
TRACE::2026-09-21.13:52:58::SCWPlatform::Found the Hw Db part of the input DSA
TRACE::2026-09-21.13:52:58::SCWMssOS::Checking the sw design at  /home/alexey/programming/systemverilog/ethernet_image_transfer/fpga/zynq_wrapper/ps7_cortexa9_0/standalone_ps7_cortexa9_0/bsp/system.mss
TRACE::2026-09-21.13:52:58::SCWMssOS::DEBUG:  swdes dump  /home/alexey/programming/systemverilog/ethernet_image_transfer/fpga/zynq_wrapper/ps7_cortexa9_0/standalone_ps7_cortexa9_0/bsp/system.mss|system_0||
/home/alexey/programming/systemverilog/ethernet_image_transfer/fpga/zynq_wrapper/zynq_fsbl/zynq_fsbl_bsp/system.mss|system||

TRACE::2026-09-21.13:52:58::SCWMssOS::Sw design exists and opened at  /home/alexey/programming/systemverilog/ethernet_image_transfer/fpga/zynq_wrapper/ps7_cortexa9_0/standalone_ps7_cortexa9_0/bsp/system.mss
TRACE::2026-09-21.13:52:58::SCWMssOS::Completed writing the mss file at /home/alexey/programming/systemverilog/ethernet_image_transfer/fpga/zynq_wrapper/ps7_cortexa9_0/standalone_ps7_cortexa9_0/bsp
TRACE::2026-09-21.13:52:58::SCWMssOS::Mss edits present, copying mssfile into export location /home/alexey/programming/systemverilog/ethernet_image_transfer/fpga/zynq_wrapper/ps7_cortexa9_0/standalone_ps7_cortexa9_0/bsp/system.mss
TRACE::2026-09-21.13:52:58::SCWMssOS::bsp generated is upto date with the mss file. Skipping bsp generation.
TRACE::2026-09-21.13:52:58::SCWMssOS::BSP is already built. skipping the bsp build ... 
TRACE::2026-09-21.13:52:58::SCWDomain::Building the domain as part of full build :  standalone_ps7_cortexa9_0
TRACE::2026-09-21.13:52:58::SCWMssOS::skipping the bsp build ... 
TRACE::2026-09-21.13:52:58::SCWMssOS::Copying to export directory.
TRACE::2026-09-21.13:52:58::SCWMssOS:: Checking if to create the Supporting Applications
TRACE::2026-09-21.13:52:58::SCWMssOS:: No Linux domain exists, trying to generate FSBL 
TRACE::2026-09-21.13:52:58::SCWMssOS:: Completed Standalone Artifacts creation 
LOG::2026-09-21.13:52:58::SCWSystem::Completed Processing the domain standalone_ps7_cortexa9_0
LOG::2026-09-21.13:52:58::SCWSystem::Completed Processing the sysconfig zynq_wrapper
LOG::2026-09-21.13:52:58::SCWPlatform::Completed generating the artifacts for system configuration zynq_wrapper
TRACE::2026-09-21.13:52:58::SCWPlatform::Started preparing the platform 
TRACE::2026-09-21.13:52:58::SCWSystem::Writing the bif file for system config zynq_wrapper
TRACE::2026-09-21.13:52:58::SCWSystem::dir created 
TRACE::2026-09-21.13:52:58::SCWSystem::Writing the bif 
TRACE::2026-09-21.13:52:58::SCWPlatform::Started writing the spfm file 
TRACE::2026-09-21.13:52:58::SCWPlatform::Started writing the xpfm file 
TRACE::2026-09-21.13:52:58::SCWPlatform::Completed generating the platform
TRACE::2026-09-21.13:52:58::SCWMssOS::Saving the mss changes /home/alexey/programming/systemverilog/ethernet_image_transfer/fpga/zynq_wrapper/zynq_fsbl/zynq_fsbl_bsp/system.mss
TRACE::2026-09-21.13:52:58::SCWMssOS::Found a swdesign opened with the mssfile.
TRACE::2026-09-21.13:52:58::SCWMssOS::Completed writemss as part of save.
TRACE::2026-09-21.13:52:58::SCWMssOS::Commit changes completed.
TRACE::2026-09-21.13:52:58::SCWMssOS::Saving the mss changes /home/alexey/programming/systemverilog/ethernet_image_transfer/fpga/zynq_wrapper/ps7_cortexa9_0/standalone_ps7_cortexa9_0/bsp/system.mss
TRACE::2026-09-21.13:52:58::SCWMssOS::Found a swdesign opened with the mssfile.
TRACE::2026-09-21.13:52:58::SCWMssOS::Completed writemss as part of save.
TRACE::2026-09-21.13:52:58::SCWMssOS::Commit changes completed.
TRACE::2026-09-21.13:52:58::SCWPlatform::Trying to open the hw design at /home/alexey/programming/systemverilog/ethernet_image_transfer/fpga/zynq_wrapper/hw/zynq_wrapper.xsa
TRACE::2026-09-21.13:52:58::SCWPlatform::DSA given /home/alexey/programming/systemverilog/ethernet_image_transfer/fpga/zynq_wrapper/hw/zynq_wrapper.xsa
TRACE::2026-09-21.13:52:58::SCWPlatform::DSA absoulate path /home/alexey/programming/systemverilog/ethernet_image_transfer/fpga/zynq_wrapper/hw/zynq_wrapper.xsa
TRACE::2026-09-21.13:52:58::SCWPlatform::DSA directory /home/alexey/programming/systemverilog/ethernet_image_transfer/fpga/zynq_wrapper/hw
TRACE::2026-09-21.13:52:58::SCWPlatform:: Platform Path /home/alexey/programming/systemverilog/ethernet_image_transfer/fpga/zynq_wrapper/hw/zynq_wrapper.xsa
TRACE::2026-09-21.13:52:58::SCWPlatform:: Unique name xilinx:::0.0
TRACE::2026-09-21.13:52:58::SCWPlatform::Trying to set the existing hwdb with name zynq_wrapper_0
TRACE::2026-09-21.13:52:58::SCWPlatform::Opened existing hwdb zynq_wrapper_0
TRACE::2026-09-21.13:52:58::SCWPlatform::Found the Hw Db part of the input DSA
TRACE::2026-09-21.13:52:58::SCWMssOS::Checking the sw design at  /home/alexey/programming/systemverilog/ethernet_image_transfer/fpga/zynq_wrapper/zynq_fsbl/zynq_fsbl_bsp/system.mss
TRACE::2026-09-21.13:52:58::SCWMssOS::DEBUG:  swdes dump  /home/alexey/programming/systemverilog/ethernet_image_transfer/fpga/zynq_wrapper/ps7_cortexa9_0/standalone_ps7_cortexa9_0/bsp/system.mss|system_0||
/home/alexey/programming/systemverilog/ethernet_image_transfer/fpga/zynq_wrapper/zynq_fsbl/zynq_fsbl_bsp/system.mss|system||

TRACE::2026-09-21.13:52:58::SCWMssOS::Sw design exists and opened at  /home/alexey/programming/systemverilog/ethernet_image_transfer/fpga/zynq_wrapper/zynq_fsbl/zynq_fsbl_bsp/system.mss
TRACE::2026-09-21.13:52:58::SCWPlatform::Trying to open the hw design at /home/alexey/programming/systemverilog/ethernet_image_transfer/fpga/zynq_wrapper/hw/zynq_wrapper.xsa
TRACE::2026-09-21.13:52:58::SCWPlatform::DSA given /home/alexey/programming/systemverilog/ethernet_image_transfer/fpga/zynq_wrapper/hw/zynq_wrapper.xsa
TRACE::2026-09-21.13:52:58::SCWPlatform::DSA absoulate path /home/alexey/programming/systemverilog/ethernet_image_transfer/fpga/zynq_wrapper/hw/zynq_wrapper.xsa
TRACE::2026-09-21.13:52:58::SCWPlatform::DSA directory /home/alexey/programming/systemverilog/ethernet_image_transfer/fpga/zynq_wrapper/hw
TRACE::2026-09-21.13:52:58::SCWPlatform:: Platform Path /home/alexey/programming/systemverilog/ethernet_image_transfer/fpga/zynq_wrapper/hw/zynq_wrapper.xsa
TRACE::2026-09-21.13:52:58::SCWPlatform:: Unique name xilinx:::0.0
TRACE::2026-09-21.13:52:58::SCWPlatform::Trying to set the existing hwdb with name zynq_wrapper_0
TRACE::2026-09-21.13:52:58::SCWPlatform::Opened existing hwdb zynq_wrapper_0
TRACE::2026-09-21.13:52:58::SCWPlatform::Found the Hw Db part of the input DSA
TRACE::2026-09-21.13:52:58::SCWMssOS::Checking the sw design at  /home/alexey/programming/systemverilog/ethernet_image_transfer/fpga/zynq_wrapper/zynq_fsbl/zynq_fsbl_bsp/system.mss
TRACE::2026-09-21.13:52:58::SCWMssOS::DEBUG:  swdes dump  /home/alexey/programming/systemverilog/ethernet_image_transfer/fpga/zynq_wrapper/ps7_cortexa9_0/standalone_ps7_cortexa9_0/bsp/system.mss|system_0||
/home/alexey/programming/systemverilog/ethernet_image_transfer/fpga/zynq_wrapper/zynq_fsbl/zynq_fsbl_bsp/system.mss|system||

TRACE::2026-09-21.13:52:58::SCWMssOS::Sw design exists and opened at  /home/alexey/programming/systemverilog/ethernet_image_transfer/fpga/zynq_wrapper/zynq_fsbl/zynq_fsbl_bsp/system.mss
TRACE::2026-09-21.13:52:58::SCWPlatform::Trying to open the hw design at /home/alexey/programming/systemverilog/ethernet_image_transfer/fpga/zynq_wrapper/hw/zynq_wrapper.xsa
TRACE::2026-09-21.13:52:58::SCWPlatform::DSA given /home/alexey/programming/systemverilog/ethernet_image_transfer/fpga/zynq_wrapper/hw/zynq_wrapper.xsa
TRACE::2026-09-21.13:52:58::SCWPlatform::DSA absoulate path /home/alexey/programming/systemverilog/ethernet_image_transfer/fpga/zynq_wrapper/hw/zynq_wrapper.xsa
TRACE::2026-09-21.13:52:58::SCWPlatform::DSA directory /home/alexey/programming/systemverilog/ethernet_image_transfer/fpga/zynq_wrapper/hw
TRACE::2026-09-21.13:52:58::SCWPlatform:: Platform Path /home/alexey/programming/systemverilog/ethernet_image_transfer/fpga/zynq_wrapper/hw/zynq_wrapper.xsa
TRACE::2026-09-21.13:52:58::SCWPlatform:: Unique name xilinx:::0.0
TRACE::2026-09-21.13:52:58::SCWPlatform::Trying to set the existing hwdb with name zynq_wrapper_0
TRACE::2026-09-21.13:52:58::SCWPlatform::Opened existing hwdb zynq_wrapper_0
TRACE::2026-09-21.13:52:58::SCWPlatform::Found the Hw Db part of the input DSA
TRACE::2026-09-21.13:52:58::SCWMssOS::Checking the sw design at  /home/alexey/programming/systemverilog/ethernet_image_transfer/fpga/zynq_wrapper/zynq_fsbl/zynq_fsbl_bsp/system.mss
TRACE::2026-09-21.13:52:58::SCWMssOS::DEBUG:  swdes dump  /home/alexey/programming/systemverilog/ethernet_image_transfer/fpga/zynq_wrapper/ps7_cortexa9_0/standalone_ps7_cortexa9_0/bsp/system.mss|system_0||
/home/alexey/programming/systemverilog/ethernet_image_transfer/fpga/zynq_wrapper/zynq_fsbl/zynq_fsbl_bsp/system.mss|system||

TRACE::2026-09-21.13:52:58::SCWMssOS::Sw design exists and opened at  /home/alexey/programming/systemverilog/ethernet_image_transfer/fpga/zynq_wrapper/zynq_fsbl/zynq_fsbl_bsp/system.mss
TRACE::2026-09-21.13:52:58::SCWPlatform::Trying to open the hw design at /home/alexey/programming/systemverilog/ethernet_image_transfer/fpga/zynq_wrapper/hw/zynq_wrapper.xsa
TRACE::2026-09-21.13:52:58::SCWPlatform::DSA given /home/alexey/programming/systemverilog/ethernet_image_transfer/fpga/zynq_wrapper/hw/zynq_wrapper.xsa
TRACE::2026-09-21.13:52:58::SCWPlatform::DSA absoulate path /home/alexey/programming/systemverilog/ethernet_image_transfer/fpga/zynq_wrapper/hw/zynq_wrapper.xsa
TRACE::2026-09-21.13:52:58::SCWPlatform::DSA directory /home/alexey/programming/systemverilog/ethernet_image_transfer/fpga/zynq_wrapper/hw
TRACE::2026-09-21.13:52:58::SCWPlatform:: Platform Path /home/alexey/programming/systemverilog/ethernet_image_transfer/fpga/zynq_wrapper/hw/zynq_wrapper.xsa
TRACE::2026-09-21.13:52:58::SCWPlatform:: Unique name xilinx:::0.0
TRACE::2026-09-21.13:52:58::SCWPlatform::Trying to set the existing hwdb with name zynq_wrapper_0
TRACE::2026-09-21.13:52:58::SCWPlatform::Opened existing hwdb zynq_wrapper_0
TRACE::2026-09-21.13:52:58::SCWPlatform::Found the Hw Db part of the input DSA
TRACE::2026-09-21.13:52:58::SCWMssOS::Checking the sw design at  /home/alexey/programming/systemverilog/ethernet_image_transfer/fpga/zynq_wrapper/ps7_cortexa9_0/standalone_ps7_cortexa9_0/bsp/system.mss
TRACE::2026-09-21.13:52:58::SCWMssOS::DEBUG:  swdes dump  /home/alexey/programming/systemverilog/ethernet_image_transfer/fpga/zynq_wrapper/ps7_cortexa9_0/standalone_ps7_cortexa9_0/bsp/system.mss|system_0||
/home/alexey/programming/systemverilog/ethernet_image_transfer/fpga/zynq_wrapper/zynq_fsbl/zynq_fsbl_bsp/system.mss|system||

TRACE::2026-09-21.13:52:58::SCWMssOS::Sw design exists and opened at  /home/alexey/programming/systemverilog/ethernet_image_transfer/fpga/zynq_wrapper/ps7_cortexa9_0/standalone_ps7_cortexa9_0/bsp/system.mss
TRACE::2026-09-21.13:52:58::SCWPlatform::Trying to open the hw design at /home/alexey/programming/systemverilog/ethernet_image_transfer/fpga/zynq_wrapper/hw/zynq_wrapper.xsa
TRACE::2026-09-21.13:52:58::SCWPlatform::DSA given /home/alexey/programming/systemverilog/ethernet_image_transfer/fpga/zynq_wrapper/hw/zynq_wrapper.xsa
TRACE::2026-09-21.13:52:58::SCWPlatform::DSA absoulate path /home/alexey/programming/systemverilog/ethernet_image_transfer/fpga/zynq_wrapper/hw/zynq_wrapper.xsa
TRACE::2026-09-21.13:52:58::SCWPlatform::DSA directory /home/alexey/programming/systemverilog/ethernet_image_transfer/fpga/zynq_wrapper/hw
TRACE::2026-09-21.13:52:58::SCWPlatform:: Platform Path /home/alexey/programming/systemverilog/ethernet_image_transfer/fpga/zynq_wrapper/hw/zynq_wrapper.xsa
TRACE::2026-09-21.13:52:58::SCWPlatform:: Unique name xilinx:::0.0
TRACE::2026-09-21.13:52:58::SCWPlatform::Trying to set the existing hwdb with name zynq_wrapper_0
TRACE::2026-09-21.13:52:58::SCWPlatform::Opened existing hwdb zynq_wrapper_0
TRACE::2026-09-21.13:52:58::SCWPlatform::Found the Hw Db part of the input DSA
TRACE::2026-09-21.13:52:58::SCWMssOS::Checking the sw design at  /home/alexey/programming/systemverilog/ethernet_image_transfer/fpga/zynq_wrapper/ps7_cortexa9_0/standalone_ps7_cortexa9_0/bsp/system.mss
TRACE::2026-09-21.13:52:58::SCWMssOS::DEBUG:  swdes dump  /home/alexey/programming/systemverilog/ethernet_image_transfer/fpga/zynq_wrapper/ps7_cortexa9_0/standalone_ps7_cortexa9_0/bsp/system.mss|system_0||
/home/alexey/programming/systemverilog/ethernet_image_transfer/fpga/zynq_wrapper/zynq_fsbl/zynq_fsbl_bsp/system.mss|system||

TRACE::2026-09-21.13:52:58::SCWMssOS::Sw design exists and opened at  /home/alexey/programming/systemverilog/ethernet_image_transfer/fpga/zynq_wrapper/ps7_cortexa9_0/standalone_ps7_cortexa9_0/bsp/system.mss
TRACE::2026-09-21.13:52:58::SCWPlatform::Trying to open the hw design at /home/alexey/programming/systemverilog/ethernet_image_transfer/fpga/zynq_wrapper/hw/zynq_wrapper.xsa
TRACE::2026-09-21.13:52:58::SCWPlatform::DSA given /home/alexey/programming/systemverilog/ethernet_image_transfer/fpga/zynq_wrapper/hw/zynq_wrapper.xsa
TRACE::2026-09-21.13:52:58::SCWPlatform::DSA absoulate path /home/alexey/programming/systemverilog/ethernet_image_transfer/fpga/zynq_wrapper/hw/zynq_wrapper.xsa
TRACE::2026-09-21.13:52:58::SCWPlatform::DSA directory /home/alexey/programming/systemverilog/ethernet_image_transfer/fpga/zynq_wrapper/hw
TRACE::2026-09-21.13:52:58::SCWPlatform:: Platform Path /home/alexey/programming/systemverilog/ethernet_image_transfer/fpga/zynq_wrapper/hw/zynq_wrapper.xsa
TRACE::2026-09-21.13:52:58::SCWPlatform:: Unique name xilinx:::0.0
TRACE::2026-09-21.13:52:58::SCWPlatform::Trying to set the existing hwdb with name zynq_wrapper_0
TRACE::2026-09-21.13:52:58::SCWPlatform::Opened existing hwdb zynq_wrapper_0
TRACE::2026-09-21.13:52:58::SCWPlatform::Found the Hw Db part of the input DSA
TRACE::2026-09-21.13:52:58::SCWMssOS::Checking the sw design at  /home/alexey/programming/systemverilog/ethernet_image_transfer/fpga/zynq_wrapper/ps7_cortexa9_0/standalone_ps7_cortexa9_0/bsp/system.mss
TRACE::2026-09-21.13:52:58::SCWMssOS::DEBUG:  swdes dump  /home/alexey/programming/systemverilog/ethernet_image_transfer/fpga/zynq_wrapper/ps7_cortexa9_0/standalone_ps7_cortexa9_0/bsp/system.mss|system_0||
/home/alexey/programming/systemverilog/ethernet_image_transfer/fpga/zynq_wrapper/zynq_fsbl/zynq_fsbl_bsp/system.mss|system||

TRACE::2026-09-21.13:52:58::SCWMssOS::Sw design exists and opened at  /home/alexey/programming/systemverilog/ethernet_image_transfer/fpga/zynq_wrapper/ps7_cortexa9_0/standalone_ps7_cortexa9_0/bsp/system.mss
TRACE::2026-09-21.13:52:58::SCWWriter::formatted JSON is {
	"platformName":	"zynq_wrapper",
	"sprVersion":	"2.0",
	"mode":	"gui",
	"dsaType":	"Fixed",
	"platformDesc":	"zynq_wrapper",
	"platHandOff":	"<platformDir>.xsa",
	"platIntHandOff":	"<platformDir>/hw/zynq_wrapper.xsa",
	"deviceType":	"zynq",
	"platIsPrebuiltAutogen":	"false",
	"platIsNoBootBsp":	"false",
	"platFsblTarget":	"ps7_cortexa9_0",
	"hasFsblMakeHasChanges":	"false",
	"hasPmufwMakeHasChanges":	"false",
	"fsblExtraCompilerFlags":	"-MMD -MP       -mcpu=cortex-a9 -mfpu=vfpv3 -mfloat-abi=hard ",
	"platPreBuiltFlag":	false,
	"platformSamplesDir":	"",
	"platActiveSys":	"zynq_wrapper",
	"systems":	[{
			"systemName":	"zynq_wrapper",
			"systemDesc":	"zynq_wrapper",
			"sysIsBootAutoGen":	"true",
			"systemDispName":	"zynq_wrapper",
			"sysActiveDom":	"standalone_ps7_cortexa9_0",
			"sysDefaultDom":	"standalone_ps7_cortexa9_0",
			"domains":	[{
					"domainName":	"zynq_fsbl",
					"domainDispName":	"zynq_fsbl",
					"domainDesc":	"FSBL Application BSP - Auto Generated.",
					"processors":	"ps7_cortexa9_0",
					"os":	"standalone",
					"sdxOs":	"standalone",
					"debugEnable":	"",
					"domRuntimes":	["cpp"],
					"swRepo":	"",
					"mssOsVer":	"7.3",
					"mssFile":	"",
					"md5Digest":	"856d2a8ebe5499b74b0113244d05658d",
					"compatibleApp":	"zynq_fsbl",
					"domType":	"bootDomain",
					"arch":	"32-bit",
					"appSettings":	{
						"appCompilerFlags":	"",
						"appLinkerFlags":	""
					},
					"addedLibs":	["xilffs:4.4", "xilrsa:1.6"],
					"libOptions":	{
						"libsContainingOptions":	[]
					},
					"prebuiltLibs":	{
						"prebuiltIncPath":	[],
						"prebuiltLibPath":	[]
					},
					"isolation":	{
					}
				}, {
					"domainName":	"standalone_ps7_cortexa9_0",
					"domainDispName":	"standalone_ps7_cortexa9_0",
					"domainDesc":	"standalone_ps7_cortexa9_0",
					"processors":	"ps7_cortexa9_0",
					"os":	"standalone",
					"sdxOs":	"standalone",
					"qemuArgs":	"/home/alexey/Xilinx/Vitis/2020.2/data/emulation/platforms/zynq/sw/a9_standalone/qemu/qemu_args.txt",
					"qemuData":	"/home/alexey/Xilinx/Vitis/2020.2/data/emulation/platforms/zynq/sw/a9_standalone/qemu/",
					"debugEnable":	"False",
					"domRuntimes":	["cpp"],
					"swRepo":	"",
					"mssOsVer":	"7.3",
					"mssFile":	"",
					"md5Digest":	"45b0abfe8235d9243f1629e877f9a4a5",
					"compatibleApp":	"empty_application",
					"domType":	"mssDomain",
					"arch":	"32-bit",
					"appSettings":	{
						"appCompilerFlags":	"",
						"appLinkerFlags":	""
					},
					"addedLibs":	[],
					"libOptions":	{
						"libsContainingOptions":	[]
					},
					"prebuiltLibs":	{
						"prebuiltIncPath":	[],
						"prebuiltLibPath":	[]
					},
					"isolation":	{
					}
				}]
		}]
}
KEYINFO::2026-09-21.13:52:58::SCWPlatform::updated the xpfm file.
LOG::2026-09-21.16:04:24::SCWPlatform::Started generating the artifacts platform zynq_wrapper
TRACE::2026-09-21.16:04:24::SCWPlatform::Sanity checking of platform is completed
LOG::2026-09-21.16:04:24::SCWPlatform::Started generating the artifacts for system configuration zynq_wrapper
LOG::2026-09-21.16:04:24::SCWSystem::Checking the domain zynq_fsbl
LOG::2026-09-21.16:04:24::SCWSystem::Doing application build for :  zynq_fsbl
TRACE::2026-09-21.16:04:24::SCWBDomain::Not a forced makefile updation, No changes are present. 
TRACE::2026-09-21.16:04:24::SCWDomain::Building the domain as part of full build :  zynq_fsbl
TRACE::2026-09-21.16:04:24::SCWPlatform::Trying to open the hw design at /home/alexey/programming/systemverilog/ethernet_image_transfer/fpga/zynq_wrapper/hw/zynq_wrapper.xsa
TRACE::2026-09-21.16:04:24::SCWPlatform::DSA given /home/alexey/programming/systemverilog/ethernet_image_transfer/fpga/zynq_wrapper/hw/zynq_wrapper.xsa
TRACE::2026-09-21.16:04:24::SCWPlatform::DSA absoulate path /home/alexey/programming/systemverilog/ethernet_image_transfer/fpga/zynq_wrapper/hw/zynq_wrapper.xsa
TRACE::2026-09-21.16:04:24::SCWPlatform::DSA directory /home/alexey/programming/systemverilog/ethernet_image_transfer/fpga/zynq_wrapper/hw
TRACE::2026-09-21.16:04:24::SCWPlatform:: Platform Path /home/alexey/programming/systemverilog/ethernet_image_transfer/fpga/zynq_wrapper/hw/zynq_wrapper.xsa
TRACE::2026-09-21.16:04:24::SCWPlatform:: Unique name xilinx:::0.0
TRACE::2026-09-21.16:04:24::SCWPlatform::Trying to set the existing hwdb with name zynq_wrapper_0
TRACE::2026-09-21.16:04:24::SCWPlatform::Opened existing hwdb zynq_wrapper_0
TRACE::2026-09-21.16:04:24::SCWPlatform::Found the Hw Db part of the input DSA
TRACE::2026-09-21.16:04:24::SCWMssOS::Checking the sw design at  /home/alexey/programming/systemverilog/ethernet_image_transfer/fpga/zynq_wrapper/zynq_fsbl/zynq_fsbl_bsp/system.mss
TRACE::2026-09-21.16:04:24::SCWMssOS::DEBUG:  swdes dump  /home/alexey/programming/systemverilog/ethernet_image_transfer/fpga/zynq_wrapper/ps7_cortexa9_0/standalone_ps7_cortexa9_0/bsp/system.mss|system_0||
/home/alexey/programming/systemverilog/ethernet_image_transfer/fpga/zynq_wrapper/zynq_fsbl/zynq_fsbl_bsp/system.mss|system||

TRACE::2026-09-21.16:04:24::SCWMssOS::Sw design exists and opened at  /home/alexey/programming/systemverilog/ethernet_image_transfer/fpga/zynq_wrapper/zynq_fsbl/zynq_fsbl_bsp/system.mss
TRACE::2026-09-21.16:04:24::SCWBDomain::Completed writing the mss file at /home/alexey/programming/systemverilog/ethernet_image_transfer/fpga/zynq_wrapper/zynq_fsbl/zynq_fsbl_bsp
TRACE::2026-09-21.16:04:24::SCWBDomain::bsp generated is upto date with the mss file. Skipping bsp generation.
TRACE::2026-09-21.16:04:24::SCWBDomain::Not a forced makefile updation, No changes are present. 
TRACE::2026-09-21.16:04:24::SCWBDomain::System Command Ran  cd  /home/alexey/programming/systemverilog/ethernet_image_transfer/fpga/zynq_wrapper/zynq_fsbl ; bash -c " make -C zynq_fsbl_bsp ; make  " 
TRACE::2026-09-21.16:04:24::SCWBDomain::make: вход в каталог «/home/alexey/programming/systemverilog/ethernet_image_transfer/fpga/zynq_wrapper/zynq_fsbl/z
TRACE::2026-09-21.16:04:24::SCWBDomain::ynq_fsbl_bsp»

TRACE::2026-09-21.16:04:24::SCWBDomain::make --no-print-directory seq_libs

TRACE::2026-09-21.16:04:24::SCWBDomain::Running Make include in ps7_cortexa9_0/libsrc/axivdma_v6_8/src

TRACE::2026-09-21.16:04:24::SCWBDomain::make -C ps7_cortexa9_0/libsrc/axivdma_v6_8/src -s include  "SHELL=/bin/sh" "COMPILER=arm-none-eabi-gcc" "ASSEMBLER=arm-none-eab
TRACE::2026-09-21.16:04:24::SCWBDomain::i-as" "ARCHIVER=arm-none-eabi-ar" "COMPILER_FLAGS=  -O2 -c" "EXTRA_COMPILER_FLAGS=-mcpu=cortex-a9 -mfpu=vfpv3 -mfloat-abi=hard 
TRACE::2026-09-21.16:04:24::SCWBDomain::-nostartfiles -g -Wall -Wextra"

TRACE::2026-09-21.16:04:24::SCWBDomain::Running Make include in ps7_cortexa9_0/libsrc/coresightps_dcc_v1_8/src

TRACE::2026-09-21.16:04:24::SCWBDomain::make -C ps7_cortexa9_0/libsrc/coresightps_dcc_v1_8/src -s include  "SHELL=/bin/sh" "COMPILER=arm-none-eabi-gcc" "ASSEMBLER=arm-
TRACE::2026-09-21.16:04:24::SCWBDomain::none-eabi-as" "ARCHIVER=arm-none-eabi-ar" "COMPILER_FLAGS=  -O2 -c" "EXTRA_COMPILER_FLAGS=-mcpu=cortex-a9 -mfpu=vfpv3 -mfloat-a
TRACE::2026-09-21.16:04:24::SCWBDomain::bi=hard -nostartfiles -g -Wall -Wextra"

TRACE::2026-09-21.16:04:24::SCWBDomain::Running Make include in ps7_cortexa9_0/libsrc/cpu_cortexa9_v2_10/src

TRACE::2026-09-21.16:04:24::SCWBDomain::make -C ps7_cortexa9_0/libsrc/cpu_cortexa9_v2_10/src -s include  "SHELL=/bin/sh" "COMPILER=arm-none-eabi-gcc" "ASSEMBLER=arm-no
TRACE::2026-09-21.16:04:24::SCWBDomain::ne-eabi-as" "ARCHIVER=arm-none-eabi-ar" "COMPILER_FLAGS=  -O2 -c" "EXTRA_COMPILER_FLAGS=-mcpu=cortex-a9 -mfpu=vfpv3 -mfloat-abi
TRACE::2026-09-21.16:04:24::SCWBDomain::=hard -nostartfiles -g -Wall -Wextra"

TRACE::2026-09-21.16:04:24::SCWBDomain::Running Make include in ps7_cortexa9_0/libsrc/ddrps_v1_2/src

TRACE::2026-09-21.16:04:24::SCWBDomain::make -C ps7_cortexa9_0/libsrc/ddrps_v1_2/src -s include  "SHELL=/bin/sh" "COMPILER=arm-none-eabi-gcc" "ASSEMBLER=arm-none-eabi-
TRACE::2026-09-21.16:04:24::SCWBDomain::as" "ARCHIVER=arm-none-eabi-ar" "COMPILER_FLAGS=  -O2 -c" "EXTRA_COMPILER_FLAGS=-mcpu=cortex-a9 -mfpu=vfpv3 -mfloat-abi=hard -n
TRACE::2026-09-21.16:04:24::SCWBDomain::ostartfiles -g -Wall -Wextra"

TRACE::2026-09-21.16:04:24::SCWBDomain::Running Make include in ps7_cortexa9_0/libsrc/devcfg_v3_7/src

TRACE::2026-09-21.16:04:24::SCWBDomain::make -C ps7_cortexa9_0/libsrc/devcfg_v3_7/src -s include  "SHELL=/bin/sh" "COMPILER=arm-none-eabi-gcc" "ASSEMBLER=arm-none-eabi
TRACE::2026-09-21.16:04:24::SCWBDomain::-as" "ARCHIVER=arm-none-eabi-ar" "COMPILER_FLAGS=  -O2 -c" "EXTRA_COMPILER_FLAGS=-mcpu=cortex-a9 -mfpu=vfpv3 -mfloat-abi=hard -
TRACE::2026-09-21.16:04:24::SCWBDomain::nostartfiles -g -Wall -Wextra"

TRACE::2026-09-21.16:04:24::SCWBDomain::Running Make include in ps7_cortexa9_0/libsrc/dmaps_v2_7/src

TRACE::2026-09-21.16:04:24::SCWBDomain::make -C ps7_cortexa9_0/libsrc/dmaps_v2_7/src -s include  "SHELL=/bin/sh" "COMPILER=arm-none-eabi-gcc" "ASSEMBLER=arm-none-eabi-
TRACE::2026-09-21.16:04:24::SCWBDomain::as" "ARCHIVER=arm-none-eabi-ar" "COMPILER_FLAGS=  -O2 -c" "EXTRA_COMPILER_FLAGS=-mcpu=cortex-a9 -mfpu=vfpv3 -mfloat-abi=hard -n
TRACE::2026-09-21.16:04:24::SCWBDomain::ostartfiles -g -Wall -Wextra"

TRACE::2026-09-21.16:04:24::SCWBDomain::Running Make include in ps7_cortexa9_0/libsrc/emacps_v3_12/src

TRACE::2026-09-21.16:04:24::SCWBDomain::make -C ps7_cortexa9_0/libsrc/emacps_v3_12/src -s include  "SHELL=/bin/sh" "COMPILER=arm-none-eabi-gcc" "ASSEMBLER=arm-none-eab
TRACE::2026-09-21.16:04:24::SCWBDomain::i-as" "ARCHIVER=arm-none-eabi-ar" "COMPILER_FLAGS=  -O2 -c" "EXTRA_COMPILER_FLAGS=-mcpu=cortex-a9 -mfpu=vfpv3 -mfloat-abi=hard 
TRACE::2026-09-21.16:04:24::SCWBDomain::-nostartfiles -g -Wall -Wextra"

TRACE::2026-09-21.16:04:24::SCWBDomain::Running Make include in ps7_cortexa9_0/libsrc/scugic_v4_3/src

TRACE::2026-09-21.16:04:24::SCWBDomain::make -C ps7_cortexa9_0/libsrc/scugic_v4_3/src -s include  "SHELL=/bin/sh" "COMPILER=arm-none-eabi-gcc" "ASSEMBLER=arm-none-eabi
TRACE::2026-09-21.16:04:24::SCWBDomain::-as" "ARCHIVER=arm-none-eabi-ar" "COMPILER_FLAGS=  -O2 -c" "EXTRA_COMPILER_FLAGS=-mcpu=cortex-a9 -mfpu=vfpv3 -mfloat-abi=hard -
TRACE::2026-09-21.16:04:24::SCWBDomain::nostartfiles -g -Wall -Wextra"

TRACE::2026-09-21.16:04:24::SCWBDomain::Running Make include in ps7_cortexa9_0/libsrc/scutimer_v2_3/src

TRACE::2026-09-21.16:04:24::SCWBDomain::make -C ps7_cortexa9_0/libsrc/scutimer_v2_3/src -s include  "SHELL=/bin/sh" "COMPILER=arm-none-eabi-gcc" "ASSEMBLER=arm-none-ea
TRACE::2026-09-21.16:04:24::SCWBDomain::bi-as" "ARCHIVER=arm-none-eabi-ar" "COMPILER_FLAGS=  -O2 -c" "EXTRA_COMPILER_FLAGS=-mcpu=cortex-a9 -mfpu=vfpv3 -mfloat-abi=hard
TRACE::2026-09-21.16:04:24::SCWBDomain:: -nostartfiles -g -Wall -Wextra"

TRACE::2026-09-21.16:04:24::SCWBDomain::Running Make include in ps7_cortexa9_0/libsrc/scuwdt_v2_3/src

TRACE::2026-09-21.16:04:24::SCWBDomain::make -C ps7_cortexa9_0/libsrc/scuwdt_v2_3/src -s include  "SHELL=/bin/sh" "COMPILER=arm-none-eabi-gcc" "ASSEMBLER=arm-none-eabi
TRACE::2026-09-21.16:04:24::SCWBDomain::-as" "ARCHIVER=arm-none-eabi-ar" "COMPILER_FLAGS=  -O2 -c" "EXTRA_COMPILER_FLAGS=-mcpu=cortex-a9 -mfpu=vfpv3 -mfloat-abi=hard -
TRACE::2026-09-21.16:04:24::SCWBDomain::nostartfiles -g -Wall -Wextra"

TRACE::2026-09-21.16:04:24::SCWBDomain::Running Make include in ps7_cortexa9_0/libsrc/sdps_v3_10/src

TRACE::2026-09-21.16:04:24::SCWBDomain::make -C ps7_cortexa9_0/libsrc/sdps_v3_10/src -s include  "SHELL=/bin/sh" "COMPILER=arm-none-eabi-gcc" "ASSEMBLER=arm-none-eabi-
TRACE::2026-09-21.16:04:24::SCWBDomain::as" "ARCHIVER=arm-none-eabi-ar" "COMPILER_FLAGS=  -O2 -c" "EXTRA_COMPILER_FLAGS=-mcpu=cortex-a9 -mfpu=vfpv3 -mfloat-abi=hard -n
TRACE::2026-09-21.16:04:24::SCWBDomain::ostartfiles -g -Wall -Wextra"

TRACE::2026-09-21.16:04:24::SCWBDomain::Running Make include in ps7_cortexa9_0/libsrc/standalone_v7_3/src

TRACE::2026-09-21.16:04:24::SCWBDomain::make -C ps7_cortexa9_0/libsrc/standalone_v7_3/src -s include  "SHELL=/bin/sh" "COMPILER=arm-none-eabi-gcc" "ASSEMBLER=arm-none-
TRACE::2026-09-21.16:04:24::SCWBDomain::eabi-as" "ARCHIVER=arm-none-eabi-ar" "COMPILER_FLAGS=  -O2 -c" "EXTRA_COMPILER_FLAGS=-mcpu=cortex-a9 -mfpu=vfpv3 -mfloat-abi=ha
TRACE::2026-09-21.16:04:24::SCWBDomain::rd -nostartfiles -g -Wall -Wextra"

TRACE::2026-09-21.16:04:24::SCWBDomain::Running Make include in ps7_cortexa9_0/libsrc/uartps_v3_10/src

TRACE::2026-09-21.16:04:24::SCWBDomain::make -C ps7_cortexa9_0/libsrc/uartps_v3_10/src -s include  "SHELL=/bin/sh" "COMPILER=arm-none-eabi-gcc" "ASSEMBLER=arm-none-eab
TRACE::2026-09-21.16:04:24::SCWBDomain::i-as" "ARCHIVER=arm-none-eabi-ar" "COMPILER_FLAGS=  -O2 -c" "EXTRA_COMPILER_FLAGS=-mcpu=cortex-a9 -mfpu=vfpv3 -mfloat-abi=hard 
TRACE::2026-09-21.16:04:24::SCWBDomain::-nostartfiles -g -Wall -Wextra"

TRACE::2026-09-21.16:04:24::SCWBDomain::Running Make include in ps7_cortexa9_0/libsrc/video_common_v4_10/src

TRACE::2026-09-21.16:04:24::SCWBDomain::make -C ps7_cortexa9_0/libsrc/video_common_v4_10/src -s include  "SHELL=/bin/sh" "COMPILER=arm-none-eabi-gcc" "ASSEMBLER=arm-no
TRACE::2026-09-21.16:04:24::SCWBDomain::ne-eabi-as" "ARCHIVER=arm-none-eabi-ar" "COMPILER_FLAGS=  -O2 -c" "EXTRA_COMPILER_FLAGS=-mcpu=cortex-a9 -mfpu=vfpv3 -mfloat-abi
TRACE::2026-09-21.16:04:24::SCWBDomain::=hard -nostartfiles -g -Wall -Wextra"

TRACE::2026-09-21.16:04:24::SCWBDomain::Running Make include in ps7_cortexa9_0/libsrc/v_tpg_v8_3/src

TRACE::2026-09-21.16:04:24::SCWBDomain::make -C ps7_cortexa9_0/libsrc/v_tpg_v8_3/src -s include  "SHELL=/bin/sh" "COMPILER=arm-none-eabi-gcc" "ASSEMBLER=arm-none-eabi-
TRACE::2026-09-21.16:04:24::SCWBDomain::as" "ARCHIVER=arm-none-eabi-ar" "COMPILER_FLAGS=  -O2 -c" "EXTRA_COMPILER_FLAGS=-mcpu=cortex-a9 -mfpu=vfpv3 -mfloat-abi=hard -n
TRACE::2026-09-21.16:04:24::SCWBDomain::ostartfiles -g -Wall -Wextra"

TRACE::2026-09-21.16:04:24::SCWBDomain::Running Make include in ps7_cortexa9_0/libsrc/xadcps_v2_5/src

TRACE::2026-09-21.16:04:24::SCWBDomain::make -C ps7_cortexa9_0/libsrc/xadcps_v2_5/src -s include  "SHELL=/bin/sh" "COMPILER=arm-none-eabi-gcc" "ASSEMBLER=arm-none-eabi
TRACE::2026-09-21.16:04:24::SCWBDomain::-as" "ARCHIVER=arm-none-eabi-ar" "COMPILER_FLAGS=  -O2 -c" "EXTRA_COMPILER_FLAGS=-mcpu=cortex-a9 -mfpu=vfpv3 -mfloat-abi=hard -
TRACE::2026-09-21.16:04:24::SCWBDomain::nostartfiles -g -Wall -Wextra"

TRACE::2026-09-21.16:04:24::SCWBDomain::Running Make include in ps7_cortexa9_0/libsrc/xilffs_v4_4/src

TRACE::2026-09-21.16:04:24::SCWBDomain::make -C ps7_cortexa9_0/libsrc/xilffs_v4_4/src -s include  "SHELL=/bin/sh" "COMPILER=arm-none-eabi-gcc" "ASSEMBLER=arm-none-eabi
TRACE::2026-09-21.16:04:24::SCWBDomain::-as" "ARCHIVER=arm-none-eabi-ar" "COMPILER_FLAGS=  -O2 -c" "EXTRA_COMPILER_FLAGS=-mcpu=cortex-a9 -mfpu=vfpv3 -mfloat-abi=hard -
TRACE::2026-09-21.16:04:24::SCWBDomain::nostartfiles -g -Wall -Wextra"

TRACE::2026-09-21.16:04:24::SCWBDomain::Running Make include in ps7_cortexa9_0/libsrc/xilrsa_v1_6/src

TRACE::2026-09-21.16:04:24::SCWBDomain::make -C ps7_cortexa9_0/libsrc/xilrsa_v1_6/src -s include  "SHELL=/bin/sh" "COMPILER=arm-none-eabi-gcc" "ASSEMBLER=arm-none-eabi
TRACE::2026-09-21.16:04:24::SCWBDomain::-as" "ARCHIVER=arm-none-eabi-ar" "COMPILER_FLAGS=  -O2 -c" "EXTRA_COMPILER_FLAGS=-mcpu=cortex-a9 -mfpu=vfpv3 -mfloat-abi=hard -
TRACE::2026-09-21.16:04:24::SCWBDomain::nostartfiles -g -Wall -Wextra"

TRACE::2026-09-21.16:04:24::SCWBDomain::Running Make libs in ps7_cortexa9_0/libsrc/xilrsa_v1_6/src

TRACE::2026-09-21.16:04:24::SCWBDomain::make -C ps7_cortexa9_0/libsrc/xilrsa_v1_6/src -s libs  "SHELL=/bin/sh" "COMPILER=arm-none-eabi-gcc" "ASSEMBLER=arm-none-eabi-as
TRACE::2026-09-21.16:04:24::SCWBDomain::" "ARCHIVER=arm-none-eabi-ar" "COMPILER_FLAGS=  -O2 -c" "EXTRA_COMPILER_FLAGS=-mcpu=cortex-a9 -mfpu=vfpv3 -mfloat-abi=hard -nos
TRACE::2026-09-21.16:04:24::SCWBDomain::tartfiles -g -Wall -Wextra"

TRACE::2026-09-21.16:04:24::SCWBDomain::Finished building libraries sequentially.

TRACE::2026-09-21.16:04:24::SCWBDomain::make -j --no-print-directory par_libs

TRACE::2026-09-21.16:04:24::SCWBDomain::Running Make include in ps7_cortexa9_0/libsrc/axivdma_v6_8/src

TRACE::2026-09-21.16:04:24::SCWBDomain::Running Make include in ps7_cortexa9_0/libsrc/coresightps_dcc_v1_8/src

TRACE::2026-09-21.16:04:24::SCWBDomain::Running Make include in ps7_cortexa9_0/libsrc/cpu_cortexa9_v2_10/src

TRACE::2026-09-21.16:04:24::SCWBDomain::make -C ps7_cortexa9_0/libsrc/axivdma_v6_8/src -s include  "SHELL=/bin/sh" "COMPILER=arm-none-eabi-gcc" "ASSEMBLER=arm-none-eab
TRACE::2026-09-21.16:04:24::SCWBDomain::i-as" "ARCHIVER=arm-none-eabi-ar" "COMPILER_FLAGS=  -O2 -c" "EXTRA_COMPILER_FLAGS=-mcpu=cortex-a9 -mfpu=vfpv3 -mfloat-abi=hard 
TRACE::2026-09-21.16:04:24::SCWBDomain::-nostartfiles -g -Wall -Wextra"

TRACE::2026-09-21.16:04:24::SCWBDomain::Running Make include in ps7_cortexa9_0/libsrc/devcfg_v3_7/src

TRACE::2026-09-21.16:04:24::SCWBDomain::Running Make include in ps7_cortexa9_0/libsrc/dmaps_v2_7/src

TRACE::2026-09-21.16:04:24::SCWBDomain::Running Make include in ps7_cortexa9_0/libsrc/ddrps_v1_2/src

TRACE::2026-09-21.16:04:24::SCWBDomain::make -C ps7_cortexa9_0/libsrc/coresightps_dcc_v1_8/src -s include  "SHELL=/bin/sh" "COMPILER=arm-none-eabi-gcc" "ASSEMBLER=arm-
TRACE::2026-09-21.16:04:24::SCWBDomain::none-eabi-as" "ARCHIVER=arm-none-eabi-ar" "COMPILER_FLAGS=  -O2 -c" "EXTRA_COMPILER_FLAGS=-mcpu=cortex-a9 -mfpu=vfpv3 -mfloat-a
TRACE::2026-09-21.16:04:24::SCWBDomain::bi=hard -nostartfiles -g -Wall -Wextra"

TRACE::2026-09-21.16:04:24::SCWBDomain::Running Make include in ps7_cortexa9_0/libsrc/emacps_v3_12/src

TRACE::2026-09-21.16:04:24::SCWBDomain::make -C ps7_cortexa9_0/libsrc/cpu_cortexa9_v2_10/src -s include  "SHELL=/bin/sh" "COMPILER=arm-none-eabi-gcc" "ASSEMBLER=arm-no
TRACE::2026-09-21.16:04:24::SCWBDomain::ne-eabi-as" "ARCHIVER=arm-none-eabi-ar" "COMPILER_FLAGS=  -O2 -c" "EXTRA_COMPILER_FLAGS=-mcpu=cortex-a9 -mfpu=vfpv3 -mfloat-abi
TRACE::2026-09-21.16:04:24::SCWBDomain::=hard -nostartfiles -g -Wall -Wextra"

TRACE::2026-09-21.16:04:24::SCWBDomain::make -C ps7_cortexa9_0/libsrc/ddrps_v1_2/src -s include  "SHELL=/bin/sh" "COMPILER=arm-none-eabi-gcc" "ASSEMBLER=arm-none-eabi-
TRACE::2026-09-21.16:04:24::SCWBDomain::as" "ARCHIVER=arm-none-eabi-ar" "COMPILER_FLAGS=  -O2 -c" "EXTRA_COMPILER_FLAGS=-mcpu=cortex-a9 -mfpu=vfpv3 -mfloat-abi=hard -n
TRACE::2026-09-21.16:04:24::SCWBDomain::ostartfiles -g -Wall -Wextra"

TRACE::2026-09-21.16:04:24::SCWBDomain::make -C ps7_cortexa9_0/libsrc/devcfg_v3_7/src -s include  "SHELL=/bin/sh" "COMPILER=arm-none-eabi-gcc" "ASSEMBLER=arm-none-eabi
TRACE::2026-09-21.16:04:24::SCWBDomain::-as" "ARCHIVER=arm-none-eabi-ar" "COMPILER_FLAGS=  -O2 -c" "EXTRA_COMPILER_FLAGS=-mcpu=cortex-a9 -mfpu=vfpv3 -mfloat-abi=hard -
TRACE::2026-09-21.16:04:24::SCWBDomain::nostartfiles -g -Wall -Wextra"

TRACE::2026-09-21.16:04:24::SCWBDomain::Running Make include in ps7_cortexa9_0/libsrc/scugic_v4_3/src

TRACE::2026-09-21.16:04:24::SCWBDomain::make -C ps7_cortexa9_0/libsrc/dmaps_v2_7/src -s include  "SHELL=/bin/sh" "COMPILER=arm-none-eabi-gcc" "ASSEMBLER=arm-none-eabi-
TRACE::2026-09-21.16:04:24::SCWBDomain::as" "ARCHIVER=arm-none-eabi-ar" "COMPILER_FLAGS=  -O2 -c" "EXTRA_COMPILER_FLAGS=-mcpu=cortex-a9 -mfpu=vfpv3 -mfloat-abi=hard -n
TRACE::2026-09-21.16:04:24::SCWBDomain::ostartfiles -g -Wall -Wextra"

TRACE::2026-09-21.16:04:24::SCWBDomain::make -C ps7_cortexa9_0/libsrc/emacps_v3_12/src -s include  "SHELL=/bin/sh" "COMPILER=arm-none-eabi-gcc" "ASSEMBLER=arm-none-eab
TRACE::2026-09-21.16:04:24::SCWBDomain::i-as" "ARCHIVER=arm-none-eabi-ar" "COMPILER_FLAGS=  -O2 -c" "EXTRA_COMPILER_FLAGS=-mcpu=cortex-a9 -mfpu=vfpv3 -mfloat-abi=hard 
TRACE::2026-09-21.16:04:24::SCWBDomain::-nostartfiles -g -Wall -Wextra"

TRACE::2026-09-21.16:04:24::SCWBDomain::make -C ps7_cortexa9_0/libsrc/scugic_v4_3/src -s include  "SHELL=/bin/sh" "COMPILER=arm-none-eabi-gcc" "ASSEMBLER=arm-none-eabi
TRACE::2026-09-21.16:04:24::SCWBDomain::-as" "ARCHIVER=arm-none-eabi-ar" "COMPILER_FLAGS=  -O2 -c" "EXTRA_COMPILER_FLAGS=-mcpu=cortex-a9 -mfpu=vfpv3 -mfloat-abi=hard -
TRACE::2026-09-21.16:04:24::SCWBDomain::nostartfiles -g -Wall -Wextra"

TRACE::2026-09-21.16:04:24::SCWBDomain::Running Make include in ps7_cortexa9_0/libsrc/scutimer_v2_3/src

TRACE::2026-09-21.16:04:24::SCWBDomain::Running Make include in ps7_cortexa9_0/libsrc/scuwdt_v2_3/src

TRACE::2026-09-21.16:04:24::SCWBDomain::Running Make include in ps7_cortexa9_0/libsrc/sdps_v3_10/src

TRACE::2026-09-21.16:04:24::SCWBDomain::make -C ps7_cortexa9_0/libsrc/scutimer_v2_3/src -s include  "SHELL=/bin/sh" "COMPILER=arm-none-eabi-gcc" "ASSEMBLER=arm-none-ea
TRACE::2026-09-21.16:04:24::SCWBDomain::bi-as" "ARCHIVER=arm-none-eabi-ar" "COMPILER_FLAGS=  -O2 -c" "EXTRA_COMPILER_FLAGS=-mcpu=cortex-a9 -mfpu=vfpv3 -mfloat-abi=hard
TRACE::2026-09-21.16:04:24::SCWBDomain:: -nostartfiles -g -Wall -Wextra"

TRACE::2026-09-21.16:04:24::SCWBDomain::Running Make include in ps7_cortexa9_0/libsrc/video_common_v4_10/src

TRACE::2026-09-21.16:04:24::SCWBDomain::make -C ps7_cortexa9_0/libsrc/scuwdt_v2_3/src -s include  "SHELL=/bin/sh" "COMPILER=arm-none-eabi-gcc" "ASSEMBLER=arm-none-eabi
TRACE::2026-09-21.16:04:24::SCWBDomain::-as" "ARCHIVER=arm-none-eabi-ar" "COMPILER_FLAGS=  -O2 -c" "EXTRA_COMPILER_FLAGS=-mcpu=cortex-a9 -mfpu=vfpv3 -mfloat-abi=hard -
TRACE::2026-09-21.16:04:24::SCWBDomain::nostartfiles -g -Wall -Wextra"

TRACE::2026-09-21.16:04:24::SCWBDomain::Running Make include in ps7_cortexa9_0/libsrc/v_tpg_v8_3/src

TRACE::2026-09-21.16:04:24::SCWBDomain::Running Make include in ps7_cortexa9_0/libsrc/standalone_v7_3/src

TRACE::2026-09-21.16:04:24::SCWBDomain::make -C ps7_cortexa9_0/libsrc/sdps_v3_10/src -s include  "SHELL=/bin/sh" "COMPILER=arm-none-eabi-gcc" "ASSEMBLER=arm-none-eabi-
TRACE::2026-09-21.16:04:24::SCWBDomain::as" "ARCHIVER=arm-none-eabi-ar" "COMPILER_FLAGS=  -O2 -c" "EXTRA_COMPILER_FLAGS=-mcpu=cortex-a9 -mfpu=vfpv3 -mfloat-abi=hard -n
TRACE::2026-09-21.16:04:24::SCWBDomain::ostartfiles -g -Wall -Wextra"

TRACE::2026-09-21.16:04:24::SCWBDomain::Running Make include in ps7_cortexa9_0/libsrc/xadcps_v2_5/src

TRACE::2026-09-21.16:04:24::SCWBDomain::Running Make include in ps7_cortexa9_0/libsrc/uartps_v3_10/src

TRACE::2026-09-21.16:04:24::SCWBDomain::Running Make include in ps7_cortexa9_0/libsrc/xilffs_v4_4/src

TRACE::2026-09-21.16:04:24::SCWBDomain::make -C ps7_cortexa9_0/libsrc/standalone_v7_3/src -s include  "SHELL=/bin/sh" "COMPILER=arm-none-eabi-gcc" "ASSEMBLER=arm-none-
TRACE::2026-09-21.16:04:24::SCWBDomain::eabi-as" "ARCHIVER=arm-none-eabi-ar" "COMPILER_FLAGS=  -O2 -c" "EXTRA_COMPILER_FLAGS=-mcpu=cortex-a9 -mfpu=vfpv3 -mfloat-abi=ha
TRACE::2026-09-21.16:04:24::SCWBDomain::rd -nostartfiles -g -Wall -Wextra"

TRACE::2026-09-21.16:04:24::SCWBDomain::make -C ps7_cortexa9_0/libsrc/uartps_v3_10/src -s include  "SHELL=/bin/sh" "COMPILER=arm-none-eabi-gcc" "ASSEMBLER=arm-none-eab
TRACE::2026-09-21.16:04:24::SCWBDomain::i-as" "ARCHIVER=arm-none-eabi-ar" "COMPILER_FLAGS=  -O2 -c" "EXTRA_COMPILER_FLAGS=-mcpu=cortex-a9 -mfpu=vfpv3 -mfloat-abi=hard 
TRACE::2026-09-21.16:04:24::SCWBDomain::-nostartfiles -g -Wall -Wextra"

TRACE::2026-09-21.16:04:24::SCWBDomain::make -C ps7_cortexa9_0/libsrc/video_common_v4_10/src -s include  "SHELL=/bin/sh" "COMPILER=arm-none-eabi-gcc" "ASSEMBLER=arm-no
TRACE::2026-09-21.16:04:24::SCWBDomain::ne-eabi-as" "ARCHIVER=arm-none-eabi-ar" "COMPILER_FLAGS=  -O2 -c" "EXTRA_COMPILER_FLAGS=-mcpu=cortex-a9 -mfpu=vfpv3 -mfloat-abi
TRACE::2026-09-21.16:04:24::SCWBDomain::=hard -nostartfiles -g -Wall -Wextra"

TRACE::2026-09-21.16:04:24::SCWBDomain::make -C ps7_cortexa9_0/libsrc/v_tpg_v8_3/src -s include  "SHELL=/bin/sh" "COMPILER=arm-none-eabi-gcc" "ASSEMBLER=arm-none-eabi-
TRACE::2026-09-21.16:04:24::SCWBDomain::as" "ARCHIVER=arm-none-eabi-ar" "COMPILER_FLAGS=  -O2 -c" "EXTRA_COMPILER_FLAGS=-mcpu=cortex-a9 -mfpu=vfpv3 -mfloat-abi=hard -n
TRACE::2026-09-21.16:04:24::SCWBDomain::ostartfiles -g -Wall -Wextra"

TRACE::2026-09-21.16:04:24::SCWBDomain::make -C ps7_cortexa9_0/libsrc/xadcps_v2_5/src -s include  "SHELL=/bin/sh" "COMPILER=arm-none-eabi-gcc" "ASSEMBLER=arm-none-eabi
TRACE::2026-09-21.16:04:24::SCWBDomain::-as" "ARCHIVER=arm-none-eabi-ar" "COMPILER_FLAGS=  -O2 -c" "EXTRA_COMPILER_FLAGS=-mcpu=cortex-a9 -mfpu=vfpv3 -mfloat-abi=hard -
TRACE::2026-09-21.16:04:24::SCWBDomain::nostartfiles -g -Wall -Wextra"

TRACE::2026-09-21.16:04:24::SCWBDomain::make -C ps7_cortexa9_0/libsrc/xilffs_v4_4/src -s include  "SHELL=/bin/sh" "COMPILER=arm-none-eabi-gcc" "ASSEMBLER=arm-none-eabi
TRACE::2026-09-21.16:04:24::SCWBDomain::-as" "ARCHIVER=arm-none-eabi-ar" "COMPILER_FLAGS=  -O2 -c" "EXTRA_COMPILER_FLAGS=-mcpu=cortex-a9 -mfpu=vfpv3 -mfloat-abi=hard -
TRACE::2026-09-21.16:04:24::SCWBDomain::nostartfiles -g -Wall -Wextra"

TRACE::2026-09-21.16:04:24::SCWBDomain::Running Make include in ps7_cortexa9_0/libsrc/xilrsa_v1_6/src

TRACE::2026-09-21.16:04:24::SCWBDomain::make -C ps7_cortexa9_0/libsrc/xilrsa_v1_6/src -s include  "SHELL=/bin/sh" "COMPILER=arm-none-eabi-gcc" "ASSEMBLER=arm-none-eabi
TRACE::2026-09-21.16:04:24::SCWBDomain::-as" "ARCHIVER=arm-none-eabi-ar" "COMPILER_FLAGS=  -O2 -c" "EXTRA_COMPILER_FLAGS=-mcpu=cortex-a9 -mfpu=vfpv3 -mfloat-abi=hard -
TRACE::2026-09-21.16:04:24::SCWBDomain::nostartfiles -g -Wall -Wextra"

TRACE::2026-09-21.16:04:24::SCWBDomain::Running Make libs in ps7_cortexa9_0/libsrc/axivdma_v6_8/src

TRACE::2026-09-21.16:04:24::SCWBDomain::Running Make libs in ps7_cortexa9_0/libsrc/coresightps_dcc_v1_8/src

TRACE::2026-09-21.16:04:24::SCWBDomain::Running Make libs in ps7_cortexa9_0/libsrc/cpu_cortexa9_v2_10/src

TRACE::2026-09-21.16:04:24::SCWBDomain::make -C ps7_cortexa9_0/libsrc/axivdma_v6_8/src -s libs  "SHELL=/bin/sh" "COMPILER=arm-none-eabi-gcc" "ASSEMBLER=arm-none-eabi-a
TRACE::2026-09-21.16:04:24::SCWBDomain::s" "ARCHIVER=arm-none-eabi-ar" "COMPILER_FLAGS=  -O2 -c" "EXTRA_COMPILER_FLAGS=-mcpu=cortex-a9 -mfpu=vfpv3 -mfloat-abi=hard -no
TRACE::2026-09-21.16:04:24::SCWBDomain::startfiles -g -Wall -Wextra"

TRACE::2026-09-21.16:04:24::SCWBDomain::make -C ps7_cortexa9_0/libsrc/coresightps_dcc_v1_8/src -s libs  "SHELL=/bin/sh" "COMPILER=arm-none-eabi-gcc" "ASSEMBLER=arm-non
TRACE::2026-09-21.16:04:24::SCWBDomain::e-eabi-as" "ARCHIVER=arm-none-eabi-ar" "COMPILER_FLAGS=  -O2 -c" "EXTRA_COMPILER_FLAGS=-mcpu=cortex-a9 -mfpu=vfpv3 -mfloat-abi=
TRACE::2026-09-21.16:04:24::SCWBDomain::hard -nostartfiles -g -Wall -Wextra"

TRACE::2026-09-21.16:04:24::SCWBDomain::Running Make libs in ps7_cortexa9_0/libsrc/ddrps_v1_2/src

TRACE::2026-09-21.16:04:24::SCWBDomain::Running Make libs in ps7_cortexa9_0/libsrc/devcfg_v3_7/src

TRACE::2026-09-21.16:04:24::SCWBDomain::Running Make libs in ps7_cortexa9_0/libsrc/dmaps_v2_7/src

TRACE::2026-09-21.16:04:24::SCWBDomain::make -C ps7_cortexa9_0/libsrc/cpu_cortexa9_v2_10/src -s libs  "SHELL=/bin/sh" "COMPILER=arm-none-eabi-gcc" "ASSEMBLER=arm-none-
TRACE::2026-09-21.16:04:24::SCWBDomain::eabi-as" "ARCHIVER=arm-none-eabi-ar" "COMPILER_FLAGS=  -O2 -c" "EXTRA_COMPILER_FLAGS=-mcpu=cortex-a9 -mfpu=vfpv3 -mfloat-abi=ha
TRACE::2026-09-21.16:04:24::SCWBDomain::rd -nostartfiles -g -Wall -Wextra"

TRACE::2026-09-21.16:04:24::SCWBDomain::make -C ps7_cortexa9_0/libsrc/ddrps_v1_2/src -s libs  "SHELL=/bin/sh" "COMPILER=arm-none-eabi-gcc" "ASSEMBLER=arm-none-eabi-as"
TRACE::2026-09-21.16:04:24::SCWBDomain:: "ARCHIVER=arm-none-eabi-ar" "COMPILER_FLAGS=  -O2 -c" "EXTRA_COMPILER_FLAGS=-mcpu=cortex-a9 -mfpu=vfpv3 -mfloat-abi=hard -nost
TRACE::2026-09-21.16:04:24::SCWBDomain::artfiles -g -Wall -Wextra"

TRACE::2026-09-21.16:04:24::SCWBDomain::make -C ps7_cortexa9_0/libsrc/devcfg_v3_7/src -s libs  "SHELL=/bin/sh" "COMPILER=arm-none-eabi-gcc" "ASSEMBLER=arm-none-eabi-as
TRACE::2026-09-21.16:04:24::SCWBDomain::" "ARCHIVER=arm-none-eabi-ar" "COMPILER_FLAGS=  -O2 -c" "EXTRA_COMPILER_FLAGS=-mcpu=cortex-a9 -mfpu=vfpv3 -mfloat-abi=hard -nos
TRACE::2026-09-21.16:04:24::SCWBDomain::tartfiles -g -Wall -Wextra"

TRACE::2026-09-21.16:04:24::SCWBDomain::make -C ps7_cortexa9_0/libsrc/dmaps_v2_7/src -s libs  "SHELL=/bin/sh" "COMPILER=arm-none-eabi-gcc" "ASSEMBLER=arm-none-eabi-as"
TRACE::2026-09-21.16:04:24::SCWBDomain:: "ARCHIVER=arm-none-eabi-ar" "COMPILER_FLAGS=  -O2 -c" "EXTRA_COMPILER_FLAGS=-mcpu=cortex-a9 -mfpu=vfpv3 -mfloat-abi=hard -nost
TRACE::2026-09-21.16:04:24::SCWBDomain::artfiles -g -Wall -Wextra"

TRACE::2026-09-21.16:04:24::SCWBDomain::Running Make libs in ps7_cortexa9_0/libsrc/emacps_v3_12/src

TRACE::2026-09-21.16:04:24::SCWBDomain::Running Make libs in ps7_cortexa9_0/libsrc/sdps_v3_10/src

TRACE::2026-09-21.16:04:24::SCWBDomain::Running Make libs in ps7_cortexa9_0/libsrc/scugic_v4_3/src

TRACE::2026-09-21.16:04:24::SCWBDomain::make -C ps7_cortexa9_0/libsrc/emacps_v3_12/src -s libs  "SHELL=/bin/sh" "COMPILER=arm-none-eabi-gcc" "ASSEMBLER=arm-none-eabi-a
TRACE::2026-09-21.16:04:24::SCWBDomain::s" "ARCHIVER=arm-none-eabi-ar" "COMPILER_FLAGS=  -O2 -c" "EXTRA_COMPILER_FLAGS=-mcpu=cortex-a9 -mfpu=vfpv3 -mfloat-abi=hard -no
TRACE::2026-09-21.16:04:24::SCWBDomain::startfiles -g -Wall -Wextra"

TRACE::2026-09-21.16:04:24::SCWBDomain::Running Make libs in ps7_cortexa9_0/libsrc/scutimer_v2_3/src

TRACE::2026-09-21.16:04:24::SCWBDomain::make -C ps7_cortexa9_0/libsrc/scutimer_v2_3/src -s libs  "SHELL=/bin/sh" "COMPILER=arm-none-eabi-gcc" "ASSEMBLER=arm-none-eabi-
TRACE::2026-09-21.16:04:24::SCWBDomain::as" "ARCHIVER=arm-none-eabi-ar" "COMPILER_FLAGS=  -O2 -c" "EXTRA_COMPILER_FLAGS=-mcpu=cortex-a9 -mfpu=vfpv3 -mfloat-abi=hard -n
TRACE::2026-09-21.16:04:24::SCWBDomain::ostartfiles -g -Wall -Wextra"

TRACE::2026-09-21.16:04:24::SCWBDomain::Running Make libs in ps7_cortexa9_0/libsrc/scuwdt_v2_3/src

TRACE::2026-09-21.16:04:24::SCWBDomain::make -C ps7_cortexa9_0/libsrc/scugic_v4_3/src -s libs  "SHELL=/bin/sh" "COMPILER=arm-none-eabi-gcc" "ASSEMBLER=arm-none-eabi-as
TRACE::2026-09-21.16:04:24::SCWBDomain::" "ARCHIVER=arm-none-eabi-ar" "COMPILER_FLAGS=  -O2 -c" "EXTRA_COMPILER_FLAGS=-mcpu=cortex-a9 -mfpu=vfpv3 -mfloat-abi=hard -nos
TRACE::2026-09-21.16:04:24::SCWBDomain::tartfiles -g -Wall -Wextra"

TRACE::2026-09-21.16:04:24::SCWBDomain::make -C ps7_cortexa9_0/libsrc/scuwdt_v2_3/src -s libs  "SHELL=/bin/sh" "COMPILER=arm-none-eabi-gcc" "ASSEMBLER=arm-none-eabi-as
TRACE::2026-09-21.16:04:24::SCWBDomain::" "ARCHIVER=arm-none-eabi-ar" "COMPILER_FLAGS=  -O2 -c" "EXTRA_COMPILER_FLAGS=-mcpu=cortex-a9 -mfpu=vfpv3 -mfloat-abi=hard -nos
TRACE::2026-09-21.16:04:24::SCWBDomain::tartfiles -g -Wall -Wextra"

TRACE::2026-09-21.16:04:24::SCWBDomain::make -C ps7_cortexa9_0/libsrc/sdps_v3_10/src -s libs  "SHELL=/bin/sh" "COMPILER=arm-none-eabi-gcc" "ASSEMBLER=arm-none-eabi-as"
TRACE::2026-09-21.16:04:24::SCWBDomain:: "ARCHIVER=arm-none-eabi-ar" "COMPILER_FLAGS=  -O2 -c" "EXTRA_COMPILER_FLAGS=-mcpu=cortex-a9 -mfpu=vfpv3 -mfloat-abi=hard -nost
TRACE::2026-09-21.16:04:24::SCWBDomain::artfiles -g -Wall -Wextra"

TRACE::2026-09-21.16:04:25::SCWBDomain::Running Make libs in ps7_cortexa9_0/libsrc/standalone_v7_3/src

TRACE::2026-09-21.16:04:25::SCWBDomain::make -C ps7_cortexa9_0/libsrc/standalone_v7_3/src -s libs  "SHELL=/bin/sh" "COMPILER=arm-none-eabi-gcc" "ASSEMBLER=arm-none-eab
TRACE::2026-09-21.16:04:25::SCWBDomain::i-as" "ARCHIVER=arm-none-eabi-ar" "COMPILER_FLAGS=  -O2 -c" "EXTRA_COMPILER_FLAGS=-mcpu=cortex-a9 -mfpu=vfpv3 -mfloat-abi=hard 
TRACE::2026-09-21.16:04:25::SCWBDomain::-nostartfiles -g -Wall -Wextra"

TRACE::2026-09-21.16:04:25::SCWBDomain::Running Make libs in ps7_cortexa9_0/libsrc/v_tpg_v8_3/src

TRACE::2026-09-21.16:04:25::SCWBDomain::Running Make libs in ps7_cortexa9_0/libsrc/xilffs_v4_4/src

TRACE::2026-09-21.16:04:25::SCWBDomain::make -C ps7_cortexa9_0/libsrc/xilffs_v4_4/src -s libs  "SHELL=/bin/sh" "COMPILER=arm-none-eabi-gcc" "ASSEMBLER=arm-none-eabi-as
TRACE::2026-09-21.16:04:25::SCWBDomain::" "ARCHIVER=arm-none-eabi-ar" "COMPILER_FLAGS=  -O2 -c" "EXTRA_COMPILER_FLAGS=-mcpu=cortex-a9 -mfpu=vfpv3 -mfloat-abi=hard -nos
TRACE::2026-09-21.16:04:25::SCWBDomain::tartfiles -g -Wall -Wextra"

TRACE::2026-09-21.16:04:25::SCWBDomain::make -C ps7_cortexa9_0/libsrc/v_tpg_v8_3/src -s libs  "SHELL=/bin/sh" "COMPILER=arm-none-eabi-gcc" "ASSEMBLER=arm-none-eabi-as"
TRACE::2026-09-21.16:04:25::SCWBDomain:: "ARCHIVER=arm-none-eabi-ar" "COMPILER_FLAGS=  -O2 -c" "EXTRA_COMPILER_FLAGS=-mcpu=cortex-a9 -mfpu=vfpv3 -mfloat-abi=hard -nost
TRACE::2026-09-21.16:04:25::SCWBDomain::artfiles -g -Wall -Wextra"

TRACE::2026-09-21.16:04:25::SCWBDomain::Running Make libs in ps7_cortexa9_0/libsrc/uartps_v3_10/src

TRACE::2026-09-21.16:04:25::SCWBDomain::Running Make libs in ps7_cortexa9_0/libsrc/video_common_v4_10/src

TRACE::2026-09-21.16:04:25::SCWBDomain::make -C ps7_cortexa9_0/libsrc/video_common_v4_10/src -s libs  "SHELL=/bin/sh" "COMPILER=arm-none-eabi-gcc" "ASSEMBLER=arm-none-
TRACE::2026-09-21.16:04:25::SCWBDomain::eabi-as" "ARCHIVER=arm-none-eabi-ar" "COMPILER_FLAGS=  -O2 -c" "EXTRA_COMPILER_FLAGS=-mcpu=cortex-a9 -mfpu=vfpv3 -mfloat-abi=ha
TRACE::2026-09-21.16:04:25::SCWBDomain::rd -nostartfiles -g -Wall -Wextra"

TRACE::2026-09-21.16:04:25::SCWBDomain::make -C ps7_cortexa9_0/libsrc/uartps_v3_10/src -s libs  "SHELL=/bin/sh" "COMPILER=arm-none-eabi-gcc" "ASSEMBLER=arm-none-eabi-a
TRACE::2026-09-21.16:04:25::SCWBDomain::s" "ARCHIVER=arm-none-eabi-ar" "COMPILER_FLAGS=  -O2 -c" "EXTRA_COMPILER_FLAGS=-mcpu=cortex-a9 -mfpu=vfpv3 -mfloat-abi=hard -no
TRACE::2026-09-21.16:04:25::SCWBDomain::startfiles -g -Wall -Wextra"

TRACE::2026-09-21.16:04:25::SCWBDomain::Running Make libs in ps7_cortexa9_0/libsrc/xadcps_v2_5/src

TRACE::2026-09-21.16:04:25::SCWBDomain::make -C ps7_cortexa9_0/libsrc/xadcps_v2_5/src -s libs  "SHELL=/bin/sh" "COMPILER=arm-none-eabi-gcc" "ASSEMBLER=arm-none-eabi-as
TRACE::2026-09-21.16:04:25::SCWBDomain::" "ARCHIVER=arm-none-eabi-ar" "COMPILER_FLAGS=  -O2 -c" "EXTRA_COMPILER_FLAGS=-mcpu=cortex-a9 -mfpu=vfpv3 -mfloat-abi=hard -nos
TRACE::2026-09-21.16:04:25::SCWBDomain::tartfiles -g -Wall -Wextra"

TRACE::2026-09-21.16:04:31::SCWBDomain::Finished building libraries parallelly.

TRACE::2026-09-21.16:04:31::SCWBDomain::make --no-print-directory archive

TRACE::2026-09-21.16:04:31::SCWBDomain::arm-none-eabi-ar -r  ps7_cortexa9_0/lib/libxil.a ps7_cortexa9_0/lib/abort.o ps7_cortexa9_0/lib/asm_vectors.o ps7_cortexa9_0/lib
TRACE::2026-09-21.16:04:31::SCWBDomain::/boot.o ps7_cortexa9_0/lib/close.o ps7_cortexa9_0/lib/cpputest_time.o ps7_cortexa9_0/lib/cpu_init.o ps7_cortexa9_0/lib/errno.o 
TRACE::2026-09-21.16:04:31::SCWBDomain::ps7_cortexa9_0/lib/_exit.o ps7_cortexa9_0/lib/fcntl.o ps7_cortexa9_0/lib/fstat.o ps7_cortexa9_0/lib/getpid.o ps7_cortexa9_0/lib
TRACE::2026-09-21.16:04:31::SCWBDomain::/inbyte.o ps7_cortexa9_0/lib/isatty.o ps7_cortexa9_0/lib/kill.o ps7_cortexa9_0/lib/lseek.o ps7_cortexa9_0/lib/_open.o ps7_corte
TRACE::2026-09-21.16:04:31::SCWBDomain::xa9_0/lib/open.o ps7_cortexa9_0/lib/outbyte.o ps7_cortexa9_0/lib/print.o ps7_cortexa9_0/lib/putnum.o ps7_cortexa9_0/lib/read.o 
TRACE::2026-09-21.16:04:31::SCWBDomain::ps7_cortexa9_0/lib/_sbrk.o ps7_cortexa9_0/lib/sbrk.o ps7_cortexa9_0/lib/sleep.o ps7_cortexa9_0/lib/translation_table.o ps7_cort
TRACE::2026-09-21.16:04:31::SCWBDomain::exa9_0/lib/unlink.o ps7_cortexa9_0/lib/usleep.o ps7_cortexa9_0/lib/vectors.o ps7_cortexa9_0/lib/write.o ps7_cortexa9_0/lib/xadc
TRACE::2026-09-21.16:04:31::SCWBDomain::ps_g.o ps7_cortexa9_0/lib/xadcps_intr.o ps7_cortexa9_0/lib/xadcps.o ps7_cortexa9_0/lib/xadcps_selftest.o ps7_cortexa9_0/lib/xad
TRACE::2026-09-21.16:04:31::SCWBDomain::cps_sinit.o ps7_cortexa9_0/lib/xaxivdma_channel.o ps7_cortexa9_0/lib/xaxivdma_g.o ps7_cortexa9_0/lib/xaxivdma_intr.o ps7_cortex
TRACE::2026-09-21.16:04:31::SCWBDomain::a9_0/lib/xaxivdma.o ps7_cortexa9_0/lib/xaxivdma_selftest.o ps7_cortexa9_0/lib/xaxivdma_sinit.o ps7_cortexa9_0/lib/xcoresightpsd
TRACE::2026-09-21.16:04:31::SCWBDomain::cc.o ps7_cortexa9_0/lib/xdevcfg_g.o ps7_cortexa9_0/lib/xdevcfg_hw.o ps7_cortexa9_0/lib/xdevcfg_intr.o ps7_cortexa9_0/lib/xdevcf
TRACE::2026-09-21.16:04:31::SCWBDomain::g.o ps7_cortexa9_0/lib/xdevcfg_selftest.o ps7_cortexa9_0/lib/xdevcfg_sinit.o ps7_cortexa9_0/lib/xdmaps_g.o ps7_cortexa9_0/lib/x
TRACE::2026-09-21.16:04:31::SCWBDomain::dmaps_hw.o ps7_cortexa9_0/lib/xdmaps.o ps7_cortexa9_0/lib/xdmaps_selftest.o ps7_cortexa9_0/lib/xdmaps_sinit.o ps7_cortexa9_0/li
TRACE::2026-09-21.16:04:31::SCWBDomain::b/xemacps_bdring.o ps7_cortexa9_0/lib/xemacps_control.o ps7_cortexa9_0/lib/xemacps_g.o ps7_cortexa9_0/lib/xemacps_hw.o ps7_cort
TRACE::2026-09-21.16:04:31::SCWBDomain::exa9_0/lib/xemacps_intr.o ps7_cortexa9_0/lib/xemacps.o ps7_cortexa9_0/lib/xemacps_sinit.o ps7_cortexa9_0/lib/xil_assert.o ps7_c
TRACE::2026-09-21.16:04:31::SCWBDomain::ortexa9_0/lib/xil_cache.o ps7_cortexa9_0/lib/xil_clocking.o ps7_cortexa9_0/lib/xil-crt0.o ps7_cortexa9_0/lib/xil_exception.o ps
TRACE::2026-09-21.16:04:31::SCWBDomain::7_cortexa9_0/lib/xil_mem.o ps7_cortexa9_0/lib/xil_misc_psreset_api.o ps7_cortexa9_0/lib/xil_mmu.o ps7_cortexa9_0/lib/xil_printf
TRACE::2026-09-21.16:04:31::SCWBDomain::.o ps7_cortexa9_0/lib/xil_sleepcommon.o ps7_cortexa9_0/lib/xil_sleeptimer.o ps7_cortexa9_0/lib/xil_testcache.o ps7_cortexa9_0/l
TRACE::2026-09-21.16:04:31::SCWBDomain::ib/xil_testio.o ps7_cortexa9_0/lib/xil_testmem.o ps7_cortexa9_0/lib/xil_util.o ps7_cortexa9_0/lib/xl2cc_counter.o ps7_cortexa9_
TRACE::2026-09-21.16:04:31::SCWBDomain::0/lib/xplatform_info.o ps7_cortexa9_0/lib/xpm_counter.o ps7_cortexa9_0/lib/xscugic_g.o ps7_cortexa9_0/lib/xscugic_hw.o ps7_cort
TRACE::2026-09-21.16:04:31::SCWBDomain::exa9_0/lib/xscugic_intr.o ps7_cortexa9_0/lib/xscugic.o ps7_cortexa9_0/lib/xscugic_selftest.o ps7_cortexa9_0/lib/xscugic_sinit.o
TRACE::2026-09-21.16:04:31::SCWBDomain:: ps7_cortexa9_0/lib/xscutimer_g.o ps7_cortexa9_0/lib/xscutimer.o ps7_cortexa9_0/lib/xscutimer_selftest.o ps7_cortexa9_0/lib/xsc
TRACE::2026-09-21.16:04:31::SCWBDomain::utimer_sinit.o ps7_cortexa9_0/lib/xscuwdt_g.o ps7_cortexa9_0/lib/xscuwdt.o ps7_cortexa9_0/lib/xscuwdt_selftest.o ps7_cortexa9_0
TRACE::2026-09-21.16:04:31::SCWBDomain::/lib/xscuwdt_sinit.o ps7_cortexa9_0/lib/xsdps_card.o ps7_cortexa9_0/lib/xsdps_g.o ps7_cortexa9_0/lib/xsdps_host.o ps7_cortexa9_
TRACE::2026-09-21.16:04:31::SCWBDomain::0/lib/xsdps.o ps7_cortexa9_0/lib/xsdps_options.o ps7_cortexa9_0/lib/xsdps_sinit.o ps7_cortexa9_0/lib/xtime_l.o ps7_cortexa9_0/l
TRACE::2026-09-21.16:04:31::SCWBDomain::ib/xuartps_g.o ps7_cortexa9_0/lib/xuartps_hw.o ps7_cortexa9_0/lib/xuartps_intr.o ps7_cortexa9_0/lib/xuartps.o ps7_cortexa9_0/li
TRACE::2026-09-21.16:04:31::SCWBDomain::b/xuartps_options.o ps7_cortexa9_0/lib/xuartps_selftest.o ps7_cortexa9_0/lib/xuartps_sinit.o ps7_cortexa9_0/lib/xvidc_edid_ext.
TRACE::2026-09-21.16:04:31::SCWBDomain::o ps7_cortexa9_0/lib/xvidc_edid.o ps7_cortexa9_0/lib/xvidc.o ps7_cortexa9_0/lib/xvidc_parse_edid.o ps7_cortexa9_0/lib/xvidc_tim
TRACE::2026-09-21.16:04:31::SCWBDomain::ings_table.o ps7_cortexa9_0/lib/xv_tpg_g.o ps7_cortexa9_0/lib/xv_tpg_linux.o ps7_cortexa9_0/lib/xv_tpg.o ps7_cortexa9_0/lib/xv_
TRACE::2026-09-21.16:04:31::SCWBDomain::tpg_sinit.o

TRACE::2026-09-21.16:04:31::SCWBDomain::Finished building libraries

TRACE::2026-09-21.16:04:31::SCWBDomain::make: выход из каталога «/home/alexey/programming/systemverilog/ethernet_image_transfer/fpga/zynq_wrapper/zynq_
TRACE::2026-09-21.16:04:31::SCWBDomain::fsbl/zynq_fsbl_bsp»

TRACE::2026-09-21.16:04:31::SCWBDomain::arm-none-eabi-gcc -MMD -MP       -mcpu=cortex-a9 -mfpu=vfpv3 -mfloat-abi=hard   -O2 -c -c fsbl_hooks.c -o fsbl_hooks.o -Izynq_f
TRACE::2026-09-21.16:04:31::SCWBDomain::sbl_bsp/ps7_cortexa9_0/include -I.

TRACE::2026-09-21.16:04:31::SCWBDomain::arm-none-eabi-gcc -MMD -MP       -mcpu=cortex-a9 -mfpu=vfpv3 -mfloat-abi=hard   -O2 -c -c image_mover.c -o image_mover.o -Izynq
TRACE::2026-09-21.16:04:31::SCWBDomain::_fsbl_bsp/ps7_cortexa9_0/include -I.

TRACE::2026-09-21.16:04:32::SCWBDomain::arm-none-eabi-gcc -MMD -MP       -mcpu=cortex-a9 -mfpu=vfpv3 -mfloat-abi=hard   -O2 -c -c main.c -o main.o -Izynq_fsbl_bsp/ps7_
TRACE::2026-09-21.16:04:32::SCWBDomain::cortexa9_0/include -I.

TRACE::2026-09-21.16:04:32::SCWBDomain::arm-none-eabi-gcc -MMD -MP       -mcpu=cortex-a9 -mfpu=vfpv3 -mfloat-abi=hard   -O2 -c -c md5.c -o md5.o -Izynq_fsbl_bsp/ps7_co
TRACE::2026-09-21.16:04:32::SCWBDomain::rtexa9_0/include -I.

TRACE::2026-09-21.16:04:32::SCWBDomain::arm-none-eabi-gcc -MMD -MP       -mcpu=cortex-a9 -mfpu=vfpv3 -mfloat-abi=hard   -O2 -c -c nand.c -o nand.o -Izynq_fsbl_bsp/ps7_
TRACE::2026-09-21.16:04:32::SCWBDomain::cortexa9_0/include -I.

TRACE::2026-09-21.16:04:33::SCWBDomain::arm-none-eabi-gcc -MMD -MP       -mcpu=cortex-a9 -mfpu=vfpv3 -mfloat-abi=hard   -O2 -c -c nor.c -o nor.o -Izynq_fsbl_bsp/ps7_co
TRACE::2026-09-21.16:04:33::SCWBDomain::rtexa9_0/include -I.

TRACE::2026-09-21.16:04:33::SCWBDomain::arm-none-eabi-gcc -MMD -MP       -mcpu=cortex-a9 -mfpu=vfpv3 -mfloat-abi=hard   -O2 -c -c pcap.c -o pcap.o -Izynq_fsbl_bsp/ps7_
TRACE::2026-09-21.16:04:33::SCWBDomain::cortexa9_0/include -I.

TRACE::2026-09-21.16:04:33::SCWBDomain::arm-none-eabi-gcc -MMD -MP       -mcpu=cortex-a9 -mfpu=vfpv3 -mfloat-abi=hard   -O2 -c -c ps7_init.c -o ps7_init.o -Izynq_fsbl_
TRACE::2026-09-21.16:04:33::SCWBDomain::bsp/ps7_cortexa9_0/include -I.

TRACE::2026-09-21.16:04:33::SCWBDomain::arm-none-eabi-gcc -MMD -MP       -mcpu=cortex-a9 -mfpu=vfpv3 -mfloat-abi=hard   -O2 -c -c qspi.c -o qspi.o -Izynq_fsbl_bsp/ps7_
TRACE::2026-09-21.16:04:33::SCWBDomain::cortexa9_0/include -I.

TRACE::2026-09-21.16:04:33::SCWBDomain::arm-none-eabi-gcc -MMD -MP       -mcpu=cortex-a9 -mfpu=vfpv3 -mfloat-abi=hard   -O2 -c -c rsa.c -o rsa.o -Izynq_fsbl_bsp/ps7_co
TRACE::2026-09-21.16:04:33::SCWBDomain::rtexa9_0/include -I.

TRACE::2026-09-21.16:04:34::SCWBDomain::arm-none-eabi-gcc -MMD -MP       -mcpu=cortex-a9 -mfpu=vfpv3 -mfloat-abi=hard   -O2 -c -c sd.c -o sd.o -Izynq_fsbl_bsp/ps7_cort
TRACE::2026-09-21.16:04:34::SCWBDomain::exa9_0/include -I.

TRACE::2026-09-21.16:04:34::SCWBDomain::arm-none-eabi-gcc -MMD -MP       -mcpu=cortex-a9 -mfpu=vfpv3 -mfloat-abi=hard   -O2 -c -c fsbl_handoff.S -o fsbl_handoff.o -Izy
TRACE::2026-09-21.16:04:34::SCWBDomain::nq_fsbl_bsp/ps7_cortexa9_0/include -I.

TRACE::2026-09-21.16:04:34::SCWBDomain::arm-none-eabi-gcc -o fsbl.elf  fsbl_hooks.o  image_mover.o  main.o  md5.o  nand.o  nor.o  pcap.o  ps7_init.o  qspi.o  rsa.o  sd
TRACE::2026-09-21.16:04:34::SCWBDomain::.o  fsbl_handoff.o -MMD -MP       -mcpu=cortex-a9 -mfpu=vfpv3 -mfloat-abi=hard   -mcpu=cortex-a9 -mfpu=vfpv3 -mfloat-abi=hard -
TRACE::2026-09-21.16:04:34::SCWBDomain::Wl,-build-id=none -specs=Xilinx.spec  -lrsa -Wl,--start-group,-lxil,-lgcc,-lc,--end-group -Wl,--start-group,-lxilffs,-lxil,-lgc
TRACE::2026-09-21.16:04:34::SCWBDomain::c,-lc,--end-group -Wl,--start-group,-lrsa,-lxil,-lgcc,-lc,--end-group                                 -Wl,--gc-sections -Lzynq_
TRACE::2026-09-21.16:04:34::SCWBDomain::fsbl_bsp/ps7_cortexa9_0/lib -L./ -Tlscript.ld

LOG::2026-09-21.16:04:34::SCWSystem::Checking the domain standalone_ps7_cortexa9_0
LOG::2026-09-21.16:04:34::SCWSystem::Not a boot domain 
LOG::2026-09-21.16:04:34::SCWSystem::Started Processing the domain standalone_ps7_cortexa9_0
TRACE::2026-09-21.16:04:34::SCWDomain::Generating domain artifcats
TRACE::2026-09-21.16:04:34::SCWMssOS::Generating standalone artifcats
TRACE::2026-09-21.16:04:34::SCWMssOS::Copying the qemu file from  /home/alexey/Xilinx/Vitis/2020.2/data/emulation/platforms/zynq/sw/a9_standalone/qemu/qemu_args.txt To /home/alexey/programming/systemverilog/ethernet_image_transfer/fpga/zynq_wrapper/export/zynq_wrapper/sw/zynq_wrapper/qemu/
TRACE::2026-09-21.16:04:34::SCWMssOS::Copying the qemu file from  /home/alexey/Xilinx/Vitis/2020.2/data/emulation/platforms/zynq/sw/a9_standalone/qemu/qemu_args.txt To /home/alexey/programming/systemverilog/ethernet_image_transfer/fpga/zynq_wrapper/export/zynq_wrapper/sw/zynq_wrapper/standalone_ps7_cortexa9_0/qemu/
TRACE::2026-09-21.16:04:34::SCWMssOS:: Copying the user libraries. 
TRACE::2026-09-21.16:04:34::SCWPlatform::Trying to open the hw design at /home/alexey/programming/systemverilog/ethernet_image_transfer/fpga/zynq_wrapper/hw/zynq_wrapper.xsa
TRACE::2026-09-21.16:04:34::SCWPlatform::DSA given /home/alexey/programming/systemverilog/ethernet_image_transfer/fpga/zynq_wrapper/hw/zynq_wrapper.xsa
TRACE::2026-09-21.16:04:34::SCWPlatform::DSA absoulate path /home/alexey/programming/systemverilog/ethernet_image_transfer/fpga/zynq_wrapper/hw/zynq_wrapper.xsa
TRACE::2026-09-21.16:04:34::SCWPlatform::DSA directory /home/alexey/programming/systemverilog/ethernet_image_transfer/fpga/zynq_wrapper/hw
TRACE::2026-09-21.16:04:34::SCWPlatform:: Platform Path /home/alexey/programming/systemverilog/ethernet_image_transfer/fpga/zynq_wrapper/hw/zynq_wrapper.xsa
TRACE::2026-09-21.16:04:34::SCWPlatform:: Unique name xilinx:::0.0
TRACE::2026-09-21.16:04:34::SCWPlatform::Trying to set the existing hwdb with name zynq_wrapper_0
TRACE::2026-09-21.16:04:34::SCWPlatform::Opened existing hwdb zynq_wrapper_0
TRACE::2026-09-21.16:04:34::SCWPlatform::Found the Hw Db part of the input DSA
TRACE::2026-09-21.16:04:34::SCWMssOS::Checking the sw design at  /home/alexey/programming/systemverilog/ethernet_image_transfer/fpga/zynq_wrapper/ps7_cortexa9_0/standalone_ps7_cortexa9_0/bsp/system.mss
TRACE::2026-09-21.16:04:34::SCWMssOS::DEBUG:  swdes dump  /home/alexey/programming/systemverilog/ethernet_image_transfer/fpga/zynq_wrapper/ps7_cortexa9_0/standalone_ps7_cortexa9_0/bsp/system.mss|system_0||
/home/alexey/programming/systemverilog/ethernet_image_transfer/fpga/zynq_wrapper/zynq_fsbl/zynq_fsbl_bsp/system.mss|system||

TRACE::2026-09-21.16:04:34::SCWMssOS::Sw design exists and opened at  /home/alexey/programming/systemverilog/ethernet_image_transfer/fpga/zynq_wrapper/ps7_cortexa9_0/standalone_ps7_cortexa9_0/bsp/system.mss
TRACE::2026-09-21.16:04:34::SCWMssOS::Completed writing the mss file at /home/alexey/programming/systemverilog/ethernet_image_transfer/fpga/zynq_wrapper/ps7_cortexa9_0/standalone_ps7_cortexa9_0/bsp
TRACE::2026-09-21.16:04:34::SCWMssOS::Mss edits present, copying mssfile into export location /home/alexey/programming/systemverilog/ethernet_image_transfer/fpga/zynq_wrapper/ps7_cortexa9_0/standalone_ps7_cortexa9_0/bsp/system.mss
TRACE::2026-09-21.16:04:34::SCWMssOS::bsp generated is upto date with the mss file. Skipping bsp generation.
TRACE::2026-09-21.16:04:34::SCWMssOS::BSP is already built. skipping the bsp build ... 
TRACE::2026-09-21.16:04:34::SCWDomain::Building the domain as part of full build :  standalone_ps7_cortexa9_0
TRACE::2026-09-21.16:04:34::SCWMssOS::doing bsp build ... 
TRACE::2026-09-21.16:04:34::SCWMssOS::System Command Ran  cd  /home/alexey/programming/systemverilog/ethernet_image_transfer/fpga/zynq_wrapper/ps7_cortexa9_0/standalone_ps7_cortexa9_0/bsp ; bash -c "make  " 
TRACE::2026-09-21.16:04:34::SCWMssOS::make --no-print-directory seq_libs

TRACE::2026-09-21.16:04:34::SCWMssOS::Finished building libraries sequentially.

TRACE::2026-09-21.16:04:34::SCWMssOS::make -j --no-print-directory par_libs

TRACE::2026-09-21.16:04:34::SCWMssOS::Running Make include in ps7_cortexa9_0/libsrc/axivdma_v6_8/src

TRACE::2026-09-21.16:04:34::SCWMssOS::Running Make include in ps7_cortexa9_0/libsrc/coresightps_dcc_v1_8/src

TRACE::2026-09-21.16:04:34::SCWMssOS::Running Make include in ps7_cortexa9_0/libsrc/cpu_cortexa9_v2_10/src

TRACE::2026-09-21.16:04:34::SCWMssOS::Running Make include in ps7_cortexa9_0/libsrc/ddrps_v1_2/src

TRACE::2026-09-21.16:04:34::SCWMssOS::make -C ps7_cortexa9_0/libsrc/coresightps_dcc_v1_8/src -s include  "SHELL=/bin/sh" "COMPILER=arm-none-eabi-gcc" "ASSEMBLER=arm-
TRACE::2026-09-21.16:04:34::SCWMssOS::none-eabi-as" "ARCHIVER=arm-none-eabi-ar" "COMPILER_FLAGS=  -O2 -c" "EXTRA_COMPILER_FLAGS=-mcpu=cortex-a9 -mfpu=vfpv3 -mfloat-a
TRACE::2026-09-21.16:04:34::SCWMssOS::bi=hard -nostartfiles -g -Wall -Wextra"

TRACE::2026-09-21.16:04:34::SCWMssOS::Running Make include in ps7_cortexa9_0/libsrc/devcfg_v3_7/src

TRACE::2026-09-21.16:04:34::SCWMssOS::Running Make include in ps7_cortexa9_0/libsrc/dmaps_v2_7/src

TRACE::2026-09-21.16:04:34::SCWMssOS::make -C ps7_cortexa9_0/libsrc/axivdma_v6_8/src -s include  "SHELL=/bin/sh" "COMPILER=arm-none-eabi-gcc" "ASSEMBLER=arm-none-eab
TRACE::2026-09-21.16:04:34::SCWMssOS::i-as" "ARCHIVER=arm-none-eabi-ar" "COMPILER_FLAGS=  -O2 -c" "EXTRA_COMPILER_FLAGS=-mcpu=cortex-a9 -mfpu=vfpv3 -mfloat-abi=hard 
TRACE::2026-09-21.16:04:34::SCWMssOS::-nostartfiles -g -Wall -Wextra"

TRACE::2026-09-21.16:04:34::SCWMssOS::make -C ps7_cortexa9_0/libsrc/cpu_cortexa9_v2_10/src -s include  "SHELL=/bin/sh" "COMPILER=arm-none-eabi-gcc" "ASSEMBLER=arm-no
TRACE::2026-09-21.16:04:34::SCWMssOS::ne-eabi-as" "ARCHIVER=arm-none-eabi-ar" "COMPILER_FLAGS=  -O2 -c" "EXTRA_COMPILER_FLAGS=-mcpu=cortex-a9 -mfpu=vfpv3 -mfloat-abi
TRACE::2026-09-21.16:04:34::SCWMssOS::=hard -nostartfiles -g -Wall -Wextra"

TRACE::2026-09-21.16:04:34::SCWMssOS::Running Make include in ps7_cortexa9_0/libsrc/emacps_v3_12/src

TRACE::2026-09-21.16:04:34::SCWMssOS::make -C ps7_cortexa9_0/libsrc/ddrps_v1_2/src -s include  "SHELL=/bin/sh" "COMPILER=arm-none-eabi-gcc" "ASSEMBLER=arm-none-eabi-
TRACE::2026-09-21.16:04:34::SCWMssOS::as" "ARCHIVER=arm-none-eabi-ar" "COMPILER_FLAGS=  -O2 -c" "EXTRA_COMPILER_FLAGS=-mcpu=cortex-a9 -mfpu=vfpv3 -mfloat-abi=hard -n
TRACE::2026-09-21.16:04:34::SCWMssOS::ostartfiles -g -Wall -Wextra"

TRACE::2026-09-21.16:04:34::SCWMssOS::make -C ps7_cortexa9_0/libsrc/devcfg_v3_7/src -s include  "SHELL=/bin/sh" "COMPILER=arm-none-eabi-gcc" "ASSEMBLER=arm-none-eabi
TRACE::2026-09-21.16:04:34::SCWMssOS::-as" "ARCHIVER=arm-none-eabi-ar" "COMPILER_FLAGS=  -O2 -c" "EXTRA_COMPILER_FLAGS=-mcpu=cortex-a9 -mfpu=vfpv3 -mfloat-abi=hard -
TRACE::2026-09-21.16:04:34::SCWMssOS::nostartfiles -g -Wall -Wextra"

TRACE::2026-09-21.16:04:34::SCWMssOS::Running Make include in ps7_cortexa9_0/libsrc/scugic_v4_3/src

TRACE::2026-09-21.16:04:34::SCWMssOS::Running Make include in ps7_cortexa9_0/libsrc/scutimer_v2_3/src

TRACE::2026-09-21.16:04:34::SCWMssOS::make -C ps7_cortexa9_0/libsrc/dmaps_v2_7/src -s include  "SHELL=/bin/sh" "COMPILER=arm-none-eabi-gcc" "ASSEMBLER=arm-none-eabi-
TRACE::2026-09-21.16:04:34::SCWMssOS::as" "ARCHIVER=arm-none-eabi-ar" "COMPILER_FLAGS=  -O2 -c" "EXTRA_COMPILER_FLAGS=-mcpu=cortex-a9 -mfpu=vfpv3 -mfloat-abi=hard -n
TRACE::2026-09-21.16:04:34::SCWMssOS::ostartfiles -g -Wall -Wextra"

TRACE::2026-09-21.16:04:34::SCWMssOS::make -C ps7_cortexa9_0/libsrc/emacps_v3_12/src -s include  "SHELL=/bin/sh" "COMPILER=arm-none-eabi-gcc" "ASSEMBLER=arm-none-eab
TRACE::2026-09-21.16:04:34::SCWMssOS::i-as" "ARCHIVER=arm-none-eabi-ar" "COMPILER_FLAGS=  -O2 -c" "EXTRA_COMPILER_FLAGS=-mcpu=cortex-a9 -mfpu=vfpv3 -mfloat-abi=hard 
TRACE::2026-09-21.16:04:34::SCWMssOS::-nostartfiles -g -Wall -Wextra"

TRACE::2026-09-21.16:04:34::SCWMssOS::make -C ps7_cortexa9_0/libsrc/scugic_v4_3/src -s include  "SHELL=/bin/sh" "COMPILER=arm-none-eabi-gcc" "ASSEMBLER=arm-none-eabi
TRACE::2026-09-21.16:04:34::SCWMssOS::-as" "ARCHIVER=arm-none-eabi-ar" "COMPILER_FLAGS=  -O2 -c" "EXTRA_COMPILER_FLAGS=-mcpu=cortex-a9 -mfpu=vfpv3 -mfloat-abi=hard -
TRACE::2026-09-21.16:04:34::SCWMssOS::nostartfiles -g -Wall -Wextra"

TRACE::2026-09-21.16:04:34::SCWMssOS::make -C ps7_cortexa9_0/libsrc/scutimer_v2_3/src -s include  "SHELL=/bin/sh" "COMPILER=arm-none-eabi-gcc" "ASSEMBLER=arm-none-ea
TRACE::2026-09-21.16:04:34::SCWMssOS::bi-as" "ARCHIVER=arm-none-eabi-ar" "COMPILER_FLAGS=  -O2 -c" "EXTRA_COMPILER_FLAGS=-mcpu=cortex-a9 -mfpu=vfpv3 -mfloat-abi=hard
TRACE::2026-09-21.16:04:34::SCWMssOS:: -nostartfiles -g -Wall -Wextra"

TRACE::2026-09-21.16:04:34::SCWMssOS::Running Make include in ps7_cortexa9_0/libsrc/uartps_v3_10/src

TRACE::2026-09-21.16:04:34::SCWMssOS::Running Make include in ps7_cortexa9_0/libsrc/scuwdt_v2_3/src

TRACE::2026-09-21.16:04:34::SCWMssOS::Running Make include in ps7_cortexa9_0/libsrc/standalone_v7_3/src

TRACE::2026-09-21.16:04:34::SCWMssOS::Running Make include in ps7_cortexa9_0/libsrc/video_common_v4_10/src

TRACE::2026-09-21.16:04:34::SCWMssOS::make -C ps7_cortexa9_0/libsrc/scuwdt_v2_3/src -s include  "SHELL=/bin/sh" "COMPILER=arm-none-eabi-gcc" "ASSEMBLER=arm-none-eabi
TRACE::2026-09-21.16:04:34::SCWMssOS::-as" "ARCHIVER=arm-none-eabi-ar" "COMPILER_FLAGS=  -O2 -c" "EXTRA_COMPILER_FLAGS=-mcpu=cortex-a9 -mfpu=vfpv3 -mfloat-abi=hard -
TRACE::2026-09-21.16:04:34::SCWMssOS::nostartfiles -g -Wall -Wextra"

TRACE::2026-09-21.16:04:34::SCWMssOS::Running Make include in ps7_cortexa9_0/libsrc/sdps_v3_10/src

TRACE::2026-09-21.16:04:34::SCWMssOS::Running Make include in ps7_cortexa9_0/libsrc/xadcps_v2_5/src

TRACE::2026-09-21.16:04:34::SCWMssOS::make -C ps7_cortexa9_0/libsrc/sdps_v3_10/src -s include  "SHELL=/bin/sh" "COMPILER=arm-none-eabi-gcc" "ASSEMBLER=arm-none-eabi-
TRACE::2026-09-21.16:04:34::SCWMssOS::as" "ARCHIVER=arm-none-eabi-ar" "COMPILER_FLAGS=  -O2 -c" "EXTRA_COMPILER_FLAGS=-mcpu=cortex-a9 -mfpu=vfpv3 -mfloat-abi=hard -n
TRACE::2026-09-21.16:04:34::SCWMssOS::ostartfiles -g -Wall -Wextra"

TRACE::2026-09-21.16:04:34::SCWMssOS::make -C ps7_cortexa9_0/libsrc/standalone_v7_3/src -s include  "SHELL=/bin/sh" "COMPILER=arm-none-eabi-gcc" "ASSEMBLER=arm-none-
TRACE::2026-09-21.16:04:34::SCWMssOS::eabi-as" "ARCHIVER=arm-none-eabi-ar" "COMPILER_FLAGS=  -O2 -c" "EXTRA_COMPILER_FLAGS=-mcpu=cortex-a9 -mfpu=vfpv3 -mfloat-abi=ha
TRACE::2026-09-21.16:04:34::SCWMssOS::rd -nostartfiles -g -Wall -Wextra"

TRACE::2026-09-21.16:04:34::SCWMssOS::make -C ps7_cortexa9_0/libsrc/uartps_v3_10/src -s include  "SHELL=/bin/sh" "COMPILER=arm-none-eabi-gcc" "ASSEMBLER=arm-none-eab
TRACE::2026-09-21.16:04:34::SCWMssOS::i-as" "ARCHIVER=arm-none-eabi-ar" "COMPILER_FLAGS=  -O2 -c" "EXTRA_COMPILER_FLAGS=-mcpu=cortex-a9 -mfpu=vfpv3 -mfloat-abi=hard 
TRACE::2026-09-21.16:04:34::SCWMssOS::-nostartfiles -g -Wall -Wextra"

TRACE::2026-09-21.16:04:34::SCWMssOS::Running Make include in ps7_cortexa9_0/libsrc/v_tpg_v8_3/src

TRACE::2026-09-21.16:04:34::SCWMssOS::make -C ps7_cortexa9_0/libsrc/video_common_v4_10/src -s include  "SHELL=/bin/sh" "COMPILER=arm-none-eabi-gcc" "ASSEMBLER=arm-no
TRACE::2026-09-21.16:04:34::SCWMssOS::ne-eabi-as" "ARCHIVER=arm-none-eabi-ar" "COMPILER_FLAGS=  -O2 -c" "EXTRA_COMPILER_FLAGS=-mcpu=cortex-a9 -mfpu=vfpv3 -mfloat-abi
TRACE::2026-09-21.16:04:34::SCWMssOS::=hard -nostartfiles -g -Wall -Wextra"

TRACE::2026-09-21.16:04:34::SCWMssOS::make -C ps7_cortexa9_0/libsrc/xadcps_v2_5/src -s include  "SHELL=/bin/sh" "COMPILER=arm-none-eabi-gcc" "ASSEMBLER=arm-none-eabi
TRACE::2026-09-21.16:04:34::SCWMssOS::-as" "ARCHIVER=arm-none-eabi-ar" "COMPILER_FLAGS=  -O2 -c" "EXTRA_COMPILER_FLAGS=-mcpu=cortex-a9 -mfpu=vfpv3 -mfloat-abi=hard -
TRACE::2026-09-21.16:04:34::SCWMssOS::nostartfiles -g -Wall -Wextra"

TRACE::2026-09-21.16:04:34::SCWMssOS::make -C ps7_cortexa9_0/libsrc/v_tpg_v8_3/src -s include  "SHELL=/bin/sh" "COMPILER=arm-none-eabi-gcc" "ASSEMBLER=arm-none-eabi-
TRACE::2026-09-21.16:04:34::SCWMssOS::as" "ARCHIVER=arm-none-eabi-ar" "COMPILER_FLAGS=  -O2 -c" "EXTRA_COMPILER_FLAGS=-mcpu=cortex-a9 -mfpu=vfpv3 -mfloat-abi=hard -n
TRACE::2026-09-21.16:04:34::SCWMssOS::ostartfiles -g -Wall -Wextra"

TRACE::2026-09-21.16:04:34::SCWMssOS::Running Make libs in ps7_cortexa9_0/libsrc/coresightps_dcc_v1_8/src

TRACE::2026-09-21.16:04:34::SCWMssOS::Running Make libs in ps7_cortexa9_0/libsrc/axivdma_v6_8/src

TRACE::2026-09-21.16:04:34::SCWMssOS::Running Make libs in ps7_cortexa9_0/libsrc/cpu_cortexa9_v2_10/src

TRACE::2026-09-21.16:04:34::SCWMssOS::Running Make libs in ps7_cortexa9_0/libsrc/ddrps_v1_2/src

TRACE::2026-09-21.16:04:34::SCWMssOS::make -C ps7_cortexa9_0/libsrc/axivdma_v6_8/src -s libs  "SHELL=/bin/sh" "COMPILER=arm-none-eabi-gcc" "ASSEMBLER=arm-none-eabi-a
TRACE::2026-09-21.16:04:34::SCWMssOS::s" "ARCHIVER=arm-none-eabi-ar" "COMPILER_FLAGS=  -O2 -c" "EXTRA_COMPILER_FLAGS=-mcpu=cortex-a9 -mfpu=vfpv3 -mfloat-abi=hard -no
TRACE::2026-09-21.16:04:34::SCWMssOS::startfiles -g -Wall -Wextra"

TRACE::2026-09-21.16:04:34::SCWMssOS::make -C ps7_cortexa9_0/libsrc/coresightps_dcc_v1_8/src -s libs  "SHELL=/bin/sh" "COMPILER=arm-none-eabi-gcc" "ASSEMBLER=arm-non
TRACE::2026-09-21.16:04:34::SCWMssOS::e-eabi-as" "ARCHIVER=arm-none-eabi-ar" "COMPILER_FLAGS=  -O2 -c" "EXTRA_COMPILER_FLAGS=-mcpu=cortex-a9 -mfpu=vfpv3 -mfloat-abi=
TRACE::2026-09-21.16:04:34::SCWMssOS::hard -nostartfiles -g -Wall -Wextra"

TRACE::2026-09-21.16:04:34::SCWMssOS::Running Make libs in ps7_cortexa9_0/libsrc/devcfg_v3_7/src

TRACE::2026-09-21.16:04:34::SCWMssOS::Running Make libs in ps7_cortexa9_0/libsrc/dmaps_v2_7/src

TRACE::2026-09-21.16:04:34::SCWMssOS::Running Make libs in ps7_cortexa9_0/libsrc/emacps_v3_12/src

TRACE::2026-09-21.16:04:34::SCWMssOS::make -C ps7_cortexa9_0/libsrc/cpu_cortexa9_v2_10/src -s libs  "SHELL=/bin/sh" "COMPILER=arm-none-eabi-gcc" "ASSEMBLER=arm-none-
TRACE::2026-09-21.16:04:34::SCWMssOS::eabi-as" "ARCHIVER=arm-none-eabi-ar" "COMPILER_FLAGS=  -O2 -c" "EXTRA_COMPILER_FLAGS=-mcpu=cortex-a9 -mfpu=vfpv3 -mfloat-abi=ha
TRACE::2026-09-21.16:04:34::SCWMssOS::rd -nostartfiles -g -Wall -Wextra"

TRACE::2026-09-21.16:04:34::SCWMssOS::Running Make libs in ps7_cortexa9_0/libsrc/scugic_v4_3/src

TRACE::2026-09-21.16:04:34::SCWMssOS::make -C ps7_cortexa9_0/libsrc/ddrps_v1_2/src -s libs  "SHELL=/bin/sh" "COMPILER=arm-none-eabi-gcc" "ASSEMBLER=arm-none-eabi-as"
TRACE::2026-09-21.16:04:34::SCWMssOS:: "ARCHIVER=arm-none-eabi-ar" "COMPILER_FLAGS=  -O2 -c" "EXTRA_COMPILER_FLAGS=-mcpu=cortex-a9 -mfpu=vfpv3 -mfloat-abi=hard -nost
TRACE::2026-09-21.16:04:34::SCWMssOS::artfiles -g -Wall -Wextra"

TRACE::2026-09-21.16:04:34::SCWMssOS::make -C ps7_cortexa9_0/libsrc/devcfg_v3_7/src -s libs  "SHELL=/bin/sh" "COMPILER=arm-none-eabi-gcc" "ASSEMBLER=arm-none-eabi-as
TRACE::2026-09-21.16:04:34::SCWMssOS::" "ARCHIVER=arm-none-eabi-ar" "COMPILER_FLAGS=  -O2 -c" "EXTRA_COMPILER_FLAGS=-mcpu=cortex-a9 -mfpu=vfpv3 -mfloat-abi=hard -nos
TRACE::2026-09-21.16:04:34::SCWMssOS::tartfiles -g -Wall -Wextra"

TRACE::2026-09-21.16:04:34::SCWMssOS::make -C ps7_cortexa9_0/libsrc/dmaps_v2_7/src -s libs  "SHELL=/bin/sh" "COMPILER=arm-none-eabi-gcc" "ASSEMBLER=arm-none-eabi-as"
TRACE::2026-09-21.16:04:34::SCWMssOS:: "ARCHIVER=arm-none-eabi-ar" "COMPILER_FLAGS=  -O2 -c" "EXTRA_COMPILER_FLAGS=-mcpu=cortex-a9 -mfpu=vfpv3 -mfloat-abi=hard -nost
TRACE::2026-09-21.16:04:34::SCWMssOS::artfiles -g -Wall -Wextra"

TRACE::2026-09-21.16:04:34::SCWMssOS::Running Make libs in ps7_cortexa9_0/libsrc/scutimer_v2_3/src

TRACE::2026-09-21.16:04:34::SCWMssOS::make -C ps7_cortexa9_0/libsrc/emacps_v3_12/src -s libs  "SHELL=/bin/sh" "COMPILER=arm-none-eabi-gcc" "ASSEMBLER=arm-none-eabi-a
TRACE::2026-09-21.16:04:34::SCWMssOS::s" "ARCHIVER=arm-none-eabi-ar" "COMPILER_FLAGS=  -O2 -c" "EXTRA_COMPILER_FLAGS=-mcpu=cortex-a9 -mfpu=vfpv3 -mfloat-abi=hard -no
TRACE::2026-09-21.16:04:34::SCWMssOS::startfiles -g -Wall -Wextra"

TRACE::2026-09-21.16:04:34::SCWMssOS::make -C ps7_cortexa9_0/libsrc/scugic_v4_3/src -s libs  "SHELL=/bin/sh" "COMPILER=arm-none-eabi-gcc" "ASSEMBLER=arm-none-eabi-as
TRACE::2026-09-21.16:04:34::SCWMssOS::" "ARCHIVER=arm-none-eabi-ar" "COMPILER_FLAGS=  -O2 -c" "EXTRA_COMPILER_FLAGS=-mcpu=cortex-a9 -mfpu=vfpv3 -mfloat-abi=hard -nos
TRACE::2026-09-21.16:04:34::SCWMssOS::tartfiles -g -Wall -Wextra"

TRACE::2026-09-21.16:04:34::SCWMssOS::make -C ps7_cortexa9_0/libsrc/scutimer_v2_3/src -s libs  "SHELL=/bin/sh" "COMPILER=arm-none-eabi-gcc" "ASSEMBLER=arm-none-eabi-
TRACE::2026-09-21.16:04:34::SCWMssOS::as" "ARCHIVER=arm-none-eabi-ar" "COMPILER_FLAGS=  -O2 -c" "EXTRA_COMPILER_FLAGS=-mcpu=cortex-a9 -mfpu=vfpv3 -mfloat-abi=hard -n
TRACE::2026-09-21.16:04:34::SCWMssOS::ostartfiles -g -Wall -Wextra"

TRACE::2026-09-21.16:04:34::SCWMssOS::Running Make libs in ps7_cortexa9_0/libsrc/sdps_v3_10/src

TRACE::2026-09-21.16:04:34::SCWMssOS::Running Make libs in ps7_cortexa9_0/libsrc/scuwdt_v2_3/src

TRACE::2026-09-21.16:04:34::SCWMssOS::Running Make libs in ps7_cortexa9_0/libsrc/standalone_v7_3/src

TRACE::2026-09-21.16:04:34::SCWMssOS::Running Make libs in ps7_cortexa9_0/libsrc/video_common_v4_10/src

TRACE::2026-09-21.16:04:34::SCWMssOS::make -C ps7_cortexa9_0/libsrc/standalone_v7_3/src -s libs  "SHELL=/bin/sh" "COMPILER=arm-none-eabi-gcc" "ASSEMBLER=arm-none-eab
TRACE::2026-09-21.16:04:34::SCWMssOS::i-as" "ARCHIVER=arm-none-eabi-ar" "COMPILER_FLAGS=  -O2 -c" "EXTRA_COMPILER_FLAGS=-mcpu=cortex-a9 -mfpu=vfpv3 -mfloat-abi=hard 
TRACE::2026-09-21.16:04:34::SCWMssOS::-nostartfiles -g -Wall -Wextra"

TRACE::2026-09-21.16:04:34::SCWMssOS::Running Make libs in ps7_cortexa9_0/libsrc/uartps_v3_10/src

TRACE::2026-09-21.16:04:34::SCWMssOS::make -C ps7_cortexa9_0/libsrc/sdps_v3_10/src -s libs  "SHELL=/bin/sh" "COMPILER=arm-none-eabi-gcc" "ASSEMBLER=arm-none-eabi-as"
TRACE::2026-09-21.16:04:34::SCWMssOS:: "ARCHIVER=arm-none-eabi-ar" "COMPILER_FLAGS=  -O2 -c" "EXTRA_COMPILER_FLAGS=-mcpu=cortex-a9 -mfpu=vfpv3 -mfloat-abi=hard -nost
TRACE::2026-09-21.16:04:34::SCWMssOS::artfiles -g -Wall -Wextra"

TRACE::2026-09-21.16:04:34::SCWMssOS::make -C ps7_cortexa9_0/libsrc/video_common_v4_10/src -s libs  "SHELL=/bin/sh" "COMPILER=arm-none-eabi-gcc" "ASSEMBLER=arm-none-
TRACE::2026-09-21.16:04:34::SCWMssOS::eabi-as" "ARCHIVER=arm-none-eabi-ar" "COMPILER_FLAGS=  -O2 -c" "EXTRA_COMPILER_FLAGS=-mcpu=cortex-a9 -mfpu=vfpv3 -mfloat-abi=ha
TRACE::2026-09-21.16:04:34::SCWMssOS::rd -nostartfiles -g -Wall -Wextra"

TRACE::2026-09-21.16:04:34::SCWMssOS::Running Make libs in ps7_cortexa9_0/libsrc/xadcps_v2_5/src

TRACE::2026-09-21.16:04:34::SCWMssOS::make -C ps7_cortexa9_0/libsrc/scuwdt_v2_3/src -s libs  "SHELL=/bin/sh" "COMPILER=arm-none-eabi-gcc" "ASSEMBLER=arm-none-eabi-as
TRACE::2026-09-21.16:04:34::SCWMssOS::" "ARCHIVER=arm-none-eabi-ar" "COMPILER_FLAGS=  -O2 -c" "EXTRA_COMPILER_FLAGS=-mcpu=cortex-a9 -mfpu=vfpv3 -mfloat-abi=hard -nos
TRACE::2026-09-21.16:04:34::SCWMssOS::tartfiles -g -Wall -Wextra"

TRACE::2026-09-21.16:04:34::SCWMssOS::make -C ps7_cortexa9_0/libsrc/uartps_v3_10/src -s libs  "SHELL=/bin/sh" "COMPILER=arm-none-eabi-gcc" "ASSEMBLER=arm-none-eabi-a
TRACE::2026-09-21.16:04:34::SCWMssOS::s" "ARCHIVER=arm-none-eabi-ar" "COMPILER_FLAGS=  -O2 -c" "EXTRA_COMPILER_FLAGS=-mcpu=cortex-a9 -mfpu=vfpv3 -mfloat-abi=hard -no
TRACE::2026-09-21.16:04:34::SCWMssOS::startfiles -g -Wall -Wextra"

TRACE::2026-09-21.16:04:34::SCWMssOS::Running Make libs in ps7_cortexa9_0/libsrc/v_tpg_v8_3/src

TRACE::2026-09-21.16:04:34::SCWMssOS::make -C ps7_cortexa9_0/libsrc/xadcps_v2_5/src -s libs  "SHELL=/bin/sh" "COMPILER=arm-none-eabi-gcc" "ASSEMBLER=arm-none-eabi-as
TRACE::2026-09-21.16:04:34::SCWMssOS::" "ARCHIVER=arm-none-eabi-ar" "COMPILER_FLAGS=  -O2 -c" "EXTRA_COMPILER_FLAGS=-mcpu=cortex-a9 -mfpu=vfpv3 -mfloat-abi=hard -nos
TRACE::2026-09-21.16:04:34::SCWMssOS::tartfiles -g -Wall -Wextra"

TRACE::2026-09-21.16:04:34::SCWMssOS::make -C ps7_cortexa9_0/libsrc/v_tpg_v8_3/src -s libs  "SHELL=/bin/sh" "COMPILER=arm-none-eabi-gcc" "ASSEMBLER=arm-none-eabi-as"
TRACE::2026-09-21.16:04:34::SCWMssOS:: "ARCHIVER=arm-none-eabi-ar" "COMPILER_FLAGS=  -O2 -c" "EXTRA_COMPILER_FLAGS=-mcpu=cortex-a9 -mfpu=vfpv3 -mfloat-abi=hard -nost
TRACE::2026-09-21.16:04:34::SCWMssOS::artfiles -g -Wall -Wextra"

TRACE::2026-09-21.16:04:39::SCWMssOS::Finished building libraries parallelly.

TRACE::2026-09-21.16:04:39::SCWMssOS::make --no-print-directory archive

TRACE::2026-09-21.16:04:39::SCWMssOS::arm-none-eabi-ar -r  ps7_cortexa9_0/lib/libxil.a ps7_cortexa9_0/lib/abort.o ps7_cortexa9_0/lib/asm_vectors.o ps7_cortexa9_0/lib
TRACE::2026-09-21.16:04:39::SCWMssOS::/boot.o ps7_cortexa9_0/lib/close.o ps7_cortexa9_0/lib/cpputest_time.o ps7_cortexa9_0/lib/cpu_init.o ps7_cortexa9_0/lib/errno.o 
TRACE::2026-09-21.16:04:39::SCWMssOS::ps7_cortexa9_0/lib/_exit.o ps7_cortexa9_0/lib/fcntl.o ps7_cortexa9_0/lib/fstat.o ps7_cortexa9_0/lib/getpid.o ps7_cortexa9_0/lib
TRACE::2026-09-21.16:04:39::SCWMssOS::/inbyte.o ps7_cortexa9_0/lib/isatty.o ps7_cortexa9_0/lib/kill.o ps7_cortexa9_0/lib/lseek.o ps7_cortexa9_0/lib/_open.o ps7_corte
TRACE::2026-09-21.16:04:39::SCWMssOS::xa9_0/lib/open.o ps7_cortexa9_0/lib/outbyte.o ps7_cortexa9_0/lib/print.o ps7_cortexa9_0/lib/putnum.o ps7_cortexa9_0/lib/read.o 
TRACE::2026-09-21.16:04:39::SCWMssOS::ps7_cortexa9_0/lib/_sbrk.o ps7_cortexa9_0/lib/sbrk.o ps7_cortexa9_0/lib/sleep.o ps7_cortexa9_0/lib/translation_table.o ps7_cort
TRACE::2026-09-21.16:04:39::SCWMssOS::exa9_0/lib/unlink.o ps7_cortexa9_0/lib/usleep.o ps7_cortexa9_0/lib/vectors.o ps7_cortexa9_0/lib/write.o ps7_cortexa9_0/lib/xadc
TRACE::2026-09-21.16:04:39::SCWMssOS::ps_g.o ps7_cortexa9_0/lib/xadcps_intr.o ps7_cortexa9_0/lib/xadcps.o ps7_cortexa9_0/lib/xadcps_selftest.o ps7_cortexa9_0/lib/xad
TRACE::2026-09-21.16:04:39::SCWMssOS::cps_sinit.o ps7_cortexa9_0/lib/xaxivdma_channel.o ps7_cortexa9_0/lib/xaxivdma_g.o ps7_cortexa9_0/lib/xaxivdma_intr.o ps7_cortex
TRACE::2026-09-21.16:04:39::SCWMssOS::a9_0/lib/xaxivdma.o ps7_cortexa9_0/lib/xaxivdma_selftest.o ps7_cortexa9_0/lib/xaxivdma_sinit.o ps7_cortexa9_0/lib/xcoresightpsd
TRACE::2026-09-21.16:04:39::SCWMssOS::cc.o ps7_cortexa9_0/lib/xdevcfg_g.o ps7_cortexa9_0/lib/xdevcfg_hw.o ps7_cortexa9_0/lib/xdevcfg_intr.o ps7_cortexa9_0/lib/xdevcf
TRACE::2026-09-21.16:04:39::SCWMssOS::g.o ps7_cortexa9_0/lib/xdevcfg_selftest.o ps7_cortexa9_0/lib/xdevcfg_sinit.o ps7_cortexa9_0/lib/xdmaps_g.o ps7_cortexa9_0/lib/x
TRACE::2026-09-21.16:04:39::SCWMssOS::dmaps_hw.o ps7_cortexa9_0/lib/xdmaps.o ps7_cortexa9_0/lib/xdmaps_selftest.o ps7_cortexa9_0/lib/xdmaps_sinit.o ps7_cortexa9_0/li
TRACE::2026-09-21.16:04:39::SCWMssOS::b/xemacps_bdring.o ps7_cortexa9_0/lib/xemacps_control.o ps7_cortexa9_0/lib/xemacps_g.o ps7_cortexa9_0/lib/xemacps_hw.o ps7_cort
TRACE::2026-09-21.16:04:39::SCWMssOS::exa9_0/lib/xemacps_intr.o ps7_cortexa9_0/lib/xemacps.o ps7_cortexa9_0/lib/xemacps_sinit.o ps7_cortexa9_0/lib/xil_assert.o ps7_c
TRACE::2026-09-21.16:04:39::SCWMssOS::ortexa9_0/lib/xil_cache.o ps7_cortexa9_0/lib/xil_clocking.o ps7_cortexa9_0/lib/xil-crt0.o ps7_cortexa9_0/lib/xil_exception.o ps
TRACE::2026-09-21.16:04:39::SCWMssOS::7_cortexa9_0/lib/xil_mem.o ps7_cortexa9_0/lib/xil_misc_psreset_api.o ps7_cortexa9_0/lib/xil_mmu.o ps7_cortexa9_0/lib/xil_printf
TRACE::2026-09-21.16:04:39::SCWMssOS::.o ps7_cortexa9_0/lib/xil_sleepcommon.o ps7_cortexa9_0/lib/xil_sleeptimer.o ps7_cortexa9_0/lib/xil_testcache.o ps7_cortexa9_0/l
TRACE::2026-09-21.16:04:39::SCWMssOS::ib/xil_testio.o ps7_cortexa9_0/lib/xil_testmem.o ps7_cortexa9_0/lib/xil_util.o ps7_cortexa9_0/lib/xl2cc_counter.o ps7_cortexa9_
TRACE::2026-09-21.16:04:39::SCWMssOS::0/lib/xplatform_info.o ps7_cortexa9_0/lib/xpm_counter.o ps7_cortexa9_0/lib/xscugic_g.o ps7_cortexa9_0/lib/xscugic_hw.o ps7_cort
TRACE::2026-09-21.16:04:39::SCWMssOS::exa9_0/lib/xscugic_intr.o ps7_cortexa9_0/lib/xscugic.o ps7_cortexa9_0/lib/xscugic_selftest.o ps7_cortexa9_0/lib/xscugic_sinit.o
TRACE::2026-09-21.16:04:39::SCWMssOS:: ps7_cortexa9_0/lib/xscutimer_g.o ps7_cortexa9_0/lib/xscutimer.o ps7_cortexa9_0/lib/xscutimer_selftest.o ps7_cortexa9_0/lib/xsc
TRACE::2026-09-21.16:04:39::SCWMssOS::utimer_sinit.o ps7_cortexa9_0/lib/xscuwdt_g.o ps7_cortexa9_0/lib/xscuwdt.o ps7_cortexa9_0/lib/xscuwdt_selftest.o ps7_cortexa9_0
TRACE::2026-09-21.16:04:39::SCWMssOS::/lib/xscuwdt_sinit.o ps7_cortexa9_0/lib/xsdps_card.o ps7_cortexa9_0/lib/xsdps_g.o ps7_cortexa9_0/lib/xsdps_host.o ps7_cortexa9_
TRACE::2026-09-21.16:04:39::SCWMssOS::0/lib/xsdps.o ps7_cortexa9_0/lib/xsdps_options.o ps7_cortexa9_0/lib/xsdps_sinit.o ps7_cortexa9_0/lib/xtime_l.o ps7_cortexa9_0/l
TRACE::2026-09-21.16:04:39::SCWMssOS::ib/xuartps_g.o ps7_cortexa9_0/lib/xuartps_hw.o ps7_cortexa9_0/lib/xuartps_intr.o ps7_cortexa9_0/lib/xuartps.o ps7_cortexa9_0/li
TRACE::2026-09-21.16:04:39::SCWMssOS::b/xuartps_options.o ps7_cortexa9_0/lib/xuartps_selftest.o ps7_cortexa9_0/lib/xuartps_sinit.o ps7_cortexa9_0/lib/xvidc_edid_ext.
TRACE::2026-09-21.16:04:39::SCWMssOS::o ps7_cortexa9_0/lib/xvidc_edid.o ps7_cortexa9_0/lib/xvidc.o ps7_cortexa9_0/lib/xvidc_parse_edid.o ps7_cortexa9_0/lib/xvidc_tim
TRACE::2026-09-21.16:04:39::SCWMssOS::ings_table.o ps7_cortexa9_0/lib/xv_tpg_g.o ps7_cortexa9_0/lib/xv_tpg_linux.o ps7_cortexa9_0/lib/xv_tpg.o ps7_cortexa9_0/lib/xv_
TRACE::2026-09-21.16:04:39::SCWMssOS::tpg_sinit.o

TRACE::2026-09-21.16:04:39::SCWMssOS::Finished building libraries

TRACE::2026-09-21.16:04:39::SCWMssOS::Copying to export directory.
TRACE::2026-09-21.16:04:39::SCWMssOS:: Checking if to create the Supporting Applications
TRACE::2026-09-21.16:04:39::SCWMssOS:: No Linux domain exists, trying to generate FSBL 
LOG::2026-09-21.16:04:39::SCWSystem::Completed Processing the domain standalone_ps7_cortexa9_0
LOG::2026-09-21.16:04:39::SCWSystem::Completed Processing the sysconfig zynq_wrapper
LOG::2026-09-21.16:04:39::SCWPlatform::Completed generating the artifacts for system configuration zynq_wrapper
TRACE::2026-09-21.16:04:39::SCWPlatform::Started preparing the platform 
TRACE::2026-09-21.16:04:39::SCWSystem::Writing the bif file for system config zynq_wrapper
TRACE::2026-09-21.16:04:39::SCWSystem::dir created 
TRACE::2026-09-21.16:04:39::SCWSystem::Writing the bif 
TRACE::2026-09-21.16:04:39::SCWPlatform::Started writing the spfm file 
TRACE::2026-09-21.16:04:39::SCWPlatform::Started writing the xpfm file 
TRACE::2026-09-21.16:04:39::SCWPlatform::Completed generating the platform
TRACE::2026-09-21.16:04:39::SCWMssOS::Saving the mss changes /home/alexey/programming/systemverilog/ethernet_image_transfer/fpga/zynq_wrapper/zynq_fsbl/zynq_fsbl_bsp/system.mss
TRACE::2026-09-21.16:04:39::SCWMssOS::Found a swdesign opened with the mssfile.
TRACE::2026-09-21.16:04:39::SCWMssOS::Completed writemss as part of save.
TRACE::2026-09-21.16:04:39::SCWMssOS::Commit changes completed.
TRACE::2026-09-21.16:04:39::SCWMssOS::Saving the mss changes /home/alexey/programming/systemverilog/ethernet_image_transfer/fpga/zynq_wrapper/ps7_cortexa9_0/standalone_ps7_cortexa9_0/bsp/system.mss
TRACE::2026-09-21.16:04:39::SCWMssOS::Found a swdesign opened with the mssfile.
TRACE::2026-09-21.16:04:39::SCWMssOS::Completed writemss as part of save.
TRACE::2026-09-21.16:04:39::SCWMssOS::Commit changes completed.
TRACE::2026-09-21.16:04:39::SCWPlatform::Trying to open the hw design at /home/alexey/programming/systemverilog/ethernet_image_transfer/fpga/zynq_wrapper/hw/zynq_wrapper.xsa
TRACE::2026-09-21.16:04:39::SCWPlatform::DSA given /home/alexey/programming/systemverilog/ethernet_image_transfer/fpga/zynq_wrapper/hw/zynq_wrapper.xsa
TRACE::2026-09-21.16:04:39::SCWPlatform::DSA absoulate path /home/alexey/programming/systemverilog/ethernet_image_transfer/fpga/zynq_wrapper/hw/zynq_wrapper.xsa
TRACE::2026-09-21.16:04:39::SCWPlatform::DSA directory /home/alexey/programming/systemverilog/ethernet_image_transfer/fpga/zynq_wrapper/hw
TRACE::2026-09-21.16:04:39::SCWPlatform:: Platform Path /home/alexey/programming/systemverilog/ethernet_image_transfer/fpga/zynq_wrapper/hw/zynq_wrapper.xsa
TRACE::2026-09-21.16:04:39::SCWPlatform:: Unique name xilinx:::0.0
TRACE::2026-09-21.16:04:39::SCWPlatform::Trying to set the existing hwdb with name zynq_wrapper_0
TRACE::2026-09-21.16:04:39::SCWPlatform::Opened existing hwdb zynq_wrapper_0
TRACE::2026-09-21.16:04:39::SCWPlatform::Found the Hw Db part of the input DSA
TRACE::2026-09-21.16:04:39::SCWMssOS::Checking the sw design at  /home/alexey/programming/systemverilog/ethernet_image_transfer/fpga/zynq_wrapper/zynq_fsbl/zynq_fsbl_bsp/system.mss
TRACE::2026-09-21.16:04:39::SCWMssOS::DEBUG:  swdes dump  /home/alexey/programming/systemverilog/ethernet_image_transfer/fpga/zynq_wrapper/ps7_cortexa9_0/standalone_ps7_cortexa9_0/bsp/system.mss|system_0||
/home/alexey/programming/systemverilog/ethernet_image_transfer/fpga/zynq_wrapper/zynq_fsbl/zynq_fsbl_bsp/system.mss|system||

TRACE::2026-09-21.16:04:39::SCWMssOS::Sw design exists and opened at  /home/alexey/programming/systemverilog/ethernet_image_transfer/fpga/zynq_wrapper/zynq_fsbl/zynq_fsbl_bsp/system.mss
TRACE::2026-09-21.16:04:39::SCWPlatform::Trying to open the hw design at /home/alexey/programming/systemverilog/ethernet_image_transfer/fpga/zynq_wrapper/hw/zynq_wrapper.xsa
TRACE::2026-09-21.16:04:39::SCWPlatform::DSA given /home/alexey/programming/systemverilog/ethernet_image_transfer/fpga/zynq_wrapper/hw/zynq_wrapper.xsa
TRACE::2026-09-21.16:04:39::SCWPlatform::DSA absoulate path /home/alexey/programming/systemverilog/ethernet_image_transfer/fpga/zynq_wrapper/hw/zynq_wrapper.xsa
TRACE::2026-09-21.16:04:39::SCWPlatform::DSA directory /home/alexey/programming/systemverilog/ethernet_image_transfer/fpga/zynq_wrapper/hw
TRACE::2026-09-21.16:04:39::SCWPlatform:: Platform Path /home/alexey/programming/systemverilog/ethernet_image_transfer/fpga/zynq_wrapper/hw/zynq_wrapper.xsa
TRACE::2026-09-21.16:04:39::SCWPlatform:: Unique name xilinx:::0.0
TRACE::2026-09-21.16:04:39::SCWPlatform::Trying to set the existing hwdb with name zynq_wrapper_0
TRACE::2026-09-21.16:04:39::SCWPlatform::Opened existing hwdb zynq_wrapper_0
TRACE::2026-09-21.16:04:39::SCWPlatform::Found the Hw Db part of the input DSA
TRACE::2026-09-21.16:04:39::SCWMssOS::Checking the sw design at  /home/alexey/programming/systemverilog/ethernet_image_transfer/fpga/zynq_wrapper/zynq_fsbl/zynq_fsbl_bsp/system.mss
TRACE::2026-09-21.16:04:39::SCWMssOS::DEBUG:  swdes dump  /home/alexey/programming/systemverilog/ethernet_image_transfer/fpga/zynq_wrapper/ps7_cortexa9_0/standalone_ps7_cortexa9_0/bsp/system.mss|system_0||
/home/alexey/programming/systemverilog/ethernet_image_transfer/fpga/zynq_wrapper/zynq_fsbl/zynq_fsbl_bsp/system.mss|system||

TRACE::2026-09-21.16:04:39::SCWMssOS::Sw design exists and opened at  /home/alexey/programming/systemverilog/ethernet_image_transfer/fpga/zynq_wrapper/zynq_fsbl/zynq_fsbl_bsp/system.mss
TRACE::2026-09-21.16:04:39::SCWPlatform::Trying to open the hw design at /home/alexey/programming/systemverilog/ethernet_image_transfer/fpga/zynq_wrapper/hw/zynq_wrapper.xsa
TRACE::2026-09-21.16:04:39::SCWPlatform::DSA given /home/alexey/programming/systemverilog/ethernet_image_transfer/fpga/zynq_wrapper/hw/zynq_wrapper.xsa
TRACE::2026-09-21.16:04:39::SCWPlatform::DSA absoulate path /home/alexey/programming/systemverilog/ethernet_image_transfer/fpga/zynq_wrapper/hw/zynq_wrapper.xsa
TRACE::2026-09-21.16:04:39::SCWPlatform::DSA directory /home/alexey/programming/systemverilog/ethernet_image_transfer/fpga/zynq_wrapper/hw
TRACE::2026-09-21.16:04:39::SCWPlatform:: Platform Path /home/alexey/programming/systemverilog/ethernet_image_transfer/fpga/zynq_wrapper/hw/zynq_wrapper.xsa
TRACE::2026-09-21.16:04:39::SCWPlatform:: Unique name xilinx:::0.0
TRACE::2026-09-21.16:04:39::SCWPlatform::Trying to set the existing hwdb with name zynq_wrapper_0
TRACE::2026-09-21.16:04:39::SCWPlatform::Opened existing hwdb zynq_wrapper_0
TRACE::2026-09-21.16:04:39::SCWPlatform::Found the Hw Db part of the input DSA
TRACE::2026-09-21.16:04:39::SCWMssOS::Checking the sw design at  /home/alexey/programming/systemverilog/ethernet_image_transfer/fpga/zynq_wrapper/zynq_fsbl/zynq_fsbl_bsp/system.mss
TRACE::2026-09-21.16:04:39::SCWMssOS::DEBUG:  swdes dump  /home/alexey/programming/systemverilog/ethernet_image_transfer/fpga/zynq_wrapper/ps7_cortexa9_0/standalone_ps7_cortexa9_0/bsp/system.mss|system_0||
/home/alexey/programming/systemverilog/ethernet_image_transfer/fpga/zynq_wrapper/zynq_fsbl/zynq_fsbl_bsp/system.mss|system||

TRACE::2026-09-21.16:04:39::SCWMssOS::Sw design exists and opened at  /home/alexey/programming/systemverilog/ethernet_image_transfer/fpga/zynq_wrapper/zynq_fsbl/zynq_fsbl_bsp/system.mss
TRACE::2026-09-21.16:04:39::SCWPlatform::Trying to open the hw design at /home/alexey/programming/systemverilog/ethernet_image_transfer/fpga/zynq_wrapper/hw/zynq_wrapper.xsa
TRACE::2026-09-21.16:04:39::SCWPlatform::DSA given /home/alexey/programming/systemverilog/ethernet_image_transfer/fpga/zynq_wrapper/hw/zynq_wrapper.xsa
TRACE::2026-09-21.16:04:39::SCWPlatform::DSA absoulate path /home/alexey/programming/systemverilog/ethernet_image_transfer/fpga/zynq_wrapper/hw/zynq_wrapper.xsa
TRACE::2026-09-21.16:04:39::SCWPlatform::DSA directory /home/alexey/programming/systemverilog/ethernet_image_transfer/fpga/zynq_wrapper/hw
TRACE::2026-09-21.16:04:39::SCWPlatform:: Platform Path /home/alexey/programming/systemverilog/ethernet_image_transfer/fpga/zynq_wrapper/hw/zynq_wrapper.xsa
TRACE::2026-09-21.16:04:39::SCWPlatform:: Unique name xilinx:::0.0
TRACE::2026-09-21.16:04:39::SCWPlatform::Trying to set the existing hwdb with name zynq_wrapper_0
TRACE::2026-09-21.16:04:39::SCWPlatform::Opened existing hwdb zynq_wrapper_0
TRACE::2026-09-21.16:04:39::SCWPlatform::Found the Hw Db part of the input DSA
TRACE::2026-09-21.16:04:39::SCWMssOS::Checking the sw design at  /home/alexey/programming/systemverilog/ethernet_image_transfer/fpga/zynq_wrapper/ps7_cortexa9_0/standalone_ps7_cortexa9_0/bsp/system.mss
TRACE::2026-09-21.16:04:39::SCWMssOS::DEBUG:  swdes dump  /home/alexey/programming/systemverilog/ethernet_image_transfer/fpga/zynq_wrapper/ps7_cortexa9_0/standalone_ps7_cortexa9_0/bsp/system.mss|system_0||
/home/alexey/programming/systemverilog/ethernet_image_transfer/fpga/zynq_wrapper/zynq_fsbl/zynq_fsbl_bsp/system.mss|system||

TRACE::2026-09-21.16:04:39::SCWMssOS::Sw design exists and opened at  /home/alexey/programming/systemverilog/ethernet_image_transfer/fpga/zynq_wrapper/ps7_cortexa9_0/standalone_ps7_cortexa9_0/bsp/system.mss
TRACE::2026-09-21.16:04:39::SCWPlatform::Trying to open the hw design at /home/alexey/programming/systemverilog/ethernet_image_transfer/fpga/zynq_wrapper/hw/zynq_wrapper.xsa
TRACE::2026-09-21.16:04:39::SCWPlatform::DSA given /home/alexey/programming/systemverilog/ethernet_image_transfer/fpga/zynq_wrapper/hw/zynq_wrapper.xsa
TRACE::2026-09-21.16:04:39::SCWPlatform::DSA absoulate path /home/alexey/programming/systemverilog/ethernet_image_transfer/fpga/zynq_wrapper/hw/zynq_wrapper.xsa
TRACE::2026-09-21.16:04:39::SCWPlatform::DSA directory /home/alexey/programming/systemverilog/ethernet_image_transfer/fpga/zynq_wrapper/hw
TRACE::2026-09-21.16:04:39::SCWPlatform:: Platform Path /home/alexey/programming/systemverilog/ethernet_image_transfer/fpga/zynq_wrapper/hw/zynq_wrapper.xsa
TRACE::2026-09-21.16:04:39::SCWPlatform:: Unique name xilinx:::0.0
TRACE::2026-09-21.16:04:39::SCWPlatform::Trying to set the existing hwdb with name zynq_wrapper_0
TRACE::2026-09-21.16:04:39::SCWPlatform::Opened existing hwdb zynq_wrapper_0
TRACE::2026-09-21.16:04:39::SCWPlatform::Found the Hw Db part of the input DSA
TRACE::2026-09-21.16:04:39::SCWMssOS::Checking the sw design at  /home/alexey/programming/systemverilog/ethernet_image_transfer/fpga/zynq_wrapper/ps7_cortexa9_0/standalone_ps7_cortexa9_0/bsp/system.mss
TRACE::2026-09-21.16:04:39::SCWMssOS::DEBUG:  swdes dump  /home/alexey/programming/systemverilog/ethernet_image_transfer/fpga/zynq_wrapper/ps7_cortexa9_0/standalone_ps7_cortexa9_0/bsp/system.mss|system_0||
/home/alexey/programming/systemverilog/ethernet_image_transfer/fpga/zynq_wrapper/zynq_fsbl/zynq_fsbl_bsp/system.mss|system||

TRACE::2026-09-21.16:04:39::SCWMssOS::Sw design exists and opened at  /home/alexey/programming/systemverilog/ethernet_image_transfer/fpga/zynq_wrapper/ps7_cortexa9_0/standalone_ps7_cortexa9_0/bsp/system.mss
TRACE::2026-09-21.16:04:39::SCWPlatform::Trying to open the hw design at /home/alexey/programming/systemverilog/ethernet_image_transfer/fpga/zynq_wrapper/hw/zynq_wrapper.xsa
TRACE::2026-09-21.16:04:39::SCWPlatform::DSA given /home/alexey/programming/systemverilog/ethernet_image_transfer/fpga/zynq_wrapper/hw/zynq_wrapper.xsa
TRACE::2026-09-21.16:04:39::SCWPlatform::DSA absoulate path /home/alexey/programming/systemverilog/ethernet_image_transfer/fpga/zynq_wrapper/hw/zynq_wrapper.xsa
TRACE::2026-09-21.16:04:39::SCWPlatform::DSA directory /home/alexey/programming/systemverilog/ethernet_image_transfer/fpga/zynq_wrapper/hw
TRACE::2026-09-21.16:04:39::SCWPlatform:: Platform Path /home/alexey/programming/systemverilog/ethernet_image_transfer/fpga/zynq_wrapper/hw/zynq_wrapper.xsa
TRACE::2026-09-21.16:04:39::SCWPlatform:: Unique name xilinx:::0.0
TRACE::2026-09-21.16:04:39::SCWPlatform::Trying to set the existing hwdb with name zynq_wrapper_0
TRACE::2026-09-21.16:04:39::SCWPlatform::Opened existing hwdb zynq_wrapper_0
TRACE::2026-09-21.16:04:39::SCWPlatform::Found the Hw Db part of the input DSA
TRACE::2026-09-21.16:04:39::SCWMssOS::Checking the sw design at  /home/alexey/programming/systemverilog/ethernet_image_transfer/fpga/zynq_wrapper/ps7_cortexa9_0/standalone_ps7_cortexa9_0/bsp/system.mss
TRACE::2026-09-21.16:04:39::SCWMssOS::DEBUG:  swdes dump  /home/alexey/programming/systemverilog/ethernet_image_transfer/fpga/zynq_wrapper/ps7_cortexa9_0/standalone_ps7_cortexa9_0/bsp/system.mss|system_0||
/home/alexey/programming/systemverilog/ethernet_image_transfer/fpga/zynq_wrapper/zynq_fsbl/zynq_fsbl_bsp/system.mss|system||

TRACE::2026-09-21.16:04:39::SCWMssOS::Sw design exists and opened at  /home/alexey/programming/systemverilog/ethernet_image_transfer/fpga/zynq_wrapper/ps7_cortexa9_0/standalone_ps7_cortexa9_0/bsp/system.mss
TRACE::2026-09-21.16:04:39::SCWWriter::formatted JSON is {
	"platformName":	"zynq_wrapper",
	"sprVersion":	"2.0",
	"mode":	"gui",
	"dsaType":	"Fixed",
	"platformDesc":	"zynq_wrapper",
	"platHandOff":	"<platformDir>.xsa",
	"platIntHandOff":	"<platformDir>/hw/zynq_wrapper.xsa",
	"deviceType":	"zynq",
	"platIsPrebuiltAutogen":	"false",
	"platIsNoBootBsp":	"false",
	"platFsblTarget":	"ps7_cortexa9_0",
	"hasFsblMakeHasChanges":	"false",
	"hasPmufwMakeHasChanges":	"false",
	"fsblExtraCompilerFlags":	"-MMD -MP       -mcpu=cortex-a9 -mfpu=vfpv3 -mfloat-abi=hard ",
	"platPreBuiltFlag":	false,
	"platformSamplesDir":	"",
	"platActiveSys":	"zynq_wrapper",
	"systems":	[{
			"systemName":	"zynq_wrapper",
			"systemDesc":	"zynq_wrapper",
			"sysIsBootAutoGen":	"true",
			"systemDispName":	"zynq_wrapper",
			"sysActiveDom":	"standalone_ps7_cortexa9_0",
			"sysDefaultDom":	"standalone_ps7_cortexa9_0",
			"domains":	[{
					"domainName":	"zynq_fsbl",
					"domainDispName":	"zynq_fsbl",
					"domainDesc":	"FSBL Application BSP - Auto Generated.",
					"processors":	"ps7_cortexa9_0",
					"os":	"standalone",
					"sdxOs":	"standalone",
					"debugEnable":	"",
					"domRuntimes":	["cpp"],
					"swRepo":	"",
					"mssOsVer":	"7.3",
					"mssFile":	"",
					"md5Digest":	"856d2a8ebe5499b74b0113244d05658d",
					"compatibleApp":	"zynq_fsbl",
					"domType":	"bootDomain",
					"arch":	"32-bit",
					"appSettings":	{
						"appCompilerFlags":	"",
						"appLinkerFlags":	""
					},
					"addedLibs":	["xilffs:4.4", "xilrsa:1.6"],
					"libOptions":	{
						"libsContainingOptions":	[]
					},
					"prebuiltLibs":	{
						"prebuiltIncPath":	[],
						"prebuiltLibPath":	[]
					},
					"isolation":	{
					}
				}, {
					"domainName":	"standalone_ps7_cortexa9_0",
					"domainDispName":	"standalone_ps7_cortexa9_0",
					"domainDesc":	"standalone_ps7_cortexa9_0",
					"processors":	"ps7_cortexa9_0",
					"os":	"standalone",
					"sdxOs":	"standalone",
					"qemuArgs":	"/home/alexey/Xilinx/Vitis/2020.2/data/emulation/platforms/zynq/sw/a9_standalone/qemu/qemu_args.txt",
					"qemuData":	"/home/alexey/Xilinx/Vitis/2020.2/data/emulation/platforms/zynq/sw/a9_standalone/qemu/",
					"debugEnable":	"False",
					"domRuntimes":	["cpp"],
					"swRepo":	"",
					"mssOsVer":	"7.3",
					"mssFile":	"",
					"md5Digest":	"45b0abfe8235d9243f1629e877f9a4a5",
					"compatibleApp":	"empty_application",
					"domType":	"mssDomain",
					"arch":	"32-bit",
					"appSettings":	{
						"appCompilerFlags":	"",
						"appLinkerFlags":	""
					},
					"addedLibs":	[],
					"libOptions":	{
						"libsContainingOptions":	[]
					},
					"prebuiltLibs":	{
						"prebuiltIncPath":	[],
						"prebuiltLibPath":	[]
					},
					"isolation":	{
					}
				}]
		}]
}
KEYINFO::2026-09-21.16:04:39::SCWPlatform::updated the xpfm file.
TRACE::2026-09-21.16:04:39::SCWPlatform::Trying to open the hw design at /home/alexey/programming/systemverilog/ethernet_image_transfer/fpga/zynq_wrapper/hw/zynq_wrapper.xsa
TRACE::2026-09-21.16:04:39::SCWPlatform::DSA given /home/alexey/programming/systemverilog/ethernet_image_transfer/fpga/zynq_wrapper/hw/zynq_wrapper.xsa
TRACE::2026-09-21.16:04:39::SCWPlatform::DSA absoulate path /home/alexey/programming/systemverilog/ethernet_image_transfer/fpga/zynq_wrapper/hw/zynq_wrapper.xsa
TRACE::2026-09-21.16:04:39::SCWPlatform::DSA directory /home/alexey/programming/systemverilog/ethernet_image_transfer/fpga/zynq_wrapper/hw
TRACE::2026-09-21.16:04:39::SCWPlatform:: Platform Path /home/alexey/programming/systemverilog/ethernet_image_transfer/fpga/zynq_wrapper/hw/zynq_wrapper.xsa
TRACE::2026-09-21.16:04:39::SCWPlatform:: Unique name xilinx:::0.0
TRACE::2026-09-21.16:04:39::SCWPlatform::Trying to set the existing hwdb with name zynq_wrapper_0
TRACE::2026-09-21.16:04:39::SCWPlatform::Opened existing hwdb zynq_wrapper_0
TRACE::2026-09-21.16:04:39::SCWPlatform::Found the Hw Db part of the input DSA
TRACE::2026-09-21.16:04:39::SCWMssOS::Checking the sw design at  /home/alexey/programming/systemverilog/ethernet_image_transfer/fpga/zynq_wrapper/ps7_cortexa9_0/standalone_ps7_cortexa9_0/bsp/system.mss
TRACE::2026-09-21.16:04:39::SCWMssOS::DEBUG:  swdes dump  /home/alexey/programming/systemverilog/ethernet_image_transfer/fpga/zynq_wrapper/ps7_cortexa9_0/standalone_ps7_cortexa9_0/bsp/system.mss|system_0||
/home/alexey/programming/systemverilog/ethernet_image_transfer/fpga/zynq_wrapper/zynq_fsbl/zynq_fsbl_bsp/system.mss|system||

TRACE::2026-09-21.16:04:39::SCWMssOS::Sw design exists and opened at  /home/alexey/programming/systemverilog/ethernet_image_transfer/fpga/zynq_wrapper/ps7_cortexa9_0/standalone_ps7_cortexa9_0/bsp/system.mss
TRACE::2026-09-21.16:47:15::SCWPlatform::Clearing the existing platform
TRACE::2026-09-21.16:47:15::SCWSystem::Clearing the existing sysconfig
TRACE::2026-09-21.16:47:15::SCWBDomain::clearing the fsbl build
TRACE::2026-09-21.16:47:15::SCWMssOS::Removing the swdes entry for  /home/alexey/programming/systemverilog/ethernet_image_transfer/fpga/zynq_wrapper/zynq_fsbl/zynq_fsbl_bsp/system.mss
TRACE::2026-09-21.16:47:15::SCWMssOS::Removing the swdes entry for  /home/alexey/programming/systemverilog/ethernet_image_transfer/fpga/zynq_wrapper/ps7_cortexa9_0/standalone_ps7_cortexa9_0/bsp/system.mss
TRACE::2026-09-21.16:47:15::SCWSystem::Clearing the domains completed.
TRACE::2026-09-21.16:47:15::SCWPlatform::Clearing the opened hw db.
TRACE::2026-09-21.16:47:15::SCWPlatform::DSA given /home/alexey/programming/systemverilog/ethernet_image_transfer/fpga/zynq_wrapper/hw/zynq_wrapper.xsa
TRACE::2026-09-21.16:47:15::SCWPlatform::DSA absoulate path /home/alexey/programming/systemverilog/ethernet_image_transfer/fpga/zynq_wrapper/hw/zynq_wrapper.xsa
TRACE::2026-09-21.16:47:15::SCWPlatform:: Platform location is /home/alexey/programming/systemverilog/ethernet_image_transfer/fpga/zynq_wrapper/hw
TRACE::2026-09-21.16:47:15::SCWPlatform:: Platform Path /home/alexey/programming/systemverilog/ethernet_image_transfer/fpga/zynq_wrapper/hw/zynq_wrapper.xsa
TRACE::2026-09-21.16:47:15::SCWPlatform:: Unique name xilinx:::0.0
TRACE::2026-09-21.16:47:15::SCWPlatform::Removing the HwDB with name /home/alexey/programming/systemverilog/ethernet_image_transfer/fpga/zynq_wrapper/hw/zynq_wrapper.xsa
TRACE::2026-09-21.16:47:15::SCWPlatform::Trying to open the hw design at /home/alexey/programming/systemverilog/ethernet_image_transfer/fpga/zynq_wrapper/hw/zynq_wrapper.xsa
TRACE::2026-09-21.16:47:15::SCWPlatform::DSA given /home/alexey/programming/systemverilog/ethernet_image_transfer/fpga/zynq_wrapper/hw/zynq_wrapper.xsa
TRACE::2026-09-21.16:47:15::SCWPlatform::DSA absoulate path /home/alexey/programming/systemverilog/ethernet_image_transfer/fpga/zynq_wrapper/hw/zynq_wrapper.xsa
TRACE::2026-09-21.16:47:15::SCWPlatform::DSA directory /home/alexey/programming/systemverilog/ethernet_image_transfer/fpga/zynq_wrapper/hw
TRACE::2026-09-21.16:47:15::SCWPlatform:: Platform Path /home/alexey/programming/systemverilog/ethernet_image_transfer/fpga/zynq_wrapper/hw/zynq_wrapper.xsa
TRACE::2026-09-21.16:47:15::SCWPlatform:: Unique name xilinx:::0.0
TRACE::2026-09-21.16:47:15::SCWPlatform::Do not have an existing db opened. 
TRACE::2026-09-21.16:47:19::SCWPlatform::Opened new HwDB with name zynq_wrapper_3
TRACE::2026-09-21.16:47:19::SCWReader::Active system found as  zynq_wrapper
TRACE::2026-09-21.16:47:19::SCWReader::Handling sysconfig zynq_wrapper
TRACE::2026-09-21.16:47:19::SCWDomain::checking for install qemu data   : 
TRACE::2026-09-21.16:47:19::SCWDomain:: Using the QEMU Data from install at  : /home/alexey/Xilinx/Vitis/2020.2/data/emulation/platforms/zynq/sw/a9_standalone/qemu/
TRACE::2026-09-21.16:47:19::SCWDomain:: Using the QEMU args  from install at  : /home/alexey/Xilinx/Vitis/2020.2/data/emulation/platforms/zynq/sw/a9_standalone/qemu/qemu_args.txt
TRACE::2026-09-21.16:47:19::SCWPlatform::Trying to open the hw design at /home/alexey/programming/systemverilog/ethernet_image_transfer/fpga/zynq_wrapper/hw/zynq_wrapper.xsa
TRACE::2026-09-21.16:47:19::SCWPlatform::DSA given /home/alexey/programming/systemverilog/ethernet_image_transfer/fpga/zynq_wrapper/hw/zynq_wrapper.xsa
TRACE::2026-09-21.16:47:19::SCWPlatform::DSA absoulate path /home/alexey/programming/systemverilog/ethernet_image_transfer/fpga/zynq_wrapper/hw/zynq_wrapper.xsa
TRACE::2026-09-21.16:47:19::SCWPlatform::DSA directory /home/alexey/programming/systemverilog/ethernet_image_transfer/fpga/zynq_wrapper/hw
TRACE::2026-09-21.16:47:19::SCWPlatform:: Platform Path /home/alexey/programming/systemverilog/ethernet_image_transfer/fpga/zynq_wrapper/hw/zynq_wrapper.xsa
TRACE::2026-09-21.16:47:19::SCWPlatform:: Unique name xilinx:::0.0
TRACE::2026-09-21.16:47:19::SCWPlatform::Trying to set the existing hwdb with name zynq_wrapper_3
TRACE::2026-09-21.16:47:19::SCWPlatform::Opened existing hwdb zynq_wrapper_3
TRACE::2026-09-21.16:47:19::SCWPlatform::Found the Hw Db part of the input DSA
TRACE::2026-09-21.16:47:19::SCWPlatform::Trying to open the hw design at /home/alexey/programming/systemverilog/ethernet_image_transfer/fpga/zynq_wrapper/hw/zynq_wrapper.xsa
TRACE::2026-09-21.16:47:19::SCWPlatform::DSA given /home/alexey/programming/systemverilog/ethernet_image_transfer/fpga/zynq_wrapper/hw/zynq_wrapper.xsa
TRACE::2026-09-21.16:47:19::SCWPlatform::DSA absoulate path /home/alexey/programming/systemverilog/ethernet_image_transfer/fpga/zynq_wrapper/hw/zynq_wrapper.xsa
TRACE::2026-09-21.16:47:19::SCWPlatform::DSA directory /home/alexey/programming/systemverilog/ethernet_image_transfer/fpga/zynq_wrapper/hw
TRACE::2026-09-21.16:47:19::SCWPlatform:: Platform Path /home/alexey/programming/systemverilog/ethernet_image_transfer/fpga/zynq_wrapper/hw/zynq_wrapper.xsa
TRACE::2026-09-21.16:47:19::SCWPlatform:: Unique name xilinx:::0.0
TRACE::2026-09-21.16:47:19::SCWPlatform::Trying to set the existing hwdb with name zynq_wrapper_3
TRACE::2026-09-21.16:47:19::SCWPlatform::Opened existing hwdb zynq_wrapper_3
TRACE::2026-09-21.16:47:19::SCWPlatform::Found the Hw Db part of the input DSA
TRACE::2026-09-21.16:47:19::SCWPlatform::Trying to open the hw design at /home/alexey/programming/systemverilog/ethernet_image_transfer/fpga/zynq_wrapper/hw/zynq_wrapper.xsa
TRACE::2026-09-21.16:47:19::SCWPlatform::DSA given /home/alexey/programming/systemverilog/ethernet_image_transfer/fpga/zynq_wrapper/hw/zynq_wrapper.xsa
TRACE::2026-09-21.16:47:19::SCWPlatform::DSA absoulate path /home/alexey/programming/systemverilog/ethernet_image_transfer/fpga/zynq_wrapper/hw/zynq_wrapper.xsa
TRACE::2026-09-21.16:47:19::SCWPlatform::DSA directory /home/alexey/programming/systemverilog/ethernet_image_transfer/fpga/zynq_wrapper/hw
TRACE::2026-09-21.16:47:19::SCWPlatform:: Platform Path /home/alexey/programming/systemverilog/ethernet_image_transfer/fpga/zynq_wrapper/hw/zynq_wrapper.xsa
TRACE::2026-09-21.16:47:19::SCWPlatform:: Unique name xilinx:::0.0
TRACE::2026-09-21.16:47:19::SCWPlatform::Trying to set the existing hwdb with name zynq_wrapper_3
TRACE::2026-09-21.16:47:19::SCWPlatform::Opened existing hwdb zynq_wrapper_3
TRACE::2026-09-21.16:47:19::SCWPlatform::Found the Hw Db part of the input DSA
TRACE::2026-09-21.16:47:19::SCWReader::Boot application domain added for zynq_fsbl
TRACE::2026-09-21.16:47:19::SCWPlatform::Trying to open the hw design at /home/alexey/programming/systemverilog/ethernet_image_transfer/fpga/zynq_wrapper/hw/zynq_wrapper.xsa
TRACE::2026-09-21.16:47:19::SCWPlatform::DSA given /home/alexey/programming/systemverilog/ethernet_image_transfer/fpga/zynq_wrapper/hw/zynq_wrapper.xsa
TRACE::2026-09-21.16:47:19::SCWPlatform::DSA absoulate path /home/alexey/programming/systemverilog/ethernet_image_transfer/fpga/zynq_wrapper/hw/zynq_wrapper.xsa
TRACE::2026-09-21.16:47:19::SCWPlatform::DSA directory /home/alexey/programming/systemverilog/ethernet_image_transfer/fpga/zynq_wrapper/hw
TRACE::2026-09-21.16:47:19::SCWPlatform:: Platform Path /home/alexey/programming/systemverilog/ethernet_image_transfer/fpga/zynq_wrapper/hw/zynq_wrapper.xsa
TRACE::2026-09-21.16:47:19::SCWPlatform:: Unique name xilinx:::0.0
TRACE::2026-09-21.16:47:19::SCWPlatform::Trying to set the existing hwdb with name zynq_wrapper_3
TRACE::2026-09-21.16:47:19::SCWPlatform::Opened existing hwdb zynq_wrapper_3
TRACE::2026-09-21.16:47:19::SCWPlatform::Found the Hw Db part of the input DSA
TRACE::2026-09-21.16:47:19::SCWMssOS::Checking the sw design at  /home/alexey/programming/systemverilog/ethernet_image_transfer/fpga/zynq_wrapper/zynq_fsbl/zynq_fsbl_bsp/system.mss
TRACE::2026-09-21.16:47:19::SCWMssOS::DEBUG:  swdes dump  
TRACE::2026-09-21.16:47:19::SCWMssOS::No sw design opened at  /home/alexey/programming/systemverilog/ethernet_image_transfer/fpga/zynq_wrapper/zynq_fsbl/zynq_fsbl_bsp/system.mss
TRACE::2026-09-21.16:47:19::SCWMssOS::mss exists loading the mss file  /home/alexey/programming/systemverilog/ethernet_image_transfer/fpga/zynq_wrapper/zynq_fsbl/zynq_fsbl_bsp/system.mss
TRACE::2026-09-21.16:47:19::SCWMssOS::Opened the sw design from mss  /home/alexey/programming/systemverilog/ethernet_image_transfer/fpga/zynq_wrapper/zynq_fsbl/zynq_fsbl_bsp/system.mss
TRACE::2026-09-21.16:47:19::SCWMssOS::Adding the swdes entry /home/alexey/programming/systemverilog/ethernet_image_transfer/fpga/zynq_wrapper/zynq_fsbl/zynq_fsbl_bsp/system.mss with des name system
TRACE::2026-09-21.16:47:19::SCWMssOS::updating the scw layer about changes
TRACE::2026-09-21.16:47:19::SCWMssOS::Opened the sw design.  /home/alexey/programming/systemverilog/ethernet_image_transfer/fpga/zynq_wrapper/zynq_fsbl/zynq_fsbl_bsp/system.mss
TRACE::2026-09-21.16:47:19::SCWPlatform::Trying to open the hw design at /home/alexey/programming/systemverilog/ethernet_image_transfer/fpga/zynq_wrapper/hw/zynq_wrapper.xsa
TRACE::2026-09-21.16:47:19::SCWPlatform::DSA given /home/alexey/programming/systemverilog/ethernet_image_transfer/fpga/zynq_wrapper/hw/zynq_wrapper.xsa
TRACE::2026-09-21.16:47:19::SCWPlatform::DSA absoulate path /home/alexey/programming/systemverilog/ethernet_image_transfer/fpga/zynq_wrapper/hw/zynq_wrapper.xsa
TRACE::2026-09-21.16:47:19::SCWPlatform::DSA directory /home/alexey/programming/systemverilog/ethernet_image_transfer/fpga/zynq_wrapper/hw
TRACE::2026-09-21.16:47:19::SCWPlatform:: Platform Path /home/alexey/programming/systemverilog/ethernet_image_transfer/fpga/zynq_wrapper/hw/zynq_wrapper.xsa
TRACE::2026-09-21.16:47:19::SCWPlatform:: Unique name xilinx:::0.0
TRACE::2026-09-21.16:47:19::SCWPlatform::Trying to set the existing hwdb with name zynq_wrapper_3
TRACE::2026-09-21.16:47:19::SCWPlatform::Opened existing hwdb zynq_wrapper_3
TRACE::2026-09-21.16:47:19::SCWPlatform::Found the Hw Db part of the input DSA
TRACE::2026-09-21.16:47:19::SCWMssOS::Checking the sw design at  /home/alexey/programming/systemverilog/ethernet_image_transfer/fpga/zynq_wrapper/zynq_fsbl/zynq_fsbl_bsp/system.mss
TRACE::2026-09-21.16:47:19::SCWMssOS::DEBUG:  swdes dump  /home/alexey/programming/systemverilog/ethernet_image_transfer/fpga/zynq_wrapper/zynq_fsbl/zynq_fsbl_bsp/system.mss|system||

TRACE::2026-09-21.16:47:19::SCWMssOS::Sw design exists and opened at  /home/alexey/programming/systemverilog/ethernet_image_transfer/fpga/zynq_wrapper/zynq_fsbl/zynq_fsbl_bsp/system.mss
TRACE::2026-09-21.16:47:19::SCWMssOS:: library already available in sw design:  xilffs:4.4
TRACE::2026-09-21.16:47:19::SCWPlatform::Trying to open the hw design at /home/alexey/programming/systemverilog/ethernet_image_transfer/fpga/zynq_wrapper/hw/zynq_wrapper.xsa
TRACE::2026-09-21.16:47:19::SCWPlatform::DSA given /home/alexey/programming/systemverilog/ethernet_image_transfer/fpga/zynq_wrapper/hw/zynq_wrapper.xsa
TRACE::2026-09-21.16:47:19::SCWPlatform::DSA absoulate path /home/alexey/programming/systemverilog/ethernet_image_transfer/fpga/zynq_wrapper/hw/zynq_wrapper.xsa
TRACE::2026-09-21.16:47:19::SCWPlatform::DSA directory /home/alexey/programming/systemverilog/ethernet_image_transfer/fpga/zynq_wrapper/hw
TRACE::2026-09-21.16:47:19::SCWPlatform:: Platform Path /home/alexey/programming/systemverilog/ethernet_image_transfer/fpga/zynq_wrapper/hw/zynq_wrapper.xsa
TRACE::2026-09-21.16:47:19::SCWPlatform:: Unique name xilinx:::0.0
TRACE::2026-09-21.16:47:19::SCWPlatform::Trying to set the existing hwdb with name zynq_wrapper_3
TRACE::2026-09-21.16:47:19::SCWPlatform::Opened existing hwdb zynq_wrapper_3
TRACE::2026-09-21.16:47:19::SCWPlatform::Found the Hw Db part of the input DSA
TRACE::2026-09-21.16:47:19::SCWMssOS::Checking the sw design at  /home/alexey/programming/systemverilog/ethernet_image_transfer/fpga/zynq_wrapper/zynq_fsbl/zynq_fsbl_bsp/system.mss
TRACE::2026-09-21.16:47:19::SCWMssOS::DEBUG:  swdes dump  /home/alexey/programming/systemverilog/ethernet_image_transfer/fpga/zynq_wrapper/zynq_fsbl/zynq_fsbl_bsp/system.mss|system||

TRACE::2026-09-21.16:47:19::SCWMssOS::Sw design exists and opened at  /home/alexey/programming/systemverilog/ethernet_image_transfer/fpga/zynq_wrapper/zynq_fsbl/zynq_fsbl_bsp/system.mss
TRACE::2026-09-21.16:47:19::SCWMssOS:: library already available in sw design:  xilrsa:1.6
TRACE::2026-09-21.16:47:19::SCWMssOS::Saving the mss changes /home/alexey/programming/systemverilog/ethernet_image_transfer/fpga/zynq_wrapper/zynq_fsbl/zynq_fsbl_bsp/system.mss
TRACE::2026-09-21.16:47:19::SCWMssOS::Found a swdesign opened with the mssfile.
TRACE::2026-09-21.16:47:19::SCWMssOS::Completed writemss as part of save.
TRACE::2026-09-21.16:47:19::SCWMssOS::Commit changes completed.
TRACE::2026-09-21.16:47:19::SCWReader::Adding prebuilt librarypaths as   
TRACE::2026-09-21.16:47:19::SCWReader::Adding prebuilt incpaths  as   
TRACE::2026-09-21.16:47:19::SCWPlatform::Trying to open the hw design at /home/alexey/programming/systemverilog/ethernet_image_transfer/fpga/zynq_wrapper/hw/zynq_wrapper.xsa
TRACE::2026-09-21.16:47:19::SCWPlatform::DSA given /home/alexey/programming/systemverilog/ethernet_image_transfer/fpga/zynq_wrapper/hw/zynq_wrapper.xsa
TRACE::2026-09-21.16:47:19::SCWPlatform::DSA absoulate path /home/alexey/programming/systemverilog/ethernet_image_transfer/fpga/zynq_wrapper/hw/zynq_wrapper.xsa
TRACE::2026-09-21.16:47:19::SCWPlatform::DSA directory /home/alexey/programming/systemverilog/ethernet_image_transfer/fpga/zynq_wrapper/hw
TRACE::2026-09-21.16:47:19::SCWPlatform:: Platform Path /home/alexey/programming/systemverilog/ethernet_image_transfer/fpga/zynq_wrapper/hw/zynq_wrapper.xsa
TRACE::2026-09-21.16:47:19::SCWPlatform:: Unique name xilinx:::0.0
TRACE::2026-09-21.16:47:19::SCWPlatform::Trying to set the existing hwdb with name zynq_wrapper_3
TRACE::2026-09-21.16:47:19::SCWPlatform::Opened existing hwdb zynq_wrapper_3
TRACE::2026-09-21.16:47:19::SCWPlatform::Found the Hw Db part of the input DSA
TRACE::2026-09-21.16:47:19::SCWMssOS::Checking the sw design at  /home/alexey/programming/systemverilog/ethernet_image_transfer/fpga/zynq_wrapper/zynq_fsbl/zynq_fsbl_bsp/system.mss
TRACE::2026-09-21.16:47:19::SCWMssOS::DEBUG:  swdes dump  /home/alexey/programming/systemverilog/ethernet_image_transfer/fpga/zynq_wrapper/zynq_fsbl/zynq_fsbl_bsp/system.mss|system||

TRACE::2026-09-21.16:47:19::SCWMssOS::Sw design exists and opened at  /home/alexey/programming/systemverilog/ethernet_image_transfer/fpga/zynq_wrapper/zynq_fsbl/zynq_fsbl_bsp/system.mss
TRACE::2026-09-21.16:47:19::SCWReader::No isolation master present  
TRACE::2026-09-21.16:47:19::SCWDomain::checking for install qemu data   : 
TRACE::2026-09-21.16:47:19::SCWDomain:: Using the QEMU Data from install at  : /home/alexey/Xilinx/Vitis/2020.2/data/emulation/platforms/zynq/sw/a9_standalone/qemu/
TRACE::2026-09-21.16:47:19::SCWDomain:: Using the QEMU args  from install at  : /home/alexey/Xilinx/Vitis/2020.2/data/emulation/platforms/zynq/sw/a9_standalone/qemu/qemu_args.txt
TRACE::2026-09-21.16:47:19::SCWPlatform::Trying to open the hw design at /home/alexey/programming/systemverilog/ethernet_image_transfer/fpga/zynq_wrapper/hw/zynq_wrapper.xsa
TRACE::2026-09-21.16:47:19::SCWPlatform::DSA given /home/alexey/programming/systemverilog/ethernet_image_transfer/fpga/zynq_wrapper/hw/zynq_wrapper.xsa
TRACE::2026-09-21.16:47:19::SCWPlatform::DSA absoulate path /home/alexey/programming/systemverilog/ethernet_image_transfer/fpga/zynq_wrapper/hw/zynq_wrapper.xsa
TRACE::2026-09-21.16:47:19::SCWPlatform::DSA directory /home/alexey/programming/systemverilog/ethernet_image_transfer/fpga/zynq_wrapper/hw
TRACE::2026-09-21.16:47:19::SCWPlatform:: Platform Path /home/alexey/programming/systemverilog/ethernet_image_transfer/fpga/zynq_wrapper/hw/zynq_wrapper.xsa
TRACE::2026-09-21.16:47:19::SCWPlatform:: Unique name xilinx:::0.0
TRACE::2026-09-21.16:47:19::SCWPlatform::Trying to set the existing hwdb with name zynq_wrapper_3
TRACE::2026-09-21.16:47:19::SCWPlatform::Opened existing hwdb zynq_wrapper_3
TRACE::2026-09-21.16:47:19::SCWPlatform::Found the Hw Db part of the input DSA
TRACE::2026-09-21.16:47:19::SCWPlatform::Trying to open the hw design at /home/alexey/programming/systemverilog/ethernet_image_transfer/fpga/zynq_wrapper/hw/zynq_wrapper.xsa
TRACE::2026-09-21.16:47:19::SCWPlatform::DSA given /home/alexey/programming/systemverilog/ethernet_image_transfer/fpga/zynq_wrapper/hw/zynq_wrapper.xsa
TRACE::2026-09-21.16:47:19::SCWPlatform::DSA absoulate path /home/alexey/programming/systemverilog/ethernet_image_transfer/fpga/zynq_wrapper/hw/zynq_wrapper.xsa
TRACE::2026-09-21.16:47:19::SCWPlatform::DSA directory /home/alexey/programming/systemverilog/ethernet_image_transfer/fpga/zynq_wrapper/hw
TRACE::2026-09-21.16:47:19::SCWPlatform:: Platform Path /home/alexey/programming/systemverilog/ethernet_image_transfer/fpga/zynq_wrapper/hw/zynq_wrapper.xsa
TRACE::2026-09-21.16:47:19::SCWPlatform:: Unique name xilinx:::0.0
TRACE::2026-09-21.16:47:19::SCWPlatform::Trying to set the existing hwdb with name zynq_wrapper_3
TRACE::2026-09-21.16:47:19::SCWPlatform::Opened existing hwdb zynq_wrapper_3
TRACE::2026-09-21.16:47:19::SCWPlatform::Found the Hw Db part of the input DSA
TRACE::2026-09-21.16:47:19::SCWPlatform::Trying to open the hw design at /home/alexey/programming/systemverilog/ethernet_image_transfer/fpga/zynq_wrapper/hw/zynq_wrapper.xsa
TRACE::2026-09-21.16:47:19::SCWPlatform::DSA given /home/alexey/programming/systemverilog/ethernet_image_transfer/fpga/zynq_wrapper/hw/zynq_wrapper.xsa
TRACE::2026-09-21.16:47:19::SCWPlatform::DSA absoulate path /home/alexey/programming/systemverilog/ethernet_image_transfer/fpga/zynq_wrapper/hw/zynq_wrapper.xsa
TRACE::2026-09-21.16:47:19::SCWPlatform::DSA directory /home/alexey/programming/systemverilog/ethernet_image_transfer/fpga/zynq_wrapper/hw
TRACE::2026-09-21.16:47:19::SCWPlatform:: Platform Path /home/alexey/programming/systemverilog/ethernet_image_transfer/fpga/zynq_wrapper/hw/zynq_wrapper.xsa
TRACE::2026-09-21.16:47:19::SCWPlatform:: Unique name xilinx:::0.0
TRACE::2026-09-21.16:47:19::SCWPlatform::Trying to set the existing hwdb with name zynq_wrapper_3
TRACE::2026-09-21.16:47:19::SCWPlatform::Opened existing hwdb zynq_wrapper_3
TRACE::2026-09-21.16:47:19::SCWPlatform::Found the Hw Db part of the input DSA
TRACE::2026-09-21.16:47:19::SCWMssOS::Checking the sw design at  /home/alexey/programming/systemverilog/ethernet_image_transfer/fpga/zynq_wrapper/ps7_cortexa9_0/standalone_ps7_cortexa9_0/bsp/system.mss
TRACE::2026-09-21.16:47:19::SCWMssOS::DEBUG:  swdes dump  /home/alexey/programming/systemverilog/ethernet_image_transfer/fpga/zynq_wrapper/zynq_fsbl/zynq_fsbl_bsp/system.mss|system||

TRACE::2026-09-21.16:47:19::SCWMssOS::No sw design opened at  /home/alexey/programming/systemverilog/ethernet_image_transfer/fpga/zynq_wrapper/ps7_cortexa9_0/standalone_ps7_cortexa9_0/bsp/system.mss
TRACE::2026-09-21.16:47:19::SCWMssOS::mss exists loading the mss file  /home/alexey/programming/systemverilog/ethernet_image_transfer/fpga/zynq_wrapper/ps7_cortexa9_0/standalone_ps7_cortexa9_0/bsp/system.mss
TRACE::2026-09-21.16:47:19::SCWMssOS::Opened the sw design from mss  /home/alexey/programming/systemverilog/ethernet_image_transfer/fpga/zynq_wrapper/ps7_cortexa9_0/standalone_ps7_cortexa9_0/bsp/system.mss
TRACE::2026-09-21.16:47:19::SCWMssOS::Adding the swdes entry /home/alexey/programming/systemverilog/ethernet_image_transfer/fpga/zynq_wrapper/ps7_cortexa9_0/standalone_ps7_cortexa9_0/bsp/system.mss with des name system_0
TRACE::2026-09-21.16:47:19::SCWMssOS::updating the scw layer about changes
TRACE::2026-09-21.16:47:19::SCWMssOS::Opened the sw design.  /home/alexey/programming/systemverilog/ethernet_image_transfer/fpga/zynq_wrapper/ps7_cortexa9_0/standalone_ps7_cortexa9_0/bsp/system.mss
TRACE::2026-09-21.16:47:19::SCWMssOS::Saving the mss changes /home/alexey/programming/systemverilog/ethernet_image_transfer/fpga/zynq_wrapper/ps7_cortexa9_0/standalone_ps7_cortexa9_0/bsp/system.mss
TRACE::2026-09-21.16:47:19::SCWMssOS::Found a swdesign opened with the mssfile.
TRACE::2026-09-21.16:47:19::SCWMssOS::Completed writemss as part of save.
TRACE::2026-09-21.16:47:19::SCWMssOS::Commit changes completed.
TRACE::2026-09-21.16:47:19::SCWReader::Adding prebuilt librarypaths as   
TRACE::2026-09-21.16:47:19::SCWReader::Adding prebuilt incpaths  as   
TRACE::2026-09-21.16:47:19::SCWPlatform::Trying to open the hw design at /home/alexey/programming/systemverilog/ethernet_image_transfer/fpga/zynq_wrapper/hw/zynq_wrapper.xsa
TRACE::2026-09-21.16:47:19::SCWPlatform::DSA given /home/alexey/programming/systemverilog/ethernet_image_transfer/fpga/zynq_wrapper/hw/zynq_wrapper.xsa
TRACE::2026-09-21.16:47:19::SCWPlatform::DSA absoulate path /home/alexey/programming/systemverilog/ethernet_image_transfer/fpga/zynq_wrapper/hw/zynq_wrapper.xsa
TRACE::2026-09-21.16:47:19::SCWPlatform::DSA directory /home/alexey/programming/systemverilog/ethernet_image_transfer/fpga/zynq_wrapper/hw
TRACE::2026-09-21.16:47:19::SCWPlatform:: Platform Path /home/alexey/programming/systemverilog/ethernet_image_transfer/fpga/zynq_wrapper/hw/zynq_wrapper.xsa
TRACE::2026-09-21.16:47:19::SCWPlatform:: Unique name xilinx:::0.0
TRACE::2026-09-21.16:47:19::SCWPlatform::Trying to set the existing hwdb with name zynq_wrapper_3
TRACE::2026-09-21.16:47:19::SCWPlatform::Opened existing hwdb zynq_wrapper_3
TRACE::2026-09-21.16:47:19::SCWPlatform::Found the Hw Db part of the input DSA
TRACE::2026-09-21.16:47:19::SCWMssOS::Checking the sw design at  /home/alexey/programming/systemverilog/ethernet_image_transfer/fpga/zynq_wrapper/ps7_cortexa9_0/standalone_ps7_cortexa9_0/bsp/system.mss
TRACE::2026-09-21.16:47:19::SCWMssOS::DEBUG:  swdes dump  /home/alexey/programming/systemverilog/ethernet_image_transfer/fpga/zynq_wrapper/ps7_cortexa9_0/standalone_ps7_cortexa9_0/bsp/system.mss|system_0||
/home/alexey/programming/systemverilog/ethernet_image_transfer/fpga/zynq_wrapper/zynq_fsbl/zynq_fsbl_bsp/system.mss|system||

TRACE::2026-09-21.16:47:19::SCWMssOS::Sw design exists and opened at  /home/alexey/programming/systemverilog/ethernet_image_transfer/fpga/zynq_wrapper/ps7_cortexa9_0/standalone_ps7_cortexa9_0/bsp/system.mss
TRACE::2026-09-21.16:47:19::SCWReader::No isolation master present  
TRACE::2026-09-21.16:47:33::SCWPlatform::Trying to open the hw design at /home/alexey/programming/systemverilog/ethernet_image_transfer/fpga/zynq_wrapper/hw/zynq_wrapper.xsa
TRACE::2026-09-21.16:47:33::SCWPlatform::DSA given /home/alexey/programming/systemverilog/ethernet_image_transfer/fpga/zynq_wrapper/hw/zynq_wrapper.xsa
TRACE::2026-09-21.16:47:33::SCWPlatform::DSA absoulate path /home/alexey/programming/systemverilog/ethernet_image_transfer/fpga/zynq_wrapper/hw/zynq_wrapper.xsa
TRACE::2026-09-21.16:47:33::SCWPlatform::DSA directory /home/alexey/programming/systemverilog/ethernet_image_transfer/fpga/zynq_wrapper/hw
TRACE::2026-09-21.16:47:33::SCWPlatform:: Platform Path /home/alexey/programming/systemverilog/ethernet_image_transfer/fpga/zynq_wrapper/hw/zynq_wrapper.xsa
TRACE::2026-09-21.16:47:33::SCWPlatform:: Unique name xilinx:::0.0
TRACE::2026-09-21.16:47:33::SCWPlatform::Trying to set the existing hwdb with name zynq_wrapper_3
TRACE::2026-09-21.16:47:33::SCWPlatform::Opened existing hwdb zynq_wrapper_3
TRACE::2026-09-21.16:47:33::SCWPlatform::Found the Hw Db part of the input DSA
TRACE::2026-09-21.16:47:33::SCWMssOS::Checking the sw design at  /home/alexey/programming/systemverilog/ethernet_image_transfer/fpga/zynq_wrapper/zynq_fsbl/zynq_fsbl_bsp/system.mss
TRACE::2026-09-21.16:47:33::SCWMssOS::DEBUG:  swdes dump  /home/alexey/programming/systemverilog/ethernet_image_transfer/fpga/zynq_wrapper/ps7_cortexa9_0/standalone_ps7_cortexa9_0/bsp/system.mss|system_0||
/home/alexey/programming/systemverilog/ethernet_image_transfer/fpga/zynq_wrapper/zynq_fsbl/zynq_fsbl_bsp/system.mss|system||

TRACE::2026-09-21.16:47:33::SCWMssOS::Sw design exists and opened at  /home/alexey/programming/systemverilog/ethernet_image_transfer/fpga/zynq_wrapper/zynq_fsbl/zynq_fsbl_bsp/system.mss
TRACE::2026-09-21.16:47:35::SCWMssOS::In reload Mss file.
TRACE::2026-09-21.16:47:35::SCWPlatform::Trying to open the hw design at /home/alexey/programming/systemverilog/ethernet_image_transfer/fpga/zynq_wrapper/hw/zynq_wrapper.xsa
TRACE::2026-09-21.16:47:35::SCWPlatform::DSA given /home/alexey/programming/systemverilog/ethernet_image_transfer/fpga/zynq_wrapper/hw/zynq_wrapper.xsa
TRACE::2026-09-21.16:47:35::SCWPlatform::DSA absoulate path /home/alexey/programming/systemverilog/ethernet_image_transfer/fpga/zynq_wrapper/hw/zynq_wrapper.xsa
TRACE::2026-09-21.16:47:35::SCWPlatform::DSA directory /home/alexey/programming/systemverilog/ethernet_image_transfer/fpga/zynq_wrapper/hw
TRACE::2026-09-21.16:47:35::SCWPlatform:: Platform Path /home/alexey/programming/systemverilog/ethernet_image_transfer/fpga/zynq_wrapper/hw/zynq_wrapper.xsa
TRACE::2026-09-21.16:47:35::SCWPlatform:: Unique name xilinx:::0.0
TRACE::2026-09-21.16:47:35::SCWPlatform::Trying to set the existing hwdb with name zynq_wrapper_3
TRACE::2026-09-21.16:47:35::SCWPlatform::Opened existing hwdb zynq_wrapper_3
TRACE::2026-09-21.16:47:35::SCWPlatform::Found the Hw Db part of the input DSA
TRACE::2026-09-21.16:47:35::SCWMssOS::Checking the sw design at  /home/alexey/programming/systemverilog/ethernet_image_transfer/fpga/zynq_wrapper/zynq_fsbl/zynq_fsbl_bsp/system.mss
TRACE::2026-09-21.16:47:35::SCWMssOS::DEBUG:  swdes dump  /home/alexey/programming/systemverilog/ethernet_image_transfer/fpga/zynq_wrapper/ps7_cortexa9_0/standalone_ps7_cortexa9_0/bsp/system.mss|system_0||
/home/alexey/programming/systemverilog/ethernet_image_transfer/fpga/zynq_wrapper/zynq_fsbl/zynq_fsbl_bsp/system.mss|system||

KEYINFO::2026-09-21.16:47:35::SCWMssOS::Could not open the swdb for system
KEYINFO::2026-09-21.16:47:35::SCWMssOS::Could not open the sw design at  system
ERROR: [Hsi 55-1558] Software Design system is not found

TRACE::2026-09-21.16:47:35::SCWMssOS::Cleared the swdb table entry
TRACE::2026-09-21.16:47:35::SCWMssOS::No sw design opened at  /home/alexey/programming/systemverilog/ethernet_image_transfer/fpga/zynq_wrapper/zynq_fsbl/zynq_fsbl_bsp/system.mss
TRACE::2026-09-21.16:47:35::SCWMssOS::mss exists loading the mss file  /home/alexey/programming/systemverilog/ethernet_image_transfer/fpga/zynq_wrapper/zynq_fsbl/zynq_fsbl_bsp/system.mss
TRACE::2026-09-21.16:47:35::SCWMssOS::Opened the sw design from mss  /home/alexey/programming/systemverilog/ethernet_image_transfer/fpga/zynq_wrapper/zynq_fsbl/zynq_fsbl_bsp/system.mss
TRACE::2026-09-21.16:47:35::SCWMssOS::Adding the swdes entry /home/alexey/programming/systemverilog/ethernet_image_transfer/fpga/zynq_wrapper/zynq_fsbl/zynq_fsbl_bsp/system.mss with des name system
TRACE::2026-09-21.16:47:35::SCWMssOS::updating the scw layer about changes
TRACE::2026-09-21.16:47:35::SCWMssOS::Opened the sw design.  /home/alexey/programming/systemverilog/ethernet_image_transfer/fpga/zynq_wrapper/zynq_fsbl/zynq_fsbl_bsp/system.mss
TRACE::2026-09-21.16:47:35::SCWPlatform::Trying to open the hw design at /home/alexey/programming/systemverilog/ethernet_image_transfer/fpga/zynq_wrapper/hw/zynq_wrapper.xsa
TRACE::2026-09-21.16:47:35::SCWPlatform::DSA given /home/alexey/programming/systemverilog/ethernet_image_transfer/fpga/zynq_wrapper/hw/zynq_wrapper.xsa
TRACE::2026-09-21.16:47:35::SCWPlatform::DSA absoulate path /home/alexey/programming/systemverilog/ethernet_image_transfer/fpga/zynq_wrapper/hw/zynq_wrapper.xsa
TRACE::2026-09-21.16:47:35::SCWPlatform::DSA directory /home/alexey/programming/systemverilog/ethernet_image_transfer/fpga/zynq_wrapper/hw
TRACE::2026-09-21.16:47:35::SCWPlatform:: Platform Path /home/alexey/programming/systemverilog/ethernet_image_transfer/fpga/zynq_wrapper/hw/zynq_wrapper.xsa
TRACE::2026-09-21.16:47:35::SCWPlatform:: Unique name xilinx:::0.0
TRACE::2026-09-21.16:47:35::SCWPlatform::Trying to set the existing hwdb with name zynq_wrapper_3
TRACE::2026-09-21.16:47:35::SCWPlatform::Opened existing hwdb zynq_wrapper_3
TRACE::2026-09-21.16:47:35::SCWPlatform::Found the Hw Db part of the input DSA
TRACE::2026-09-21.16:47:35::SCWMssOS::Checking the sw design at  /home/alexey/programming/systemverilog/ethernet_image_transfer/fpga/zynq_wrapper/zynq_fsbl/zynq_fsbl_bsp/system.mss
TRACE::2026-09-21.16:47:35::SCWMssOS::DEBUG:  swdes dump  /home/alexey/programming/systemverilog/ethernet_image_transfer/fpga/zynq_wrapper/ps7_cortexa9_0/standalone_ps7_cortexa9_0/bsp/system.mss|system_0||
/home/alexey/programming/systemverilog/ethernet_image_transfer/fpga/zynq_wrapper/zynq_fsbl/zynq_fsbl_bsp/system.mss|system||

TRACE::2026-09-21.16:47:35::SCWMssOS::Sw design exists and opened at  /home/alexey/programming/systemverilog/ethernet_image_transfer/fpga/zynq_wrapper/zynq_fsbl/zynq_fsbl_bsp/system.mss
TRACE::2026-09-21.16:47:35::SCWMssOS:: library already available in sw design:  xilffs:4.4
TRACE::2026-09-21.16:47:35::SCWPlatform::Trying to open the hw design at /home/alexey/programming/systemverilog/ethernet_image_transfer/fpga/zynq_wrapper/hw/zynq_wrapper.xsa
TRACE::2026-09-21.16:47:35::SCWPlatform::DSA given /home/alexey/programming/systemverilog/ethernet_image_transfer/fpga/zynq_wrapper/hw/zynq_wrapper.xsa
TRACE::2026-09-21.16:47:35::SCWPlatform::DSA absoulate path /home/alexey/programming/systemverilog/ethernet_image_transfer/fpga/zynq_wrapper/hw/zynq_wrapper.xsa
TRACE::2026-09-21.16:47:35::SCWPlatform::DSA directory /home/alexey/programming/systemverilog/ethernet_image_transfer/fpga/zynq_wrapper/hw
TRACE::2026-09-21.16:47:35::SCWPlatform:: Platform Path /home/alexey/programming/systemverilog/ethernet_image_transfer/fpga/zynq_wrapper/hw/zynq_wrapper.xsa
TRACE::2026-09-21.16:47:35::SCWPlatform:: Unique name xilinx:::0.0
TRACE::2026-09-21.16:47:35::SCWPlatform::Trying to set the existing hwdb with name zynq_wrapper_3
TRACE::2026-09-21.16:47:35::SCWPlatform::Opened existing hwdb zynq_wrapper_3
TRACE::2026-09-21.16:47:35::SCWPlatform::Found the Hw Db part of the input DSA
TRACE::2026-09-21.16:47:35::SCWMssOS::Checking the sw design at  /home/alexey/programming/systemverilog/ethernet_image_transfer/fpga/zynq_wrapper/zynq_fsbl/zynq_fsbl_bsp/system.mss
TRACE::2026-09-21.16:47:35::SCWMssOS::DEBUG:  swdes dump  /home/alexey/programming/systemverilog/ethernet_image_transfer/fpga/zynq_wrapper/ps7_cortexa9_0/standalone_ps7_cortexa9_0/bsp/system.mss|system_0||
/home/alexey/programming/systemverilog/ethernet_image_transfer/fpga/zynq_wrapper/zynq_fsbl/zynq_fsbl_bsp/system.mss|system||

TRACE::2026-09-21.16:47:35::SCWMssOS::Sw design exists and opened at  /home/alexey/programming/systemverilog/ethernet_image_transfer/fpga/zynq_wrapper/zynq_fsbl/zynq_fsbl_bsp/system.mss
TRACE::2026-09-21.16:47:35::SCWMssOS:: library already available in sw design:  xilrsa:1.6
TRACE::2026-09-21.16:47:35::SCWMssOS::Saving the mss changes /home/alexey/programming/systemverilog/ethernet_image_transfer/fpga/zynq_wrapper/zynq_fsbl/zynq_fsbl_bsp/system.mss
TRACE::2026-09-21.16:47:35::SCWMssOS::Found a swdesign opened with the mssfile.
TRACE::2026-09-21.16:47:35::SCWMssOS::Completed writemss as part of save.
TRACE::2026-09-21.16:47:35::SCWMssOS::Commit changes completed.
TRACE::2026-09-21.16:47:35::SCWPlatform::Trying to open the hw design at /home/alexey/programming/systemverilog/ethernet_image_transfer/fpga/zynq_wrapper/hw/zynq_wrapper.xsa
TRACE::2026-09-21.16:47:35::SCWPlatform::DSA given /home/alexey/programming/systemverilog/ethernet_image_transfer/fpga/zynq_wrapper/hw/zynq_wrapper.xsa
TRACE::2026-09-21.16:47:35::SCWPlatform::DSA absoulate path /home/alexey/programming/systemverilog/ethernet_image_transfer/fpga/zynq_wrapper/hw/zynq_wrapper.xsa
TRACE::2026-09-21.16:47:35::SCWPlatform::DSA directory /home/alexey/programming/systemverilog/ethernet_image_transfer/fpga/zynq_wrapper/hw
TRACE::2026-09-21.16:47:35::SCWPlatform:: Platform Path /home/alexey/programming/systemverilog/ethernet_image_transfer/fpga/zynq_wrapper/hw/zynq_wrapper.xsa
TRACE::2026-09-21.16:47:35::SCWPlatform:: Unique name xilinx:::0.0
TRACE::2026-09-21.16:47:35::SCWPlatform::Trying to set the existing hwdb with name zynq_wrapper_3
TRACE::2026-09-21.16:47:35::SCWPlatform::Opened existing hwdb zynq_wrapper_3
TRACE::2026-09-21.16:47:35::SCWPlatform::Found the Hw Db part of the input DSA
TRACE::2026-09-21.16:47:35::SCWMssOS::Checking the sw design at  /home/alexey/programming/systemverilog/ethernet_image_transfer/fpga/zynq_wrapper/zynq_fsbl/zynq_fsbl_bsp/system.mss
TRACE::2026-09-21.16:47:35::SCWMssOS::DEBUG:  swdes dump  /home/alexey/programming/systemverilog/ethernet_image_transfer/fpga/zynq_wrapper/ps7_cortexa9_0/standalone_ps7_cortexa9_0/bsp/system.mss|system_0||
/home/alexey/programming/systemverilog/ethernet_image_transfer/fpga/zynq_wrapper/zynq_fsbl/zynq_fsbl_bsp/system.mss|system||

TRACE::2026-09-21.16:47:35::SCWMssOS::Sw design exists and opened at  /home/alexey/programming/systemverilog/ethernet_image_transfer/fpga/zynq_wrapper/zynq_fsbl/zynq_fsbl_bsp/system.mss
TRACE::2026-09-21.16:47:35::SCWMssOS::Removing the swdes entry for  /home/alexey/programming/systemverilog/ethernet_image_transfer/fpga/zynq_wrapper/zynq_fsbl/zynq_fsbl_bsp/system.mss
TRACE::2026-09-21.16:47:36::SCWPlatform::Trying to open the hw design at /home/alexey/programming/systemverilog/ethernet_image_transfer/fpga/zynq_wrapper/hw/zynq_wrapper.xsa
TRACE::2026-09-21.16:47:36::SCWPlatform::DSA given /home/alexey/programming/systemverilog/ethernet_image_transfer/fpga/zynq_wrapper/hw/zynq_wrapper.xsa
TRACE::2026-09-21.16:47:36::SCWPlatform::DSA absoulate path /home/alexey/programming/systemverilog/ethernet_image_transfer/fpga/zynq_wrapper/hw/zynq_wrapper.xsa
TRACE::2026-09-21.16:47:36::SCWPlatform::DSA directory /home/alexey/programming/systemverilog/ethernet_image_transfer/fpga/zynq_wrapper/hw
TRACE::2026-09-21.16:47:36::SCWPlatform:: Platform Path /home/alexey/programming/systemverilog/ethernet_image_transfer/fpga/zynq_wrapper/hw/zynq_wrapper.xsa
TRACE::2026-09-21.16:47:36::SCWPlatform:: Unique name xilinx:::0.0
TRACE::2026-09-21.16:47:36::SCWPlatform::Trying to set the existing hwdb with name zynq_wrapper_3
TRACE::2026-09-21.16:47:36::SCWPlatform::Opened existing hwdb zynq_wrapper_3
TRACE::2026-09-21.16:47:36::SCWPlatform::Found the Hw Db part of the input DSA
TRACE::2026-09-21.16:47:36::SCWMssOS::Checking the sw design at  /home/alexey/programming/systemverilog/ethernet_image_transfer/fpga/zynq_wrapper/zynq_fsbl/zynq_fsbl_bsp/system.mss
TRACE::2026-09-21.16:47:36::SCWMssOS::DEBUG:  swdes dump  /home/alexey/programming/systemverilog/ethernet_image_transfer/fpga/zynq_wrapper/ps7_cortexa9_0/standalone_ps7_cortexa9_0/bsp/system.mss|system_0||

TRACE::2026-09-21.16:47:36::SCWMssOS::No sw design opened at  /home/alexey/programming/systemverilog/ethernet_image_transfer/fpga/zynq_wrapper/zynq_fsbl/zynq_fsbl_bsp/system.mss
TRACE::2026-09-21.16:47:36::SCWMssOS::mss exists loading the mss file  /home/alexey/programming/systemverilog/ethernet_image_transfer/fpga/zynq_wrapper/zynq_fsbl/zynq_fsbl_bsp/system.mss
TRACE::2026-09-21.16:47:36::SCWMssOS::Opened the sw design from mss  /home/alexey/programming/systemverilog/ethernet_image_transfer/fpga/zynq_wrapper/zynq_fsbl/zynq_fsbl_bsp/system.mss
TRACE::2026-09-21.16:47:36::SCWMssOS::Adding the swdes entry /home/alexey/programming/systemverilog/ethernet_image_transfer/fpga/zynq_wrapper/zynq_fsbl/zynq_fsbl_bsp/system.mss with des name system
TRACE::2026-09-21.16:47:36::SCWMssOS::updating the scw layer about changes
TRACE::2026-09-21.16:47:36::SCWMssOS::Opened the sw design.  /home/alexey/programming/systemverilog/ethernet_image_transfer/fpga/zynq_wrapper/zynq_fsbl/zynq_fsbl_bsp/system.mss
TRACE::2026-09-21.16:47:40::SCWPlatform::Trying to open the hw design at /home/alexey/programming/systemverilog/ethernet_image_transfer/fpga/zynq_wrapper/hw/zynq_wrapper.xsa
TRACE::2026-09-21.16:47:40::SCWPlatform::DSA given /home/alexey/programming/systemverilog/ethernet_image_transfer/fpga/zynq_wrapper/hw/zynq_wrapper.xsa
TRACE::2026-09-21.16:47:40::SCWPlatform::DSA absoulate path /home/alexey/programming/systemverilog/ethernet_image_transfer/fpga/zynq_wrapper/hw/zynq_wrapper.xsa
TRACE::2026-09-21.16:47:40::SCWPlatform::DSA directory /home/alexey/programming/systemverilog/ethernet_image_transfer/fpga/zynq_wrapper/hw
TRACE::2026-09-21.16:47:40::SCWPlatform:: Platform Path /home/alexey/programming/systemverilog/ethernet_image_transfer/fpga/zynq_wrapper/hw/zynq_wrapper.xsa
TRACE::2026-09-21.16:47:40::SCWPlatform:: Unique name xilinx:::0.0
TRACE::2026-09-21.16:47:40::SCWPlatform::Trying to set the existing hwdb with name zynq_wrapper_3
TRACE::2026-09-21.16:47:40::SCWPlatform::Opened existing hwdb zynq_wrapper_3
TRACE::2026-09-21.16:47:40::SCWPlatform::Found the Hw Db part of the input DSA
TRACE::2026-09-21.16:47:40::SCWMssOS::Checking the sw design at  /home/alexey/programming/systemverilog/ethernet_image_transfer/fpga/zynq_wrapper/zynq_fsbl/zynq_fsbl_bsp/system.mss
TRACE::2026-09-21.16:47:40::SCWMssOS::DEBUG:  swdes dump  /home/alexey/programming/systemverilog/ethernet_image_transfer/fpga/zynq_wrapper/ps7_cortexa9_0/standalone_ps7_cortexa9_0/bsp/system.mss|system_0||
/home/alexey/programming/systemverilog/ethernet_image_transfer/fpga/zynq_wrapper/zynq_fsbl/zynq_fsbl_bsp/system.mss|system||

TRACE::2026-09-21.16:47:40::SCWMssOS::Sw design exists and opened at  /home/alexey/programming/systemverilog/ethernet_image_transfer/fpga/zynq_wrapper/zynq_fsbl/zynq_fsbl_bsp/system.mss
TRACE::2026-09-21.16:47:40::SCWMssOS::Adding Library:  lwip211:1.3
TRACE::2026-09-21.16:47:40::SCWMssOS::Added Library:  lwip211
TRACE::2026-09-21.16:47:40::SCWPlatform::Trying to open the hw design at /home/alexey/programming/systemverilog/ethernet_image_transfer/fpga/zynq_wrapper/hw/zynq_wrapper.xsa
TRACE::2026-09-21.16:47:40::SCWPlatform::DSA given /home/alexey/programming/systemverilog/ethernet_image_transfer/fpga/zynq_wrapper/hw/zynq_wrapper.xsa
TRACE::2026-09-21.16:47:40::SCWPlatform::DSA absoulate path /home/alexey/programming/systemverilog/ethernet_image_transfer/fpga/zynq_wrapper/hw/zynq_wrapper.xsa
TRACE::2026-09-21.16:47:40::SCWPlatform::DSA directory /home/alexey/programming/systemverilog/ethernet_image_transfer/fpga/zynq_wrapper/hw
TRACE::2026-09-21.16:47:40::SCWPlatform:: Platform Path /home/alexey/programming/systemverilog/ethernet_image_transfer/fpga/zynq_wrapper/hw/zynq_wrapper.xsa
TRACE::2026-09-21.16:47:40::SCWPlatform:: Unique name xilinx:::0.0
TRACE::2026-09-21.16:47:40::SCWPlatform::Trying to set the existing hwdb with name zynq_wrapper_3
TRACE::2026-09-21.16:47:40::SCWPlatform::Opened existing hwdb zynq_wrapper_3
TRACE::2026-09-21.16:47:40::SCWPlatform::Found the Hw Db part of the input DSA
TRACE::2026-09-21.16:47:40::SCWMssOS::Checking the sw design at  /home/alexey/programming/systemverilog/ethernet_image_transfer/fpga/zynq_wrapper/zynq_fsbl/zynq_fsbl_bsp/system.mss
TRACE::2026-09-21.16:47:40::SCWMssOS::DEBUG:  swdes dump  /home/alexey/programming/systemverilog/ethernet_image_transfer/fpga/zynq_wrapper/ps7_cortexa9_0/standalone_ps7_cortexa9_0/bsp/system.mss|system_0||
/home/alexey/programming/systemverilog/ethernet_image_transfer/fpga/zynq_wrapper/zynq_fsbl/zynq_fsbl_bsp/system.mss|system||

TRACE::2026-09-21.16:47:40::SCWMssOS::Sw design exists and opened at  /home/alexey/programming/systemverilog/ethernet_image_transfer/fpga/zynq_wrapper/zynq_fsbl/zynq_fsbl_bsp/system.mss
TRACE::2026-09-21.16:47:45::SCWMssOS::Saving the mss changes /home/alexey/programming/systemverilog/ethernet_image_transfer/fpga/zynq_wrapper/zynq_fsbl/zynq_fsbl_bsp/system.mss
TRACE::2026-09-21.16:47:45::SCWMssOS::Found a swdesign opened with the mssfile.
TRACE::2026-09-21.16:47:45::SCWMssOS::Completed writemss as part of save.
TRACE::2026-09-21.16:47:45::SCWMssOS::Commit changes completed.
TRACE::2026-09-21.16:47:45::SCWMssOS::Saving the mss changes /home/alexey/programming/systemverilog/ethernet_image_transfer/fpga/zynq_wrapper/ps7_cortexa9_0/standalone_ps7_cortexa9_0/bsp/system.mss
TRACE::2026-09-21.16:47:45::SCWMssOS::Found a swdesign opened with the mssfile.
TRACE::2026-09-21.16:47:45::SCWMssOS::Completed writemss as part of save.
TRACE::2026-09-21.16:47:45::SCWMssOS::Commit changes completed.
TRACE::2026-09-21.16:47:45::SCWPlatform::Trying to open the hw design at /home/alexey/programming/systemverilog/ethernet_image_transfer/fpga/zynq_wrapper/hw/zynq_wrapper.xsa
TRACE::2026-09-21.16:47:45::SCWPlatform::DSA given /home/alexey/programming/systemverilog/ethernet_image_transfer/fpga/zynq_wrapper/hw/zynq_wrapper.xsa
TRACE::2026-09-21.16:47:45::SCWPlatform::DSA absoulate path /home/alexey/programming/systemverilog/ethernet_image_transfer/fpga/zynq_wrapper/hw/zynq_wrapper.xsa
TRACE::2026-09-21.16:47:45::SCWPlatform::DSA directory /home/alexey/programming/systemverilog/ethernet_image_transfer/fpga/zynq_wrapper/hw
TRACE::2026-09-21.16:47:45::SCWPlatform:: Platform Path /home/alexey/programming/systemverilog/ethernet_image_transfer/fpga/zynq_wrapper/hw/zynq_wrapper.xsa
TRACE::2026-09-21.16:47:45::SCWPlatform:: Unique name xilinx:::0.0
TRACE::2026-09-21.16:47:45::SCWPlatform::Trying to set the existing hwdb with name zynq_wrapper_3
TRACE::2026-09-21.16:47:45::SCWPlatform::Opened existing hwdb zynq_wrapper_3
TRACE::2026-09-21.16:47:45::SCWPlatform::Found the Hw Db part of the input DSA
TRACE::2026-09-21.16:47:45::SCWMssOS::Checking the sw design at  /home/alexey/programming/systemverilog/ethernet_image_transfer/fpga/zynq_wrapper/zynq_fsbl/zynq_fsbl_bsp/system.mss
TRACE::2026-09-21.16:47:45::SCWMssOS::DEBUG:  swdes dump  /home/alexey/programming/systemverilog/ethernet_image_transfer/fpga/zynq_wrapper/ps7_cortexa9_0/standalone_ps7_cortexa9_0/bsp/system.mss|system_0||
/home/alexey/programming/systemverilog/ethernet_image_transfer/fpga/zynq_wrapper/zynq_fsbl/zynq_fsbl_bsp/system.mss|system||

TRACE::2026-09-21.16:47:45::SCWMssOS::Sw design exists and opened at  /home/alexey/programming/systemverilog/ethernet_image_transfer/fpga/zynq_wrapper/zynq_fsbl/zynq_fsbl_bsp/system.mss
TRACE::2026-09-21.16:47:45::SCWPlatform::Trying to open the hw design at /home/alexey/programming/systemverilog/ethernet_image_transfer/fpga/zynq_wrapper/hw/zynq_wrapper.xsa
TRACE::2026-09-21.16:47:45::SCWPlatform::DSA given /home/alexey/programming/systemverilog/ethernet_image_transfer/fpga/zynq_wrapper/hw/zynq_wrapper.xsa
TRACE::2026-09-21.16:47:45::SCWPlatform::DSA absoulate path /home/alexey/programming/systemverilog/ethernet_image_transfer/fpga/zynq_wrapper/hw/zynq_wrapper.xsa
TRACE::2026-09-21.16:47:45::SCWPlatform::DSA directory /home/alexey/programming/systemverilog/ethernet_image_transfer/fpga/zynq_wrapper/hw
TRACE::2026-09-21.16:47:45::SCWPlatform:: Platform Path /home/alexey/programming/systemverilog/ethernet_image_transfer/fpga/zynq_wrapper/hw/zynq_wrapper.xsa
TRACE::2026-09-21.16:47:45::SCWPlatform:: Unique name xilinx:::0.0
TRACE::2026-09-21.16:47:45::SCWPlatform::Trying to set the existing hwdb with name zynq_wrapper_3
TRACE::2026-09-21.16:47:45::SCWPlatform::Opened existing hwdb zynq_wrapper_3
TRACE::2026-09-21.16:47:45::SCWPlatform::Found the Hw Db part of the input DSA
TRACE::2026-09-21.16:47:45::SCWMssOS::Checking the sw design at  /home/alexey/programming/systemverilog/ethernet_image_transfer/fpga/zynq_wrapper/ps7_cortexa9_0/standalone_ps7_cortexa9_0/bsp/system.mss
TRACE::2026-09-21.16:47:45::SCWMssOS::DEBUG:  swdes dump  /home/alexey/programming/systemverilog/ethernet_image_transfer/fpga/zynq_wrapper/ps7_cortexa9_0/standalone_ps7_cortexa9_0/bsp/system.mss|system_0||
/home/alexey/programming/systemverilog/ethernet_image_transfer/fpga/zynq_wrapper/zynq_fsbl/zynq_fsbl_bsp/system.mss|system||

TRACE::2026-09-21.16:47:45::SCWMssOS::Sw design exists and opened at  /home/alexey/programming/systemverilog/ethernet_image_transfer/fpga/zynq_wrapper/ps7_cortexa9_0/standalone_ps7_cortexa9_0/bsp/system.mss
TRACE::2026-09-21.16:47:45::SCWWriter::formatted JSON is {
	"platformName":	"zynq_wrapper",
	"sprVersion":	"2.0",
	"mode":	"gui",
	"dsaType":	"Fixed",
	"platformDesc":	"zynq_wrapper",
	"platHandOff":	"<platformDir>.xsa",
	"platIntHandOff":	"<platformDir>/hw/zynq_wrapper.xsa",
	"deviceType":	"zynq",
	"platIsPrebuiltAutogen":	"false",
	"platIsNoBootBsp":	"false",
	"hasFsblMakeHasChanges":	"false",
	"hasPmufwMakeHasChanges":	"false",
	"fsblExtraCompilerFlags":	"-MMD -MP       -mcpu=cortex-a9 -mfpu=vfpv3 -mfloat-abi=hard ",
	"platPreBuiltFlag":	false,
	"platformSamplesDir":	"",
	"platActiveSys":	"zynq_wrapper",
	"systems":	[{
			"systemName":	"zynq_wrapper",
			"systemDesc":	"zynq_wrapper",
			"sysIsBootAutoGen":	"true",
			"systemDispName":	"zynq_wrapper",
			"sysActiveDom":	"zynq_fsbl",
			"sysDefaultDom":	"standalone_ps7_cortexa9_0",
			"domains":	[{
					"domainName":	"zynq_fsbl",
					"domainDispName":	"zynq_fsbl",
					"domainDesc":	"FSBL Application BSP - Auto Generated.",
					"processors":	"ps7_cortexa9_0",
					"os":	"standalone",
					"sdxOs":	"standalone",
					"debugEnable":	"",
					"domRuntimes":	["cpp"],
					"swRepo":	"",
					"mssOsVer":	"7.3",
					"mssFile":	"",
					"md5Digest":	"856d2a8ebe5499b74b0113244d05658d",
					"compatibleApp":	"zynq_fsbl",
					"domType":	"bootDomain",
					"arch":	"32-bit",
					"appSettings":	{
						"appCompilerFlags":	"",
						"appLinkerFlags":	""
					},
					"addedLibs":	["xilffs:4.4", "xilrsa:1.6", "lwip211:1.3"],
					"libOptions":	{
						"libsContainingOptions":	[]
					},
					"prebuiltLibs":	{
						"prebuiltIncPath":	[],
						"prebuiltLibPath":	[]
					},
					"isolation":	{
					}
				}, {
					"domainName":	"standalone_ps7_cortexa9_0",
					"domainDispName":	"standalone_ps7_cortexa9_0",
					"domainDesc":	"standalone_ps7_cortexa9_0",
					"processors":	"ps7_cortexa9_0",
					"os":	"standalone",
					"sdxOs":	"standalone",
					"qemuArgs":	"/home/alexey/Xilinx/Vitis/2020.2/data/emulation/platforms/zynq/sw/a9_standalone/qemu/qemu_args.txt",
					"qemuData":	"/home/alexey/Xilinx/Vitis/2020.2/data/emulation/platforms/zynq/sw/a9_standalone/qemu/",
					"debugEnable":	"False",
					"domRuntimes":	["cpp"],
					"swRepo":	"",
					"mssOsVer":	"7.3",
					"mssFile":	"",
					"md5Digest":	"45b0abfe8235d9243f1629e877f9a4a5",
					"compatibleApp":	"",
					"domType":	"mssDomain",
					"arch":	"32-bit",
					"appSettings":	{
						"appCompilerFlags":	"",
						"appLinkerFlags":	""
					},
					"addedLibs":	[],
					"libOptions":	{
						"libsContainingOptions":	[]
					},
					"prebuiltLibs":	{
						"prebuiltIncPath":	[],
						"prebuiltLibPath":	[]
					},
					"isolation":	{
					}
				}]
		}]
}
TRACE::2026-09-21.16:47:45::SCWMssOS::Saving the mss changes /home/alexey/programming/systemverilog/ethernet_image_transfer/fpga/zynq_wrapper/zynq_fsbl/zynq_fsbl_bsp/system.mss
TRACE::2026-09-21.16:47:45::SCWMssOS::Found a swdesign opened with the mssfile.
TRACE::2026-09-21.16:47:45::SCWMssOS::Completed writemss as part of save.
TRACE::2026-09-21.16:47:45::SCWMssOS::Commit changes completed.
TRACE::2026-09-21.16:47:45::SCWPlatform::Trying to open the hw design at /home/alexey/programming/systemverilog/ethernet_image_transfer/fpga/zynq_wrapper/hw/zynq_wrapper.xsa
TRACE::2026-09-21.16:47:45::SCWPlatform::DSA given /home/alexey/programming/systemverilog/ethernet_image_transfer/fpga/zynq_wrapper/hw/zynq_wrapper.xsa
TRACE::2026-09-21.16:47:45::SCWPlatform::DSA absoulate path /home/alexey/programming/systemverilog/ethernet_image_transfer/fpga/zynq_wrapper/hw/zynq_wrapper.xsa
TRACE::2026-09-21.16:47:45::SCWPlatform::DSA directory /home/alexey/programming/systemverilog/ethernet_image_transfer/fpga/zynq_wrapper/hw
TRACE::2026-09-21.16:47:45::SCWPlatform:: Platform Path /home/alexey/programming/systemverilog/ethernet_image_transfer/fpga/zynq_wrapper/hw/zynq_wrapper.xsa
TRACE::2026-09-21.16:47:45::SCWPlatform:: Unique name xilinx:::0.0
TRACE::2026-09-21.16:47:45::SCWPlatform::Trying to set the existing hwdb with name zynq_wrapper_3
TRACE::2026-09-21.16:47:45::SCWPlatform::Opened existing hwdb zynq_wrapper_3
TRACE::2026-09-21.16:47:45::SCWPlatform::Found the Hw Db part of the input DSA
TRACE::2026-09-21.16:47:45::SCWMssOS::Checking the sw design at  /home/alexey/programming/systemverilog/ethernet_image_transfer/fpga/zynq_wrapper/zynq_fsbl/zynq_fsbl_bsp/system.mss
TRACE::2026-09-21.16:47:45::SCWMssOS::DEBUG:  swdes dump  /home/alexey/programming/systemverilog/ethernet_image_transfer/fpga/zynq_wrapper/ps7_cortexa9_0/standalone_ps7_cortexa9_0/bsp/system.mss|system_0||
/home/alexey/programming/systemverilog/ethernet_image_transfer/fpga/zynq_wrapper/zynq_fsbl/zynq_fsbl_bsp/system.mss|system||

TRACE::2026-09-21.16:47:45::SCWMssOS::Sw design exists and opened at  /home/alexey/programming/systemverilog/ethernet_image_transfer/fpga/zynq_wrapper/zynq_fsbl/zynq_fsbl_bsp/system.mss
TRACE::2026-09-21.16:47:45::SCWMssOS::Removing the swdes entry for  /home/alexey/programming/systemverilog/ethernet_image_transfer/fpga/zynq_wrapper/zynq_fsbl/zynq_fsbl_bsp/system.mss
TRACE::2026-09-21.16:47:46::SCWMssOS::In reload Mss file.
TRACE::2026-09-21.16:47:46::SCWPlatform::Trying to open the hw design at /home/alexey/programming/systemverilog/ethernet_image_transfer/fpga/zynq_wrapper/hw/zynq_wrapper.xsa
TRACE::2026-09-21.16:47:46::SCWPlatform::DSA given /home/alexey/programming/systemverilog/ethernet_image_transfer/fpga/zynq_wrapper/hw/zynq_wrapper.xsa
TRACE::2026-09-21.16:47:46::SCWPlatform::DSA absoulate path /home/alexey/programming/systemverilog/ethernet_image_transfer/fpga/zynq_wrapper/hw/zynq_wrapper.xsa
TRACE::2026-09-21.16:47:46::SCWPlatform::DSA directory /home/alexey/programming/systemverilog/ethernet_image_transfer/fpga/zynq_wrapper/hw
TRACE::2026-09-21.16:47:46::SCWPlatform:: Platform Path /home/alexey/programming/systemverilog/ethernet_image_transfer/fpga/zynq_wrapper/hw/zynq_wrapper.xsa
TRACE::2026-09-21.16:47:46::SCWPlatform:: Unique name xilinx:::0.0
TRACE::2026-09-21.16:47:46::SCWPlatform::Trying to set the existing hwdb with name zynq_wrapper_3
TRACE::2026-09-21.16:47:46::SCWPlatform::Opened existing hwdb zynq_wrapper_3
TRACE::2026-09-21.16:47:46::SCWPlatform::Found the Hw Db part of the input DSA
TRACE::2026-09-21.16:47:46::SCWMssOS::Checking the sw design at  /home/alexey/programming/systemverilog/ethernet_image_transfer/fpga/zynq_wrapper/zynq_fsbl/zynq_fsbl_bsp/system.mss
TRACE::2026-09-21.16:47:46::SCWMssOS::DEBUG:  swdes dump  /home/alexey/programming/systemverilog/ethernet_image_transfer/fpga/zynq_wrapper/ps7_cortexa9_0/standalone_ps7_cortexa9_0/bsp/system.mss|system_0||

TRACE::2026-09-21.16:47:46::SCWMssOS::No sw design opened at  /home/alexey/programming/systemverilog/ethernet_image_transfer/fpga/zynq_wrapper/zynq_fsbl/zynq_fsbl_bsp/system.mss
TRACE::2026-09-21.16:47:46::SCWMssOS::mss exists loading the mss file  /home/alexey/programming/systemverilog/ethernet_image_transfer/fpga/zynq_wrapper/zynq_fsbl/zynq_fsbl_bsp/system.mss
TRACE::2026-09-21.16:47:46::SCWMssOS::Opened the sw design from mss  /home/alexey/programming/systemverilog/ethernet_image_transfer/fpga/zynq_wrapper/zynq_fsbl/zynq_fsbl_bsp/system.mss
TRACE::2026-09-21.16:47:46::SCWMssOS::Adding the swdes entry /home/alexey/programming/systemverilog/ethernet_image_transfer/fpga/zynq_wrapper/zynq_fsbl/zynq_fsbl_bsp/system.mss with des name system
TRACE::2026-09-21.16:47:46::SCWMssOS::updating the scw layer about changes
TRACE::2026-09-21.16:47:46::SCWMssOS::Opened the sw design.  /home/alexey/programming/systemverilog/ethernet_image_transfer/fpga/zynq_wrapper/zynq_fsbl/zynq_fsbl_bsp/system.mss
TRACE::2026-09-21.16:47:46::SCWPlatform::Trying to open the hw design at /home/alexey/programming/systemverilog/ethernet_image_transfer/fpga/zynq_wrapper/hw/zynq_wrapper.xsa
TRACE::2026-09-21.16:47:46::SCWPlatform::DSA given /home/alexey/programming/systemverilog/ethernet_image_transfer/fpga/zynq_wrapper/hw/zynq_wrapper.xsa
TRACE::2026-09-21.16:47:46::SCWPlatform::DSA absoulate path /home/alexey/programming/systemverilog/ethernet_image_transfer/fpga/zynq_wrapper/hw/zynq_wrapper.xsa
TRACE::2026-09-21.16:47:46::SCWPlatform::DSA directory /home/alexey/programming/systemverilog/ethernet_image_transfer/fpga/zynq_wrapper/hw
TRACE::2026-09-21.16:47:46::SCWPlatform:: Platform Path /home/alexey/programming/systemverilog/ethernet_image_transfer/fpga/zynq_wrapper/hw/zynq_wrapper.xsa
TRACE::2026-09-21.16:47:46::SCWPlatform:: Unique name xilinx:::0.0
TRACE::2026-09-21.16:47:46::SCWPlatform::Trying to set the existing hwdb with name zynq_wrapper_3
TRACE::2026-09-21.16:47:46::SCWPlatform::Opened existing hwdb zynq_wrapper_3
TRACE::2026-09-21.16:47:46::SCWPlatform::Found the Hw Db part of the input DSA
TRACE::2026-09-21.16:47:46::SCWMssOS::Checking the sw design at  /home/alexey/programming/systemverilog/ethernet_image_transfer/fpga/zynq_wrapper/zynq_fsbl/zynq_fsbl_bsp/system.mss
TRACE::2026-09-21.16:47:46::SCWMssOS::DEBUG:  swdes dump  /home/alexey/programming/systemverilog/ethernet_image_transfer/fpga/zynq_wrapper/ps7_cortexa9_0/standalone_ps7_cortexa9_0/bsp/system.mss|system_0||
/home/alexey/programming/systemverilog/ethernet_image_transfer/fpga/zynq_wrapper/zynq_fsbl/zynq_fsbl_bsp/system.mss|system||

TRACE::2026-09-21.16:47:46::SCWMssOS::Sw design exists and opened at  /home/alexey/programming/systemverilog/ethernet_image_transfer/fpga/zynq_wrapper/zynq_fsbl/zynq_fsbl_bsp/system.mss
TRACE::2026-09-21.16:47:46::SCWMssOS:: library already available in sw design:  xilffs:4.4
TRACE::2026-09-21.16:47:46::SCWPlatform::Trying to open the hw design at /home/alexey/programming/systemverilog/ethernet_image_transfer/fpga/zynq_wrapper/hw/zynq_wrapper.xsa
TRACE::2026-09-21.16:47:46::SCWPlatform::DSA given /home/alexey/programming/systemverilog/ethernet_image_transfer/fpga/zynq_wrapper/hw/zynq_wrapper.xsa
TRACE::2026-09-21.16:47:46::SCWPlatform::DSA absoulate path /home/alexey/programming/systemverilog/ethernet_image_transfer/fpga/zynq_wrapper/hw/zynq_wrapper.xsa
TRACE::2026-09-21.16:47:46::SCWPlatform::DSA directory /home/alexey/programming/systemverilog/ethernet_image_transfer/fpga/zynq_wrapper/hw
TRACE::2026-09-21.16:47:46::SCWPlatform:: Platform Path /home/alexey/programming/systemverilog/ethernet_image_transfer/fpga/zynq_wrapper/hw/zynq_wrapper.xsa
TRACE::2026-09-21.16:47:46::SCWPlatform:: Unique name xilinx:::0.0
TRACE::2026-09-21.16:47:46::SCWPlatform::Trying to set the existing hwdb with name zynq_wrapper_3
TRACE::2026-09-21.16:47:46::SCWPlatform::Opened existing hwdb zynq_wrapper_3
TRACE::2026-09-21.16:47:46::SCWPlatform::Found the Hw Db part of the input DSA
TRACE::2026-09-21.16:47:46::SCWMssOS::Checking the sw design at  /home/alexey/programming/systemverilog/ethernet_image_transfer/fpga/zynq_wrapper/zynq_fsbl/zynq_fsbl_bsp/system.mss
TRACE::2026-09-21.16:47:46::SCWMssOS::DEBUG:  swdes dump  /home/alexey/programming/systemverilog/ethernet_image_transfer/fpga/zynq_wrapper/ps7_cortexa9_0/standalone_ps7_cortexa9_0/bsp/system.mss|system_0||
/home/alexey/programming/systemverilog/ethernet_image_transfer/fpga/zynq_wrapper/zynq_fsbl/zynq_fsbl_bsp/system.mss|system||

TRACE::2026-09-21.16:47:46::SCWMssOS::Sw design exists and opened at  /home/alexey/programming/systemverilog/ethernet_image_transfer/fpga/zynq_wrapper/zynq_fsbl/zynq_fsbl_bsp/system.mss
TRACE::2026-09-21.16:47:46::SCWMssOS:: library already available in sw design:  xilrsa:1.6
TRACE::2026-09-21.16:47:46::SCWPlatform::Trying to open the hw design at /home/alexey/programming/systemverilog/ethernet_image_transfer/fpga/zynq_wrapper/hw/zynq_wrapper.xsa
TRACE::2026-09-21.16:47:46::SCWPlatform::DSA given /home/alexey/programming/systemverilog/ethernet_image_transfer/fpga/zynq_wrapper/hw/zynq_wrapper.xsa
TRACE::2026-09-21.16:47:46::SCWPlatform::DSA absoulate path /home/alexey/programming/systemverilog/ethernet_image_transfer/fpga/zynq_wrapper/hw/zynq_wrapper.xsa
TRACE::2026-09-21.16:47:46::SCWPlatform::DSA directory /home/alexey/programming/systemverilog/ethernet_image_transfer/fpga/zynq_wrapper/hw
TRACE::2026-09-21.16:47:46::SCWPlatform:: Platform Path /home/alexey/programming/systemverilog/ethernet_image_transfer/fpga/zynq_wrapper/hw/zynq_wrapper.xsa
TRACE::2026-09-21.16:47:46::SCWPlatform:: Unique name xilinx:::0.0
TRACE::2026-09-21.16:47:46::SCWPlatform::Trying to set the existing hwdb with name zynq_wrapper_3
TRACE::2026-09-21.16:47:46::SCWPlatform::Opened existing hwdb zynq_wrapper_3
TRACE::2026-09-21.16:47:46::SCWPlatform::Found the Hw Db part of the input DSA
TRACE::2026-09-21.16:47:46::SCWMssOS::Checking the sw design at  /home/alexey/programming/systemverilog/ethernet_image_transfer/fpga/zynq_wrapper/zynq_fsbl/zynq_fsbl_bsp/system.mss
TRACE::2026-09-21.16:47:46::SCWMssOS::DEBUG:  swdes dump  /home/alexey/programming/systemverilog/ethernet_image_transfer/fpga/zynq_wrapper/ps7_cortexa9_0/standalone_ps7_cortexa9_0/bsp/system.mss|system_0||
/home/alexey/programming/systemverilog/ethernet_image_transfer/fpga/zynq_wrapper/zynq_fsbl/zynq_fsbl_bsp/system.mss|system||

TRACE::2026-09-21.16:47:46::SCWMssOS::Sw design exists and opened at  /home/alexey/programming/systemverilog/ethernet_image_transfer/fpga/zynq_wrapper/zynq_fsbl/zynq_fsbl_bsp/system.mss
TRACE::2026-09-21.16:47:46::SCWMssOS:: library already available in sw design:  lwip211:1.3
TRACE::2026-09-21.16:47:46::SCWMssOS::Saving the mss changes /home/alexey/programming/systemverilog/ethernet_image_transfer/fpga/zynq_wrapper/zynq_fsbl/zynq_fsbl_bsp/system.mss
TRACE::2026-09-21.16:47:46::SCWMssOS::Found a swdesign opened with the mssfile.
TRACE::2026-09-21.16:47:46::SCWMssOS::Completed writemss as part of save.
TRACE::2026-09-21.16:47:46::SCWMssOS::Commit changes completed.
TRACE::2026-09-21.16:47:46::SCWPlatform::Trying to open the hw design at /home/alexey/programming/systemverilog/ethernet_image_transfer/fpga/zynq_wrapper/hw/zynq_wrapper.xsa
TRACE::2026-09-21.16:47:46::SCWPlatform::DSA given /home/alexey/programming/systemverilog/ethernet_image_transfer/fpga/zynq_wrapper/hw/zynq_wrapper.xsa
TRACE::2026-09-21.16:47:46::SCWPlatform::DSA absoulate path /home/alexey/programming/systemverilog/ethernet_image_transfer/fpga/zynq_wrapper/hw/zynq_wrapper.xsa
TRACE::2026-09-21.16:47:46::SCWPlatform::DSA directory /home/alexey/programming/systemverilog/ethernet_image_transfer/fpga/zynq_wrapper/hw
TRACE::2026-09-21.16:47:46::SCWPlatform:: Platform Path /home/alexey/programming/systemverilog/ethernet_image_transfer/fpga/zynq_wrapper/hw/zynq_wrapper.xsa
TRACE::2026-09-21.16:47:46::SCWPlatform:: Unique name xilinx:::0.0
TRACE::2026-09-21.16:47:46::SCWPlatform::Trying to set the existing hwdb with name zynq_wrapper_3
TRACE::2026-09-21.16:47:46::SCWPlatform::Opened existing hwdb zynq_wrapper_3
TRACE::2026-09-21.16:47:46::SCWPlatform::Found the Hw Db part of the input DSA
TRACE::2026-09-21.16:47:46::SCWMssOS::Checking the sw design at  /home/alexey/programming/systemverilog/ethernet_image_transfer/fpga/zynq_wrapper/zynq_fsbl/zynq_fsbl_bsp/system.mss
TRACE::2026-09-21.16:47:46::SCWMssOS::DEBUG:  swdes dump  /home/alexey/programming/systemverilog/ethernet_image_transfer/fpga/zynq_wrapper/ps7_cortexa9_0/standalone_ps7_cortexa9_0/bsp/system.mss|system_0||
/home/alexey/programming/systemverilog/ethernet_image_transfer/fpga/zynq_wrapper/zynq_fsbl/zynq_fsbl_bsp/system.mss|system||

TRACE::2026-09-21.16:47:46::SCWMssOS::Sw design exists and opened at  /home/alexey/programming/systemverilog/ethernet_image_transfer/fpga/zynq_wrapper/zynq_fsbl/zynq_fsbl_bsp/system.mss
TRACE::2026-09-21.16:47:46::SCWMssOS::Removing the swdes entry for  /home/alexey/programming/systemverilog/ethernet_image_transfer/fpga/zynq_wrapper/zynq_fsbl/zynq_fsbl_bsp/system.mss
TRACE::2026-09-21.16:47:46::SCWPlatform::Trying to open the hw design at /home/alexey/programming/systemverilog/ethernet_image_transfer/fpga/zynq_wrapper/hw/zynq_wrapper.xsa
TRACE::2026-09-21.16:47:46::SCWPlatform::DSA given /home/alexey/programming/systemverilog/ethernet_image_transfer/fpga/zynq_wrapper/hw/zynq_wrapper.xsa
TRACE::2026-09-21.16:47:46::SCWPlatform::DSA absoulate path /home/alexey/programming/systemverilog/ethernet_image_transfer/fpga/zynq_wrapper/hw/zynq_wrapper.xsa
TRACE::2026-09-21.16:47:46::SCWPlatform::DSA directory /home/alexey/programming/systemverilog/ethernet_image_transfer/fpga/zynq_wrapper/hw
TRACE::2026-09-21.16:47:46::SCWPlatform:: Platform Path /home/alexey/programming/systemverilog/ethernet_image_transfer/fpga/zynq_wrapper/hw/zynq_wrapper.xsa
TRACE::2026-09-21.16:47:46::SCWPlatform:: Unique name xilinx:::0.0
TRACE::2026-09-21.16:47:46::SCWPlatform::Trying to set the existing hwdb with name zynq_wrapper_3
TRACE::2026-09-21.16:47:46::SCWPlatform::Opened existing hwdb zynq_wrapper_3
TRACE::2026-09-21.16:47:46::SCWPlatform::Found the Hw Db part of the input DSA
TRACE::2026-09-21.16:47:46::SCWMssOS::Checking the sw design at  /home/alexey/programming/systemverilog/ethernet_image_transfer/fpga/zynq_wrapper/zynq_fsbl/zynq_fsbl_bsp/system.mss
TRACE::2026-09-21.16:47:46::SCWMssOS::DEBUG:  swdes dump  /home/alexey/programming/systemverilog/ethernet_image_transfer/fpga/zynq_wrapper/ps7_cortexa9_0/standalone_ps7_cortexa9_0/bsp/system.mss|system_0||

TRACE::2026-09-21.16:47:46::SCWMssOS::No sw design opened at  /home/alexey/programming/systemverilog/ethernet_image_transfer/fpga/zynq_wrapper/zynq_fsbl/zynq_fsbl_bsp/system.mss
TRACE::2026-09-21.16:47:46::SCWMssOS::mss exists loading the mss file  /home/alexey/programming/systemverilog/ethernet_image_transfer/fpga/zynq_wrapper/zynq_fsbl/zynq_fsbl_bsp/system.mss
TRACE::2026-09-21.16:47:46::SCWMssOS::Opened the sw design from mss  /home/alexey/programming/systemverilog/ethernet_image_transfer/fpga/zynq_wrapper/zynq_fsbl/zynq_fsbl_bsp/system.mss
TRACE::2026-09-21.16:47:46::SCWMssOS::Adding the swdes entry /home/alexey/programming/systemverilog/ethernet_image_transfer/fpga/zynq_wrapper/zynq_fsbl/zynq_fsbl_bsp/system.mss with des name system
TRACE::2026-09-21.16:47:46::SCWMssOS::updating the scw layer about changes
TRACE::2026-09-21.16:47:47::SCWMssOS::Opened the sw design.  /home/alexey/programming/systemverilog/ethernet_image_transfer/fpga/zynq_wrapper/zynq_fsbl/zynq_fsbl_bsp/system.mss
TRACE::2026-09-21.16:47:47::SCWBDomain::Completed writing the mss file at /home/alexey/programming/systemverilog/ethernet_image_transfer/fpga/zynq_wrapper/zynq_fsbl/zynq_fsbl_bsp
TRACE::2026-09-21.16:47:47::SCWBDomain::Forcing BSP Sources regeneration.
TRACE::2026-09-21.16:47:47::SCWBDomain::Updating the makefile used for building the Application zynq_fsbl
TRACE::2026-09-21.16:47:47::SCWPlatform::Trying to open the hw design at /home/alexey/programming/systemverilog/ethernet_image_transfer/fpga/zynq_wrapper/hw/zynq_wrapper.xsa
TRACE::2026-09-21.16:47:47::SCWPlatform::DSA given /home/alexey/programming/systemverilog/ethernet_image_transfer/fpga/zynq_wrapper/hw/zynq_wrapper.xsa
TRACE::2026-09-21.16:47:47::SCWPlatform::DSA absoulate path /home/alexey/programming/systemverilog/ethernet_image_transfer/fpga/zynq_wrapper/hw/zynq_wrapper.xsa
TRACE::2026-09-21.16:47:47::SCWPlatform::DSA directory /home/alexey/programming/systemverilog/ethernet_image_transfer/fpga/zynq_wrapper/hw
TRACE::2026-09-21.16:47:47::SCWPlatform:: Platform Path /home/alexey/programming/systemverilog/ethernet_image_transfer/fpga/zynq_wrapper/hw/zynq_wrapper.xsa
TRACE::2026-09-21.16:47:47::SCWPlatform:: Unique name xilinx:::0.0
TRACE::2026-09-21.16:47:47::SCWPlatform::Trying to set the existing hwdb with name zynq_wrapper_3
TRACE::2026-09-21.16:47:47::SCWPlatform::Opened existing hwdb zynq_wrapper_3
TRACE::2026-09-21.16:47:47::SCWPlatform::Found the Hw Db part of the input DSA
TRACE::2026-09-21.16:47:47::SCWMssOS::Checking the sw design at  /home/alexey/programming/systemverilog/ethernet_image_transfer/fpga/zynq_wrapper/zynq_fsbl/zynq_fsbl_bsp/system.mss
TRACE::2026-09-21.16:47:47::SCWMssOS::DEBUG:  swdes dump  /home/alexey/programming/systemverilog/ethernet_image_transfer/fpga/zynq_wrapper/ps7_cortexa9_0/standalone_ps7_cortexa9_0/bsp/system.mss|system_0||
/home/alexey/programming/systemverilog/ethernet_image_transfer/fpga/zynq_wrapper/zynq_fsbl/zynq_fsbl_bsp/system.mss|system||

KEYINFO::2026-09-21.16:47:47::SCWMssOS::Could not open the swdb for system
KEYINFO::2026-09-21.16:47:47::SCWMssOS::Could not open the sw design at  system
ERROR: [Hsi 55-1558] Software Design system is not found

TRACE::2026-09-21.16:47:47::SCWMssOS::Cleared the swdb table entry
TRACE::2026-09-21.16:47:47::SCWMssOS::No sw design opened at  /home/alexey/programming/systemverilog/ethernet_image_transfer/fpga/zynq_wrapper/zynq_fsbl/zynq_fsbl_bsp/system.mss
TRACE::2026-09-21.16:47:47::SCWMssOS::mss exists loading the mss file  /home/alexey/programming/systemverilog/ethernet_image_transfer/fpga/zynq_wrapper/zynq_fsbl/zynq_fsbl_bsp/system.mss
TRACE::2026-09-21.16:47:47::SCWMssOS::Opened the sw design from mss  /home/alexey/programming/systemverilog/ethernet_image_transfer/fpga/zynq_wrapper/zynq_fsbl/zynq_fsbl_bsp/system.mss
TRACE::2026-09-21.16:47:47::SCWMssOS::Adding the swdes entry /home/alexey/programming/systemverilog/ethernet_image_transfer/fpga/zynq_wrapper/zynq_fsbl/zynq_fsbl_bsp/system.mss with des name system
TRACE::2026-09-21.16:47:47::SCWMssOS::updating the scw layer about changes
TRACE::2026-09-21.16:47:48::SCWMssOS::Opened the sw design.  /home/alexey/programming/systemverilog/ethernet_image_transfer/fpga/zynq_wrapper/zynq_fsbl/zynq_fsbl_bsp/system.mss
TRACE::2026-09-21.16:47:58::SCWBDomain::removing the temporary location in _platform.
TRACE::2026-09-21.16:47:58::SCWBDomain::Makefile is Updated.
TRACE::2026-09-21.16:47:58::SCWBDomain::doing clean.
TRACE::2026-09-21.16:47:58::SCWBDomain::System Command Ran  cd  /home/alexey/programming/systemverilog/ethernet_image_transfer/fpga/zynq_wrapper/zynq_fsbl ; bash -c "make  clean" 
TRACE::2026-09-21.16:47:58::SCWBDomain::rm -rf  fsbl_hooks.o  image_mover.o  main.o  md5.o  nand.o  nor.o  pcap.o  ps7_init.o  qspi.o  rsa.o  sd.o  fsbl_handoff.o zynq
TRACE::2026-09-21.16:47:58::SCWBDomain::_fsbl_bsp/ps7_cortexa9_0/lib/libxil.a fsbl.elf *.o

LOG::2026-09-21.16:48:24::SCWPlatform::Started generating the artifacts platform zynq_wrapper
TRACE::2026-09-21.16:48:24::SCWPlatform::Sanity checking of platform is completed
LOG::2026-09-21.16:48:24::SCWPlatform::Started generating the artifacts for system configuration zynq_wrapper
LOG::2026-09-21.16:48:24::SCWSystem::Checking the domain zynq_fsbl
LOG::2026-09-21.16:48:24::SCWSystem::Doing application build for :  zynq_fsbl
TRACE::2026-09-21.16:48:24::SCWBDomain::Not a forced makefile updation, No changes are present. 
TRACE::2026-09-21.16:48:24::SCWDomain::Building the domain :  zynq_fsbl
TRACE::2026-09-21.16:48:24::SCWPlatform::Trying to open the hw design at /home/alexey/programming/systemverilog/ethernet_image_transfer/fpga/zynq_wrapper/hw/zynq_wrapper.xsa
TRACE::2026-09-21.16:48:24::SCWPlatform::DSA given /home/alexey/programming/systemverilog/ethernet_image_transfer/fpga/zynq_wrapper/hw/zynq_wrapper.xsa
TRACE::2026-09-21.16:48:24::SCWPlatform::DSA absoulate path /home/alexey/programming/systemverilog/ethernet_image_transfer/fpga/zynq_wrapper/hw/zynq_wrapper.xsa
TRACE::2026-09-21.16:48:24::SCWPlatform::DSA directory /home/alexey/programming/systemverilog/ethernet_image_transfer/fpga/zynq_wrapper/hw
TRACE::2026-09-21.16:48:24::SCWPlatform:: Platform Path /home/alexey/programming/systemverilog/ethernet_image_transfer/fpga/zynq_wrapper/hw/zynq_wrapper.xsa
TRACE::2026-09-21.16:48:24::SCWPlatform:: Unique name xilinx:::0.0
TRACE::2026-09-21.16:48:24::SCWPlatform::Trying to set the existing hwdb with name zynq_wrapper_3
TRACE::2026-09-21.16:48:24::SCWPlatform::Opened existing hwdb zynq_wrapper_3
TRACE::2026-09-21.16:48:24::SCWPlatform::Found the Hw Db part of the input DSA
TRACE::2026-09-21.16:48:24::SCWMssOS::Checking the sw design at  /home/alexey/programming/systemverilog/ethernet_image_transfer/fpga/zynq_wrapper/zynq_fsbl/zynq_fsbl_bsp/system.mss
TRACE::2026-09-21.16:48:24::SCWMssOS::DEBUG:  swdes dump  /home/alexey/programming/systemverilog/ethernet_image_transfer/fpga/zynq_wrapper/ps7_cortexa9_0/standalone_ps7_cortexa9_0/bsp/system.mss|system_0||
/home/alexey/programming/systemverilog/ethernet_image_transfer/fpga/zynq_wrapper/zynq_fsbl/zynq_fsbl_bsp/system.mss|system||

KEYINFO::2026-09-21.16:48:24::SCWMssOS::Could not open the swdb for system
KEYINFO::2026-09-21.16:48:24::SCWMssOS::Could not open the sw design at  system
ERROR: [Hsi 55-1558] Software Design system is not found

TRACE::2026-09-21.16:48:24::SCWMssOS::Cleared the swdb table entry
TRACE::2026-09-21.16:48:24::SCWMssOS::No sw design opened at  /home/alexey/programming/systemverilog/ethernet_image_transfer/fpga/zynq_wrapper/zynq_fsbl/zynq_fsbl_bsp/system.mss
TRACE::2026-09-21.16:48:24::SCWMssOS::mss exists loading the mss file  /home/alexey/programming/systemverilog/ethernet_image_transfer/fpga/zynq_wrapper/zynq_fsbl/zynq_fsbl_bsp/system.mss
TRACE::2026-09-21.16:48:24::SCWMssOS::Opened the sw design from mss  /home/alexey/programming/systemverilog/ethernet_image_transfer/fpga/zynq_wrapper/zynq_fsbl/zynq_fsbl_bsp/system.mss
TRACE::2026-09-21.16:48:24::SCWMssOS::Adding the swdes entry /home/alexey/programming/systemverilog/ethernet_image_transfer/fpga/zynq_wrapper/zynq_fsbl/zynq_fsbl_bsp/system.mss with des name system
TRACE::2026-09-21.16:48:24::SCWMssOS::updating the scw layer about changes
TRACE::2026-09-21.16:48:24::SCWMssOS::Opened the sw design.  /home/alexey/programming/systemverilog/ethernet_image_transfer/fpga/zynq_wrapper/zynq_fsbl/zynq_fsbl_bsp/system.mss
TRACE::2026-09-21.16:48:24::SCWBDomain::Completed writing the mss file at /home/alexey/programming/systemverilog/ethernet_image_transfer/fpga/zynq_wrapper/zynq_fsbl/zynq_fsbl_bsp
TRACE::2026-09-21.16:48:24::SCWBDomain::bsp generated is upto date with the mss file. Skipping bsp generation.
TRACE::2026-09-21.16:48:24::SCWBDomain::Not a forced makefile updation, No changes are present. 
TRACE::2026-09-21.16:48:24::SCWBDomain::System Command Ran  cd  /home/alexey/programming/systemverilog/ethernet_image_transfer/fpga/zynq_wrapper/zynq_fsbl ; bash -c " make -C zynq_fsbl_bsp ; make  " 
TRACE::2026-09-21.16:48:24::SCWBDomain::make: вход в каталог «/home/alexey/programming/systemverilog/ethernet_image_transfer/fpga/zynq_wrapper/zynq_fsbl/z
TRACE::2026-09-21.16:48:24::SCWBDomain::ynq_fsbl_bsp»

TRACE::2026-09-21.16:48:24::SCWBDomain::make --no-print-directory seq_libs

TRACE::2026-09-21.16:48:24::SCWBDomain::Running Make include in ps7_cortexa9_0/libsrc/axivdma_v6_8/src

TRACE::2026-09-21.16:48:24::SCWBDomain::make -C ps7_cortexa9_0/libsrc/axivdma_v6_8/src -s include  "SHELL=/bin/sh" "COMPILER=arm-none-eabi-gcc" "ASSEMBLER=arm-none-eab
TRACE::2026-09-21.16:48:24::SCWBDomain::i-as" "ARCHIVER=arm-none-eabi-ar" "COMPILER_FLAGS=  -O2 -c" "EXTRA_COMPILER_FLAGS=-mcpu=cortex-a9 -mfpu=vfpv3 -mfloat-abi=hard 
TRACE::2026-09-21.16:48:24::SCWBDomain::-nostartfiles -g -Wall -Wextra"

TRACE::2026-09-21.16:48:24::SCWBDomain::Running Make include in ps7_cortexa9_0/libsrc/coresightps_dcc_v1_8/src

TRACE::2026-09-21.16:48:24::SCWBDomain::make -C ps7_cortexa9_0/libsrc/coresightps_dcc_v1_8/src -s include  "SHELL=/bin/sh" "COMPILER=arm-none-eabi-gcc" "ASSEMBLER=arm-
TRACE::2026-09-21.16:48:24::SCWBDomain::none-eabi-as" "ARCHIVER=arm-none-eabi-ar" "COMPILER_FLAGS=  -O2 -c" "EXTRA_COMPILER_FLAGS=-mcpu=cortex-a9 -mfpu=vfpv3 -mfloat-a
TRACE::2026-09-21.16:48:24::SCWBDomain::bi=hard -nostartfiles -g -Wall -Wextra"

TRACE::2026-09-21.16:48:24::SCWBDomain::Running Make include in ps7_cortexa9_0/libsrc/cpu_cortexa9_v2_10/src

TRACE::2026-09-21.16:48:24::SCWBDomain::make -C ps7_cortexa9_0/libsrc/cpu_cortexa9_v2_10/src -s include  "SHELL=/bin/sh" "COMPILER=arm-none-eabi-gcc" "ASSEMBLER=arm-no
TRACE::2026-09-21.16:48:24::SCWBDomain::ne-eabi-as" "ARCHIVER=arm-none-eabi-ar" "COMPILER_FLAGS=  -O2 -c" "EXTRA_COMPILER_FLAGS=-mcpu=cortex-a9 -mfpu=vfpv3 -mfloat-abi
TRACE::2026-09-21.16:48:24::SCWBDomain::=hard -nostartfiles -g -Wall -Wextra"

TRACE::2026-09-21.16:48:24::SCWBDomain::Running Make include in ps7_cortexa9_0/libsrc/ddrps_v1_2/src

TRACE::2026-09-21.16:48:24::SCWBDomain::make -C ps7_cortexa9_0/libsrc/ddrps_v1_2/src -s include  "SHELL=/bin/sh" "COMPILER=arm-none-eabi-gcc" "ASSEMBLER=arm-none-eabi-
TRACE::2026-09-21.16:48:24::SCWBDomain::as" "ARCHIVER=arm-none-eabi-ar" "COMPILER_FLAGS=  -O2 -c" "EXTRA_COMPILER_FLAGS=-mcpu=cortex-a9 -mfpu=vfpv3 -mfloat-abi=hard -n
TRACE::2026-09-21.16:48:24::SCWBDomain::ostartfiles -g -Wall -Wextra"

TRACE::2026-09-21.16:48:24::SCWBDomain::Running Make include in ps7_cortexa9_0/libsrc/devcfg_v3_7/src

TRACE::2026-09-21.16:48:24::SCWBDomain::make -C ps7_cortexa9_0/libsrc/devcfg_v3_7/src -s include  "SHELL=/bin/sh" "COMPILER=arm-none-eabi-gcc" "ASSEMBLER=arm-none-eabi
TRACE::2026-09-21.16:48:24::SCWBDomain::-as" "ARCHIVER=arm-none-eabi-ar" "COMPILER_FLAGS=  -O2 -c" "EXTRA_COMPILER_FLAGS=-mcpu=cortex-a9 -mfpu=vfpv3 -mfloat-abi=hard -
TRACE::2026-09-21.16:48:24::SCWBDomain::nostartfiles -g -Wall -Wextra"

TRACE::2026-09-21.16:48:24::SCWBDomain::Running Make include in ps7_cortexa9_0/libsrc/dmaps_v2_7/src

TRACE::2026-09-21.16:48:24::SCWBDomain::make -C ps7_cortexa9_0/libsrc/dmaps_v2_7/src -s include  "SHELL=/bin/sh" "COMPILER=arm-none-eabi-gcc" "ASSEMBLER=arm-none-eabi-
TRACE::2026-09-21.16:48:24::SCWBDomain::as" "ARCHIVER=arm-none-eabi-ar" "COMPILER_FLAGS=  -O2 -c" "EXTRA_COMPILER_FLAGS=-mcpu=cortex-a9 -mfpu=vfpv3 -mfloat-abi=hard -n
TRACE::2026-09-21.16:48:24::SCWBDomain::ostartfiles -g -Wall -Wextra"

TRACE::2026-09-21.16:48:24::SCWBDomain::Running Make include in ps7_cortexa9_0/libsrc/emacps_v3_12/src

TRACE::2026-09-21.16:48:24::SCWBDomain::make -C ps7_cortexa9_0/libsrc/emacps_v3_12/src -s include  "SHELL=/bin/sh" "COMPILER=arm-none-eabi-gcc" "ASSEMBLER=arm-none-eab
TRACE::2026-09-21.16:48:24::SCWBDomain::i-as" "ARCHIVER=arm-none-eabi-ar" "COMPILER_FLAGS=  -O2 -c" "EXTRA_COMPILER_FLAGS=-mcpu=cortex-a9 -mfpu=vfpv3 -mfloat-abi=hard 
TRACE::2026-09-21.16:48:24::SCWBDomain::-nostartfiles -g -Wall -Wextra"

TRACE::2026-09-21.16:48:24::SCWBDomain::Running Make include in ps7_cortexa9_0/libsrc/lwip211_v1_3/src

TRACE::2026-09-21.16:48:24::SCWBDomain::make -C ps7_cortexa9_0/libsrc/lwip211_v1_3/src -s include  "SHELL=/bin/sh" "COMPILER=arm-none-eabi-gcc" "ASSEMBLER=arm-none-eab
TRACE::2026-09-21.16:48:24::SCWBDomain::i-as" "ARCHIVER=arm-none-eabi-ar" "COMPILER_FLAGS=  -O2 -c" "EXTRA_COMPILER_FLAGS=-mcpu=cortex-a9 -mfpu=vfpv3 -mfloat-abi=hard 
TRACE::2026-09-21.16:48:24::SCWBDomain::-nostartfiles -g -Wall -Wextra"

TRACE::2026-09-21.16:48:24::SCWBDomain::Running Make include in ps7_cortexa9_0/libsrc/scugic_v4_3/src

TRACE::2026-09-21.16:48:24::SCWBDomain::make -C ps7_cortexa9_0/libsrc/scugic_v4_3/src -s include  "SHELL=/bin/sh" "COMPILER=arm-none-eabi-gcc" "ASSEMBLER=arm-none-eabi
TRACE::2026-09-21.16:48:24::SCWBDomain::-as" "ARCHIVER=arm-none-eabi-ar" "COMPILER_FLAGS=  -O2 -c" "EXTRA_COMPILER_FLAGS=-mcpu=cortex-a9 -mfpu=vfpv3 -mfloat-abi=hard -
TRACE::2026-09-21.16:48:24::SCWBDomain::nostartfiles -g -Wall -Wextra"

TRACE::2026-09-21.16:48:24::SCWBDomain::Running Make include in ps7_cortexa9_0/libsrc/scutimer_v2_3/src

TRACE::2026-09-21.16:48:24::SCWBDomain::make -C ps7_cortexa9_0/libsrc/scutimer_v2_3/src -s include  "SHELL=/bin/sh" "COMPILER=arm-none-eabi-gcc" "ASSEMBLER=arm-none-ea
TRACE::2026-09-21.16:48:24::SCWBDomain::bi-as" "ARCHIVER=arm-none-eabi-ar" "COMPILER_FLAGS=  -O2 -c" "EXTRA_COMPILER_FLAGS=-mcpu=cortex-a9 -mfpu=vfpv3 -mfloat-abi=hard
TRACE::2026-09-21.16:48:24::SCWBDomain:: -nostartfiles -g -Wall -Wextra"

TRACE::2026-09-21.16:48:24::SCWBDomain::Running Make include in ps7_cortexa9_0/libsrc/scuwdt_v2_3/src

TRACE::2026-09-21.16:48:24::SCWBDomain::make -C ps7_cortexa9_0/libsrc/scuwdt_v2_3/src -s include  "SHELL=/bin/sh" "COMPILER=arm-none-eabi-gcc" "ASSEMBLER=arm-none-eabi
TRACE::2026-09-21.16:48:24::SCWBDomain::-as" "ARCHIVER=arm-none-eabi-ar" "COMPILER_FLAGS=  -O2 -c" "EXTRA_COMPILER_FLAGS=-mcpu=cortex-a9 -mfpu=vfpv3 -mfloat-abi=hard -
TRACE::2026-09-21.16:48:24::SCWBDomain::nostartfiles -g -Wall -Wextra"

TRACE::2026-09-21.16:48:24::SCWBDomain::Running Make include in ps7_cortexa9_0/libsrc/sdps_v3_10/src

TRACE::2026-09-21.16:48:24::SCWBDomain::make -C ps7_cortexa9_0/libsrc/sdps_v3_10/src -s include  "SHELL=/bin/sh" "COMPILER=arm-none-eabi-gcc" "ASSEMBLER=arm-none-eabi-
TRACE::2026-09-21.16:48:24::SCWBDomain::as" "ARCHIVER=arm-none-eabi-ar" "COMPILER_FLAGS=  -O2 -c" "EXTRA_COMPILER_FLAGS=-mcpu=cortex-a9 -mfpu=vfpv3 -mfloat-abi=hard -n
TRACE::2026-09-21.16:48:24::SCWBDomain::ostartfiles -g -Wall -Wextra"

TRACE::2026-09-21.16:48:24::SCWBDomain::Running Make include in ps7_cortexa9_0/libsrc/standalone_v7_3/src

TRACE::2026-09-21.16:48:24::SCWBDomain::make -C ps7_cortexa9_0/libsrc/standalone_v7_3/src -s include  "SHELL=/bin/sh" "COMPILER=arm-none-eabi-gcc" "ASSEMBLER=arm-none-
TRACE::2026-09-21.16:48:24::SCWBDomain::eabi-as" "ARCHIVER=arm-none-eabi-ar" "COMPILER_FLAGS=  -O2 -c" "EXTRA_COMPILER_FLAGS=-mcpu=cortex-a9 -mfpu=vfpv3 -mfloat-abi=ha
TRACE::2026-09-21.16:48:24::SCWBDomain::rd -nostartfiles -g -Wall -Wextra"

TRACE::2026-09-21.16:48:24::SCWBDomain::Running Make include in ps7_cortexa9_0/libsrc/uartps_v3_10/src

TRACE::2026-09-21.16:48:24::SCWBDomain::make -C ps7_cortexa9_0/libsrc/uartps_v3_10/src -s include  "SHELL=/bin/sh" "COMPILER=arm-none-eabi-gcc" "ASSEMBLER=arm-none-eab
TRACE::2026-09-21.16:48:24::SCWBDomain::i-as" "ARCHIVER=arm-none-eabi-ar" "COMPILER_FLAGS=  -O2 -c" "EXTRA_COMPILER_FLAGS=-mcpu=cortex-a9 -mfpu=vfpv3 -mfloat-abi=hard 
TRACE::2026-09-21.16:48:24::SCWBDomain::-nostartfiles -g -Wall -Wextra"

TRACE::2026-09-21.16:48:24::SCWBDomain::Running Make include in ps7_cortexa9_0/libsrc/video_common_v4_10/src

TRACE::2026-09-21.16:48:24::SCWBDomain::make -C ps7_cortexa9_0/libsrc/video_common_v4_10/src -s include  "SHELL=/bin/sh" "COMPILER=arm-none-eabi-gcc" "ASSEMBLER=arm-no
TRACE::2026-09-21.16:48:24::SCWBDomain::ne-eabi-as" "ARCHIVER=arm-none-eabi-ar" "COMPILER_FLAGS=  -O2 -c" "EXTRA_COMPILER_FLAGS=-mcpu=cortex-a9 -mfpu=vfpv3 -mfloat-abi
TRACE::2026-09-21.16:48:24::SCWBDomain::=hard -nostartfiles -g -Wall -Wextra"

TRACE::2026-09-21.16:48:24::SCWBDomain::Running Make include in ps7_cortexa9_0/libsrc/v_tpg_v8_3/src

TRACE::2026-09-21.16:48:24::SCWBDomain::make -C ps7_cortexa9_0/libsrc/v_tpg_v8_3/src -s include  "SHELL=/bin/sh" "COMPILER=arm-none-eabi-gcc" "ASSEMBLER=arm-none-eabi-
TRACE::2026-09-21.16:48:24::SCWBDomain::as" "ARCHIVER=arm-none-eabi-ar" "COMPILER_FLAGS=  -O2 -c" "EXTRA_COMPILER_FLAGS=-mcpu=cortex-a9 -mfpu=vfpv3 -mfloat-abi=hard -n
TRACE::2026-09-21.16:48:24::SCWBDomain::ostartfiles -g -Wall -Wextra"

TRACE::2026-09-21.16:48:25::SCWBDomain::Running Make include in ps7_cortexa9_0/libsrc/xadcps_v2_5/src

TRACE::2026-09-21.16:48:25::SCWBDomain::make -C ps7_cortexa9_0/libsrc/xadcps_v2_5/src -s include  "SHELL=/bin/sh" "COMPILER=arm-none-eabi-gcc" "ASSEMBLER=arm-none-eabi
TRACE::2026-09-21.16:48:25::SCWBDomain::-as" "ARCHIVER=arm-none-eabi-ar" "COMPILER_FLAGS=  -O2 -c" "EXTRA_COMPILER_FLAGS=-mcpu=cortex-a9 -mfpu=vfpv3 -mfloat-abi=hard -
TRACE::2026-09-21.16:48:25::SCWBDomain::nostartfiles -g -Wall -Wextra"

TRACE::2026-09-21.16:48:25::SCWBDomain::Running Make include in ps7_cortexa9_0/libsrc/xilffs_v4_4/src

TRACE::2026-09-21.16:48:25::SCWBDomain::make -C ps7_cortexa9_0/libsrc/xilffs_v4_4/src -s include  "SHELL=/bin/sh" "COMPILER=arm-none-eabi-gcc" "ASSEMBLER=arm-none-eabi
TRACE::2026-09-21.16:48:25::SCWBDomain::-as" "ARCHIVER=arm-none-eabi-ar" "COMPILER_FLAGS=  -O2 -c" "EXTRA_COMPILER_FLAGS=-mcpu=cortex-a9 -mfpu=vfpv3 -mfloat-abi=hard -
TRACE::2026-09-21.16:48:25::SCWBDomain::nostartfiles -g -Wall -Wextra"

TRACE::2026-09-21.16:48:25::SCWBDomain::Running Make include in ps7_cortexa9_0/libsrc/xilrsa_v1_6/src

TRACE::2026-09-21.16:48:25::SCWBDomain::make -C ps7_cortexa9_0/libsrc/xilrsa_v1_6/src -s include  "SHELL=/bin/sh" "COMPILER=arm-none-eabi-gcc" "ASSEMBLER=arm-none-eabi
TRACE::2026-09-21.16:48:25::SCWBDomain::-as" "ARCHIVER=arm-none-eabi-ar" "COMPILER_FLAGS=  -O2 -c" "EXTRA_COMPILER_FLAGS=-mcpu=cortex-a9 -mfpu=vfpv3 -mfloat-abi=hard -
TRACE::2026-09-21.16:48:25::SCWBDomain::nostartfiles -g -Wall -Wextra"

TRACE::2026-09-21.16:48:25::SCWBDomain::Running Make libs in ps7_cortexa9_0/libsrc/xilrsa_v1_6/src

TRACE::2026-09-21.16:48:25::SCWBDomain::make -C ps7_cortexa9_0/libsrc/xilrsa_v1_6/src -s libs  "SHELL=/bin/sh" "COMPILER=arm-none-eabi-gcc" "ASSEMBLER=arm-none-eabi-as
TRACE::2026-09-21.16:48:25::SCWBDomain::" "ARCHIVER=arm-none-eabi-ar" "COMPILER_FLAGS=  -O2 -c" "EXTRA_COMPILER_FLAGS=-mcpu=cortex-a9 -mfpu=vfpv3 -mfloat-abi=hard -nos
TRACE::2026-09-21.16:48:25::SCWBDomain::tartfiles -g -Wall -Wextra"

TRACE::2026-09-21.16:48:25::SCWBDomain::Running Make libs in ps7_cortexa9_0/libsrc/lwip211_v1_3/src

TRACE::2026-09-21.16:48:25::SCWBDomain::make -C ps7_cortexa9_0/libsrc/lwip211_v1_3/src -s libs  "SHELL=/bin/sh" "COMPILER=arm-none-eabi-gcc" "ASSEMBLER=arm-none-eabi-a
TRACE::2026-09-21.16:48:25::SCWBDomain::s" "ARCHIVER=arm-none-eabi-ar" "COMPILER_FLAGS=  -O2 -c" "EXTRA_COMPILER_FLAGS=-mcpu=cortex-a9 -mfpu=vfpv3 -mfloat-abi=hard -no
TRACE::2026-09-21.16:48:25::SCWBDomain::startfiles -g -Wall -Wextra"

TRACE::2026-09-21.16:48:25::SCWBDomain::Compiling lwip src and adapter files

TRACE::2026-09-21.16:48:41::SCWBDomain::Finished building libraries sequentially.

TRACE::2026-09-21.16:48:41::SCWBDomain::make -j --no-print-directory par_libs

TRACE::2026-09-21.16:48:41::SCWBDomain::Running Make include in ps7_cortexa9_0/libsrc/coresightps_dcc_v1_8/src

TRACE::2026-09-21.16:48:41::SCWBDomain::Running Make include in ps7_cortexa9_0/libsrc/axivdma_v6_8/src

TRACE::2026-09-21.16:48:41::SCWBDomain::Running Make include in ps7_cortexa9_0/libsrc/cpu_cortexa9_v2_10/src

TRACE::2026-09-21.16:48:41::SCWBDomain::make -C ps7_cortexa9_0/libsrc/axivdma_v6_8/src -s include  "SHELL=/bin/sh" "COMPILER=arm-none-eabi-gcc" "ASSEMBLER=arm-none-eab
TRACE::2026-09-21.16:48:41::SCWBDomain::i-as" "ARCHIVER=arm-none-eabi-ar" "COMPILER_FLAGS=  -O2 -c" "EXTRA_COMPILER_FLAGS=-mcpu=cortex-a9 -mfpu=vfpv3 -mfloat-abi=hard 
TRACE::2026-09-21.16:48:41::SCWBDomain::-nostartfiles -g -Wall -Wextra"

TRACE::2026-09-21.16:48:41::SCWBDomain::Running Make include in ps7_cortexa9_0/libsrc/ddrps_v1_2/src

TRACE::2026-09-21.16:48:41::SCWBDomain::Running Make include in ps7_cortexa9_0/libsrc/devcfg_v3_7/src

TRACE::2026-09-21.16:48:41::SCWBDomain::Running Make include in ps7_cortexa9_0/libsrc/dmaps_v2_7/src

TRACE::2026-09-21.16:48:41::SCWBDomain::make -C ps7_cortexa9_0/libsrc/coresightps_dcc_v1_8/src -s include  "SHELL=/bin/sh" "COMPILER=arm-none-eabi-gcc" "ASSEMBLER=arm-
TRACE::2026-09-21.16:48:41::SCWBDomain::none-eabi-as" "ARCHIVER=arm-none-eabi-ar" "COMPILER_FLAGS=  -O2 -c" "EXTRA_COMPILER_FLAGS=-mcpu=cortex-a9 -mfpu=vfpv3 -mfloat-a
TRACE::2026-09-21.16:48:41::SCWBDomain::bi=hard -nostartfiles -g -Wall -Wextra"

TRACE::2026-09-21.16:48:41::SCWBDomain::Running Make include in ps7_cortexa9_0/libsrc/emacps_v3_12/src

TRACE::2026-09-21.16:48:41::SCWBDomain::Running Make include in ps7_cortexa9_0/libsrc/lwip211_v1_3/src

TRACE::2026-09-21.16:48:41::SCWBDomain::make -C ps7_cortexa9_0/libsrc/cpu_cortexa9_v2_10/src -s include  "SHELL=/bin/sh" "COMPILER=arm-none-eabi-gcc" "ASSEMBLER=arm-no
TRACE::2026-09-21.16:48:41::SCWBDomain::ne-eabi-as" "ARCHIVER=arm-none-eabi-ar" "COMPILER_FLAGS=  -O2 -c" "EXTRA_COMPILER_FLAGS=-mcpu=cortex-a9 -mfpu=vfpv3 -mfloat-abi
TRACE::2026-09-21.16:48:41::SCWBDomain::=hard -nostartfiles -g -Wall -Wextra"

TRACE::2026-09-21.16:48:41::SCWBDomain::make -C ps7_cortexa9_0/libsrc/ddrps_v1_2/src -s include  "SHELL=/bin/sh" "COMPILER=arm-none-eabi-gcc" "ASSEMBLER=arm-none-eabi-
TRACE::2026-09-21.16:48:41::SCWBDomain::as" "ARCHIVER=arm-none-eabi-ar" "COMPILER_FLAGS=  -O2 -c" "EXTRA_COMPILER_FLAGS=-mcpu=cortex-a9 -mfpu=vfpv3 -mfloat-abi=hard -n
TRACE::2026-09-21.16:48:41::SCWBDomain::ostartfiles -g -Wall -Wextra"

TRACE::2026-09-21.16:48:41::SCWBDomain::make -C ps7_cortexa9_0/libsrc/devcfg_v3_7/src -s include  "SHELL=/bin/sh" "COMPILER=arm-none-eabi-gcc" "ASSEMBLER=arm-none-eabi
TRACE::2026-09-21.16:48:41::SCWBDomain::-as" "ARCHIVER=arm-none-eabi-ar" "COMPILER_FLAGS=  -O2 -c" "EXTRA_COMPILER_FLAGS=-mcpu=cortex-a9 -mfpu=vfpv3 -mfloat-abi=hard -
TRACE::2026-09-21.16:48:41::SCWBDomain::nostartfiles -g -Wall -Wextra"

TRACE::2026-09-21.16:48:41::SCWBDomain::make -C ps7_cortexa9_0/libsrc/dmaps_v2_7/src -s include  "SHELL=/bin/sh" "COMPILER=arm-none-eabi-gcc" "ASSEMBLER=arm-none-eabi-
TRACE::2026-09-21.16:48:41::SCWBDomain::as" "ARCHIVER=arm-none-eabi-ar" "COMPILER_FLAGS=  -O2 -c" "EXTRA_COMPILER_FLAGS=-mcpu=cortex-a9 -mfpu=vfpv3 -mfloat-abi=hard -n
TRACE::2026-09-21.16:48:41::SCWBDomain::ostartfiles -g -Wall -Wextra"

TRACE::2026-09-21.16:48:41::SCWBDomain::make -C ps7_cortexa9_0/libsrc/emacps_v3_12/src -s include  "SHELL=/bin/sh" "COMPILER=arm-none-eabi-gcc" "ASSEMBLER=arm-none-eab
TRACE::2026-09-21.16:48:41::SCWBDomain::i-as" "ARCHIVER=arm-none-eabi-ar" "COMPILER_FLAGS=  -O2 -c" "EXTRA_COMPILER_FLAGS=-mcpu=cortex-a9 -mfpu=vfpv3 -mfloat-abi=hard 
TRACE::2026-09-21.16:48:41::SCWBDomain::-nostartfiles -g -Wall -Wextra"

TRACE::2026-09-21.16:48:41::SCWBDomain::make -C ps7_cortexa9_0/libsrc/lwip211_v1_3/src -s include  "SHELL=/bin/sh" "COMPILER=arm-none-eabi-gcc" "ASSEMBLER=arm-none-eab
TRACE::2026-09-21.16:48:41::SCWBDomain::i-as" "ARCHIVER=arm-none-eabi-ar" "COMPILER_FLAGS=  -O2 -c" "EXTRA_COMPILER_FLAGS=-mcpu=cortex-a9 -mfpu=vfpv3 -mfloat-abi=hard 
TRACE::2026-09-21.16:48:41::SCWBDomain::-nostartfiles -g -Wall -Wextra"

TRACE::2026-09-21.16:48:41::SCWBDomain::Running Make include in ps7_cortexa9_0/libsrc/scugic_v4_3/src

TRACE::2026-09-21.16:48:41::SCWBDomain::Running Make include in ps7_cortexa9_0/libsrc/scutimer_v2_3/src

TRACE::2026-09-21.16:48:41::SCWBDomain::make -C ps7_cortexa9_0/libsrc/scugic_v4_3/src -s include  "SHELL=/bin/sh" "COMPILER=arm-none-eabi-gcc" "ASSEMBLER=arm-none-eabi
TRACE::2026-09-21.16:48:41::SCWBDomain::-as" "ARCHIVER=arm-none-eabi-ar" "COMPILER_FLAGS=  -O2 -c" "EXTRA_COMPILER_FLAGS=-mcpu=cortex-a9 -mfpu=vfpv3 -mfloat-abi=hard -
TRACE::2026-09-21.16:48:41::SCWBDomain::nostartfiles -g -Wall -Wextra"

TRACE::2026-09-21.16:48:41::SCWBDomain::Running Make include in ps7_cortexa9_0/libsrc/scuwdt_v2_3/src

TRACE::2026-09-21.16:48:41::SCWBDomain::make -C ps7_cortexa9_0/libsrc/scutimer_v2_3/src -s include  "SHELL=/bin/sh" "COMPILER=arm-none-eabi-gcc" "ASSEMBLER=arm-none-ea
TRACE::2026-09-21.16:48:41::SCWBDomain::bi-as" "ARCHIVER=arm-none-eabi-ar" "COMPILER_FLAGS=  -O2 -c" "EXTRA_COMPILER_FLAGS=-mcpu=cortex-a9 -mfpu=vfpv3 -mfloat-abi=hard
TRACE::2026-09-21.16:48:41::SCWBDomain:: -nostartfiles -g -Wall -Wextra"

TRACE::2026-09-21.16:48:41::SCWBDomain::Running Make include in ps7_cortexa9_0/libsrc/sdps_v3_10/src

TRACE::2026-09-21.16:48:41::SCWBDomain::Running Make include in ps7_cortexa9_0/libsrc/standalone_v7_3/src

TRACE::2026-09-21.16:48:41::SCWBDomain::Running Make include in ps7_cortexa9_0/libsrc/uartps_v3_10/src

TRACE::2026-09-21.16:48:41::SCWBDomain::make -C ps7_cortexa9_0/libsrc/uartps_v3_10/src -s include  "SHELL=/bin/sh" "COMPILER=arm-none-eabi-gcc" "ASSEMBLER=arm-none-eab
TRACE::2026-09-21.16:48:41::SCWBDomain::i-as" "ARCHIVER=arm-none-eabi-ar" "COMPILER_FLAGS=  -O2 -c" "EXTRA_COMPILER_FLAGS=-mcpu=cortex-a9 -mfpu=vfpv3 -mfloat-abi=hard 
TRACE::2026-09-21.16:48:41::SCWBDomain::-nostartfiles -g -Wall -Wextra"

TRACE::2026-09-21.16:48:41::SCWBDomain::make -C ps7_cortexa9_0/libsrc/standalone_v7_3/src -s include  "SHELL=/bin/sh" "COMPILER=arm-none-eabi-gcc" "ASSEMBLER=arm-none-
TRACE::2026-09-21.16:48:41::SCWBDomain::eabi-as" "ARCHIVER=arm-none-eabi-ar" "COMPILER_FLAGS=  -O2 -c" "EXTRA_COMPILER_FLAGS=-mcpu=cortex-a9 -mfpu=vfpv3 -mfloat-abi=ha
TRACE::2026-09-21.16:48:41::SCWBDomain::rd -nostartfiles -g -Wall -Wextra"

TRACE::2026-09-21.16:48:41::SCWBDomain::make -C ps7_cortexa9_0/libsrc/scuwdt_v2_3/src -s include  "SHELL=/bin/sh" "COMPILER=arm-none-eabi-gcc" "ASSEMBLER=arm-none-eabi
TRACE::2026-09-21.16:48:41::SCWBDomain::-as" "ARCHIVER=arm-none-eabi-ar" "COMPILER_FLAGS=  -O2 -c" "EXTRA_COMPILER_FLAGS=-mcpu=cortex-a9 -mfpu=vfpv3 -mfloat-abi=hard -
TRACE::2026-09-21.16:48:41::SCWBDomain::nostartfiles -g -Wall -Wextra"

TRACE::2026-09-21.16:48:41::SCWBDomain::make -C ps7_cortexa9_0/libsrc/sdps_v3_10/src -s include  "SHELL=/bin/sh" "COMPILER=arm-none-eabi-gcc" "ASSEMBLER=arm-none-eabi-
TRACE::2026-09-21.16:48:41::SCWBDomain::as" "ARCHIVER=arm-none-eabi-ar" "COMPILER_FLAGS=  -O2 -c" "EXTRA_COMPILER_FLAGS=-mcpu=cortex-a9 -mfpu=vfpv3 -mfloat-abi=hard -n
TRACE::2026-09-21.16:48:41::SCWBDomain::ostartfiles -g -Wall -Wextra"

TRACE::2026-09-21.16:48:41::SCWBDomain::Running Make include in ps7_cortexa9_0/libsrc/v_tpg_v8_3/src

TRACE::2026-09-21.16:48:41::SCWBDomain::Running Make include in ps7_cortexa9_0/libsrc/video_common_v4_10/src

TRACE::2026-09-21.16:48:41::SCWBDomain::Running Make include in ps7_cortexa9_0/libsrc/xadcps_v2_5/src

TRACE::2026-09-21.16:48:41::SCWBDomain::make -C ps7_cortexa9_0/libsrc/video_common_v4_10/src -s include  "SHELL=/bin/sh" "COMPILER=arm-none-eabi-gcc" "ASSEMBLER=arm-no
TRACE::2026-09-21.16:48:41::SCWBDomain::ne-eabi-as" "ARCHIVER=arm-none-eabi-ar" "COMPILER_FLAGS=  -O2 -c" "EXTRA_COMPILER_FLAGS=-mcpu=cortex-a9 -mfpu=vfpv3 -mfloat-abi
TRACE::2026-09-21.16:48:41::SCWBDomain::=hard -nostartfiles -g -Wall -Wextra"

TRACE::2026-09-21.16:48:41::SCWBDomain::Running Make include in ps7_cortexa9_0/libsrc/xilffs_v4_4/src

TRACE::2026-09-21.16:48:41::SCWBDomain::make -C ps7_cortexa9_0/libsrc/v_tpg_v8_3/src -s include  "SHELL=/bin/sh" "COMPILER=arm-none-eabi-gcc" "ASSEMBLER=arm-none-eabi-
TRACE::2026-09-21.16:48:41::SCWBDomain::as" "ARCHIVER=arm-none-eabi-ar" "COMPILER_FLAGS=  -O2 -c" "EXTRA_COMPILER_FLAGS=-mcpu=cortex-a9 -mfpu=vfpv3 -mfloat-abi=hard -n
TRACE::2026-09-21.16:48:41::SCWBDomain::ostartfiles -g -Wall -Wextra"

TRACE::2026-09-21.16:48:41::SCWBDomain::make -C ps7_cortexa9_0/libsrc/xadcps_v2_5/src -s include  "SHELL=/bin/sh" "COMPILER=arm-none-eabi-gcc" "ASSEMBLER=arm-none-eabi
TRACE::2026-09-21.16:48:41::SCWBDomain::-as" "ARCHIVER=arm-none-eabi-ar" "COMPILER_FLAGS=  -O2 -c" "EXTRA_COMPILER_FLAGS=-mcpu=cortex-a9 -mfpu=vfpv3 -mfloat-abi=hard -
TRACE::2026-09-21.16:48:41::SCWBDomain::nostartfiles -g -Wall -Wextra"

TRACE::2026-09-21.16:48:41::SCWBDomain::Running Make include in ps7_cortexa9_0/libsrc/xilrsa_v1_6/src

TRACE::2026-09-21.16:48:41::SCWBDomain::make -C ps7_cortexa9_0/libsrc/xilffs_v4_4/src -s include  "SHELL=/bin/sh" "COMPILER=arm-none-eabi-gcc" "ASSEMBLER=arm-none-eabi
TRACE::2026-09-21.16:48:41::SCWBDomain::-as" "ARCHIVER=arm-none-eabi-ar" "COMPILER_FLAGS=  -O2 -c" "EXTRA_COMPILER_FLAGS=-mcpu=cortex-a9 -mfpu=vfpv3 -mfloat-abi=hard -
TRACE::2026-09-21.16:48:41::SCWBDomain::nostartfiles -g -Wall -Wextra"

TRACE::2026-09-21.16:48:41::SCWBDomain::make -C ps7_cortexa9_0/libsrc/xilrsa_v1_6/src -s include  "SHELL=/bin/sh" "COMPILER=arm-none-eabi-gcc" "ASSEMBLER=arm-none-eabi
TRACE::2026-09-21.16:48:41::SCWBDomain::-as" "ARCHIVER=arm-none-eabi-ar" "COMPILER_FLAGS=  -O2 -c" "EXTRA_COMPILER_FLAGS=-mcpu=cortex-a9 -mfpu=vfpv3 -mfloat-abi=hard -
TRACE::2026-09-21.16:48:41::SCWBDomain::nostartfiles -g -Wall -Wextra"

TRACE::2026-09-21.16:48:41::SCWBDomain::Running Make libs in ps7_cortexa9_0/libsrc/axivdma_v6_8/src

TRACE::2026-09-21.16:48:41::SCWBDomain::Running Make libs in ps7_cortexa9_0/libsrc/coresightps_dcc_v1_8/src

TRACE::2026-09-21.16:48:41::SCWBDomain::Running Make libs in ps7_cortexa9_0/libsrc/cpu_cortexa9_v2_10/src

TRACE::2026-09-21.16:48:41::SCWBDomain::Running Make libs in ps7_cortexa9_0/libsrc/ddrps_v1_2/src

TRACE::2026-09-21.16:48:41::SCWBDomain::Running Make libs in ps7_cortexa9_0/libsrc/devcfg_v3_7/src

TRACE::2026-09-21.16:48:41::SCWBDomain::make -C ps7_cortexa9_0/libsrc/axivdma_v6_8/src -s libs  "SHELL=/bin/sh" "COMPILER=arm-none-eabi-gcc" "ASSEMBLER=arm-none-eabi-a
TRACE::2026-09-21.16:48:41::SCWBDomain::s" "ARCHIVER=arm-none-eabi-ar" "COMPILER_FLAGS=  -O2 -c" "EXTRA_COMPILER_FLAGS=-mcpu=cortex-a9 -mfpu=vfpv3 -mfloat-abi=hard -no
TRACE::2026-09-21.16:48:41::SCWBDomain::startfiles -g -Wall -Wextra"

TRACE::2026-09-21.16:48:41::SCWBDomain::Running Make libs in ps7_cortexa9_0/libsrc/dmaps_v2_7/src

TRACE::2026-09-21.16:48:41::SCWBDomain::Running Make libs in ps7_cortexa9_0/libsrc/emacps_v3_12/src

TRACE::2026-09-21.16:48:41::SCWBDomain::Running Make libs in ps7_cortexa9_0/libsrc/scutimer_v2_3/src

TRACE::2026-09-21.16:48:41::SCWBDomain::make -C ps7_cortexa9_0/libsrc/coresightps_dcc_v1_8/src -s libs  "SHELL=/bin/sh" "COMPILER=arm-none-eabi-gcc" "ASSEMBLER=arm-non
TRACE::2026-09-21.16:48:41::SCWBDomain::e-eabi-as" "ARCHIVER=arm-none-eabi-ar" "COMPILER_FLAGS=  -O2 -c" "EXTRA_COMPILER_FLAGS=-mcpu=cortex-a9 -mfpu=vfpv3 -mfloat-abi=
TRACE::2026-09-21.16:48:41::SCWBDomain::hard -nostartfiles -g -Wall -Wextra"

TRACE::2026-09-21.16:48:41::SCWBDomain::Running Make libs in ps7_cortexa9_0/libsrc/scugic_v4_3/src

TRACE::2026-09-21.16:48:41::SCWBDomain::make -C ps7_cortexa9_0/libsrc/cpu_cortexa9_v2_10/src -s libs  "SHELL=/bin/sh" "COMPILER=arm-none-eabi-gcc" "ASSEMBLER=arm-none-
TRACE::2026-09-21.16:48:41::SCWBDomain::eabi-as" "ARCHIVER=arm-none-eabi-ar" "COMPILER_FLAGS=  -O2 -c" "EXTRA_COMPILER_FLAGS=-mcpu=cortex-a9 -mfpu=vfpv3 -mfloat-abi=ha
TRACE::2026-09-21.16:48:41::SCWBDomain::rd -nostartfiles -g -Wall -Wextra"

TRACE::2026-09-21.16:48:41::SCWBDomain::Running Make libs in ps7_cortexa9_0/libsrc/scuwdt_v2_3/src

TRACE::2026-09-21.16:48:41::SCWBDomain::make -C ps7_cortexa9_0/libsrc/ddrps_v1_2/src -s libs  "SHELL=/bin/sh" "COMPILER=arm-none-eabi-gcc" "ASSEMBLER=arm-none-eabi-as"
TRACE::2026-09-21.16:48:41::SCWBDomain:: "ARCHIVER=arm-none-eabi-ar" "COMPILER_FLAGS=  -O2 -c" "EXTRA_COMPILER_FLAGS=-mcpu=cortex-a9 -mfpu=vfpv3 -mfloat-abi=hard -nost
TRACE::2026-09-21.16:48:41::SCWBDomain::artfiles -g -Wall -Wextra"

TRACE::2026-09-21.16:48:41::SCWBDomain::make -C ps7_cortexa9_0/libsrc/devcfg_v3_7/src -s libs  "SHELL=/bin/sh" "COMPILER=arm-none-eabi-gcc" "ASSEMBLER=arm-none-eabi-as
TRACE::2026-09-21.16:48:41::SCWBDomain::" "ARCHIVER=arm-none-eabi-ar" "COMPILER_FLAGS=  -O2 -c" "EXTRA_COMPILER_FLAGS=-mcpu=cortex-a9 -mfpu=vfpv3 -mfloat-abi=hard -nos
TRACE::2026-09-21.16:48:41::SCWBDomain::tartfiles -g -Wall -Wextra"

TRACE::2026-09-21.16:48:41::SCWBDomain::make -C ps7_cortexa9_0/libsrc/dmaps_v2_7/src -s libs  "SHELL=/bin/sh" "COMPILER=arm-none-eabi-gcc" "ASSEMBLER=arm-none-eabi-as"
TRACE::2026-09-21.16:48:41::SCWBDomain:: "ARCHIVER=arm-none-eabi-ar" "COMPILER_FLAGS=  -O2 -c" "EXTRA_COMPILER_FLAGS=-mcpu=cortex-a9 -mfpu=vfpv3 -mfloat-abi=hard -nost
TRACE::2026-09-21.16:48:41::SCWBDomain::artfiles -g -Wall -Wextra"

TRACE::2026-09-21.16:48:41::SCWBDomain::make -C ps7_cortexa9_0/libsrc/emacps_v3_12/src -s libs  "SHELL=/bin/sh" "COMPILER=arm-none-eabi-gcc" "ASSEMBLER=arm-none-eabi-a
TRACE::2026-09-21.16:48:41::SCWBDomain::s" "ARCHIVER=arm-none-eabi-ar" "COMPILER_FLAGS=  -O2 -c" "EXTRA_COMPILER_FLAGS=-mcpu=cortex-a9 -mfpu=vfpv3 -mfloat-abi=hard -no
TRACE::2026-09-21.16:48:41::SCWBDomain::startfiles -g -Wall -Wextra"

TRACE::2026-09-21.16:48:41::SCWBDomain::make -C ps7_cortexa9_0/libsrc/scugic_v4_3/src -s libs  "SHELL=/bin/sh" "COMPILER=arm-none-eabi-gcc" "ASSEMBLER=arm-none-eabi-as
TRACE::2026-09-21.16:48:41::SCWBDomain::" "ARCHIVER=arm-none-eabi-ar" "COMPILER_FLAGS=  -O2 -c" "EXTRA_COMPILER_FLAGS=-mcpu=cortex-a9 -mfpu=vfpv3 -mfloat-abi=hard -nos
TRACE::2026-09-21.16:48:41::SCWBDomain::tartfiles -g -Wall -Wextra"

TRACE::2026-09-21.16:48:41::SCWBDomain::make -C ps7_cortexa9_0/libsrc/scutimer_v2_3/src -s libs  "SHELL=/bin/sh" "COMPILER=arm-none-eabi-gcc" "ASSEMBLER=arm-none-eabi-
TRACE::2026-09-21.16:48:41::SCWBDomain::as" "ARCHIVER=arm-none-eabi-ar" "COMPILER_FLAGS=  -O2 -c" "EXTRA_COMPILER_FLAGS=-mcpu=cortex-a9 -mfpu=vfpv3 -mfloat-abi=hard -n
TRACE::2026-09-21.16:48:41::SCWBDomain::ostartfiles -g -Wall -Wextra"

TRACE::2026-09-21.16:48:41::SCWBDomain::make -C ps7_cortexa9_0/libsrc/scuwdt_v2_3/src -s libs  "SHELL=/bin/sh" "COMPILER=arm-none-eabi-gcc" "ASSEMBLER=arm-none-eabi-as
TRACE::2026-09-21.16:48:41::SCWBDomain::" "ARCHIVER=arm-none-eabi-ar" "COMPILER_FLAGS=  -O2 -c" "EXTRA_COMPILER_FLAGS=-mcpu=cortex-a9 -mfpu=vfpv3 -mfloat-abi=hard -nos
TRACE::2026-09-21.16:48:41::SCWBDomain::tartfiles -g -Wall -Wextra"

TRACE::2026-09-21.16:48:41::SCWBDomain::Running Make libs in ps7_cortexa9_0/libsrc/sdps_v3_10/src

TRACE::2026-09-21.16:48:41::SCWBDomain::Running Make libs in ps7_cortexa9_0/libsrc/standalone_v7_3/src

TRACE::2026-09-21.16:48:41::SCWBDomain::Running Make libs in ps7_cortexa9_0/libsrc/uartps_v3_10/src

TRACE::2026-09-21.16:48:41::SCWBDomain::Running Make libs in ps7_cortexa9_0/libsrc/video_common_v4_10/src

TRACE::2026-09-21.16:48:41::SCWBDomain::Running Make libs in ps7_cortexa9_0/libsrc/xadcps_v2_5/src

TRACE::2026-09-21.16:48:41::SCWBDomain::Running Make libs in ps7_cortexa9_0/libsrc/v_tpg_v8_3/src

TRACE::2026-09-21.16:48:41::SCWBDomain::make -C ps7_cortexa9_0/libsrc/sdps_v3_10/src -s libs  "SHELL=/bin/sh" "COMPILER=arm-none-eabi-gcc" "ASSEMBLER=arm-none-eabi-as"
TRACE::2026-09-21.16:48:41::SCWBDomain:: "ARCHIVER=arm-none-eabi-ar" "COMPILER_FLAGS=  -O2 -c" "EXTRA_COMPILER_FLAGS=-mcpu=cortex-a9 -mfpu=vfpv3 -mfloat-abi=hard -nost
TRACE::2026-09-21.16:48:41::SCWBDomain::artfiles -g -Wall -Wextra"

TRACE::2026-09-21.16:48:41::SCWBDomain::make -C ps7_cortexa9_0/libsrc/xadcps_v2_5/src -s libs  "SHELL=/bin/sh" "COMPILER=arm-none-eabi-gcc" "ASSEMBLER=arm-none-eabi-as
TRACE::2026-09-21.16:48:41::SCWBDomain::" "ARCHIVER=arm-none-eabi-ar" "COMPILER_FLAGS=  -O2 -c" "EXTRA_COMPILER_FLAGS=-mcpu=cortex-a9 -mfpu=vfpv3 -mfloat-abi=hard -nos
TRACE::2026-09-21.16:48:41::SCWBDomain::tartfiles -g -Wall -Wextra"

TRACE::2026-09-21.16:48:41::SCWBDomain::make -C ps7_cortexa9_0/libsrc/standalone_v7_3/src -s libs  "SHELL=/bin/sh" "COMPILER=arm-none-eabi-gcc" "ASSEMBLER=arm-none-eab
TRACE::2026-09-21.16:48:41::SCWBDomain::i-as" "ARCHIVER=arm-none-eabi-ar" "COMPILER_FLAGS=  -O2 -c" "EXTRA_COMPILER_FLAGS=-mcpu=cortex-a9 -mfpu=vfpv3 -mfloat-abi=hard 
TRACE::2026-09-21.16:48:41::SCWBDomain::-nostartfiles -g -Wall -Wextra"

TRACE::2026-09-21.16:48:42::SCWBDomain::make -C ps7_cortexa9_0/libsrc/video_common_v4_10/src -s libs  "SHELL=/bin/sh" "COMPILER=arm-none-eabi-gcc" "ASSEMBLER=arm-none-
TRACE::2026-09-21.16:48:42::SCWBDomain::eabi-as" "ARCHIVER=arm-none-eabi-ar" "COMPILER_FLAGS=  -O2 -c" "EXTRA_COMPILER_FLAGS=-mcpu=cortex-a9 -mfpu=vfpv3 -mfloat-abi=ha
TRACE::2026-09-21.16:48:42::SCWBDomain::rd -nostartfiles -g -Wall -Wextra"

TRACE::2026-09-21.16:48:42::SCWBDomain::Running Make libs in ps7_cortexa9_0/libsrc/xilffs_v4_4/src

TRACE::2026-09-21.16:48:42::SCWBDomain::make -C ps7_cortexa9_0/libsrc/uartps_v3_10/src -s libs  "SHELL=/bin/sh" "COMPILER=arm-none-eabi-gcc" "ASSEMBLER=arm-none-eabi-a
TRACE::2026-09-21.16:48:42::SCWBDomain::s" "ARCHIVER=arm-none-eabi-ar" "COMPILER_FLAGS=  -O2 -c" "EXTRA_COMPILER_FLAGS=-mcpu=cortex-a9 -mfpu=vfpv3 -mfloat-abi=hard -no
TRACE::2026-09-21.16:48:42::SCWBDomain::startfiles -g -Wall -Wextra"

TRACE::2026-09-21.16:48:42::SCWBDomain::make -C ps7_cortexa9_0/libsrc/v_tpg_v8_3/src -s libs  "SHELL=/bin/sh" "COMPILER=arm-none-eabi-gcc" "ASSEMBLER=arm-none-eabi-as"
TRACE::2026-09-21.16:48:42::SCWBDomain:: "ARCHIVER=arm-none-eabi-ar" "COMPILER_FLAGS=  -O2 -c" "EXTRA_COMPILER_FLAGS=-mcpu=cortex-a9 -mfpu=vfpv3 -mfloat-abi=hard -nost
TRACE::2026-09-21.16:48:42::SCWBDomain::artfiles -g -Wall -Wextra"

TRACE::2026-09-21.16:48:42::SCWBDomain::make -C ps7_cortexa9_0/libsrc/xilffs_v4_4/src -s libs  "SHELL=/bin/sh" "COMPILER=arm-none-eabi-gcc" "ASSEMBLER=arm-none-eabi-as
TRACE::2026-09-21.16:48:42::SCWBDomain::" "ARCHIVER=arm-none-eabi-ar" "COMPILER_FLAGS=  -O2 -c" "EXTRA_COMPILER_FLAGS=-mcpu=cortex-a9 -mfpu=vfpv3 -mfloat-abi=hard -nos
TRACE::2026-09-21.16:48:42::SCWBDomain::tartfiles -g -Wall -Wextra"

TRACE::2026-09-21.16:48:48::SCWBDomain::Finished building libraries parallelly.

TRACE::2026-09-21.16:48:48::SCWBDomain::make --no-print-directory archive

TRACE::2026-09-21.16:48:48::SCWBDomain::arm-none-eabi-ar -r  ps7_cortexa9_0/lib/libxil.a ps7_cortexa9_0/lib/abort.o ps7_cortexa9_0/lib/asm_vectors.o ps7_cortexa9_0/lib
TRACE::2026-09-21.16:48:48::SCWBDomain::/boot.o ps7_cortexa9_0/lib/close.o ps7_cortexa9_0/lib/cpputest_time.o ps7_cortexa9_0/lib/cpu_init.o ps7_cortexa9_0/lib/errno.o 
TRACE::2026-09-21.16:48:48::SCWBDomain::ps7_cortexa9_0/lib/_exit.o ps7_cortexa9_0/lib/fcntl.o ps7_cortexa9_0/lib/fstat.o ps7_cortexa9_0/lib/getpid.o ps7_cortexa9_0/lib
TRACE::2026-09-21.16:48:48::SCWBDomain::/inbyte.o ps7_cortexa9_0/lib/isatty.o ps7_cortexa9_0/lib/kill.o ps7_cortexa9_0/lib/lseek.o ps7_cortexa9_0/lib/_open.o ps7_corte
TRACE::2026-09-21.16:48:48::SCWBDomain::xa9_0/lib/open.o ps7_cortexa9_0/lib/outbyte.o ps7_cortexa9_0/lib/print.o ps7_cortexa9_0/lib/putnum.o ps7_cortexa9_0/lib/read.o 
TRACE::2026-09-21.16:48:48::SCWBDomain::ps7_cortexa9_0/lib/_sbrk.o ps7_cortexa9_0/lib/sbrk.o ps7_cortexa9_0/lib/sleep.o ps7_cortexa9_0/lib/translation_table.o ps7_cort
TRACE::2026-09-21.16:48:48::SCWBDomain::exa9_0/lib/unlink.o ps7_cortexa9_0/lib/usleep.o ps7_cortexa9_0/lib/vectors.o ps7_cortexa9_0/lib/write.o ps7_cortexa9_0/lib/xadc
TRACE::2026-09-21.16:48:48::SCWBDomain::ps_g.o ps7_cortexa9_0/lib/xadcps_intr.o ps7_cortexa9_0/lib/xadcps.o ps7_cortexa9_0/lib/xadcps_selftest.o ps7_cortexa9_0/lib/xad
TRACE::2026-09-21.16:48:48::SCWBDomain::cps_sinit.o ps7_cortexa9_0/lib/xaxivdma_channel.o ps7_cortexa9_0/lib/xaxivdma_g.o ps7_cortexa9_0/lib/xaxivdma_intr.o ps7_cortex
TRACE::2026-09-21.16:48:48::SCWBDomain::a9_0/lib/xaxivdma.o ps7_cortexa9_0/lib/xaxivdma_selftest.o ps7_cortexa9_0/lib/xaxivdma_sinit.o ps7_cortexa9_0/lib/xcoresightpsd
TRACE::2026-09-21.16:48:48::SCWBDomain::cc.o ps7_cortexa9_0/lib/xdevcfg_g.o ps7_cortexa9_0/lib/xdevcfg_hw.o ps7_cortexa9_0/lib/xdevcfg_intr.o ps7_cortexa9_0/lib/xdevcf
TRACE::2026-09-21.16:48:48::SCWBDomain::g.o ps7_cortexa9_0/lib/xdevcfg_selftest.o ps7_cortexa9_0/lib/xdevcfg_sinit.o ps7_cortexa9_0/lib/xdmaps_g.o ps7_cortexa9_0/lib/x
TRACE::2026-09-21.16:48:48::SCWBDomain::dmaps_hw.o ps7_cortexa9_0/lib/xdmaps.o ps7_cortexa9_0/lib/xdmaps_selftest.o ps7_cortexa9_0/lib/xdmaps_sinit.o ps7_cortexa9_0/li
TRACE::2026-09-21.16:48:48::SCWBDomain::b/xemacps_bdring.o ps7_cortexa9_0/lib/xemacps_control.o ps7_cortexa9_0/lib/xemacps_g.o ps7_cortexa9_0/lib/xemacps_hw.o ps7_cort
TRACE::2026-09-21.16:48:48::SCWBDomain::exa9_0/lib/xemacps_intr.o ps7_cortexa9_0/lib/xemacps.o ps7_cortexa9_0/lib/xemacps_sinit.o ps7_cortexa9_0/lib/xil_assert.o ps7_c
TRACE::2026-09-21.16:48:48::SCWBDomain::ortexa9_0/lib/xil_cache.o ps7_cortexa9_0/lib/xil_clocking.o ps7_cortexa9_0/lib/xil-crt0.o ps7_cortexa9_0/lib/xil_exception.o ps
TRACE::2026-09-21.16:48:48::SCWBDomain::7_cortexa9_0/lib/xil_mem.o ps7_cortexa9_0/lib/xil_misc_psreset_api.o ps7_cortexa9_0/lib/xil_mmu.o ps7_cortexa9_0/lib/xil_printf
TRACE::2026-09-21.16:48:48::SCWBDomain::.o ps7_cortexa9_0/lib/xil_sleepcommon.o ps7_cortexa9_0/lib/xil_sleeptimer.o ps7_cortexa9_0/lib/xil_testcache.o ps7_cortexa9_0/l
TRACE::2026-09-21.16:48:48::SCWBDomain::ib/xil_testio.o ps7_cortexa9_0/lib/xil_testmem.o ps7_cortexa9_0/lib/xil_util.o ps7_cortexa9_0/lib/xl2cc_counter.o ps7_cortexa9_
TRACE::2026-09-21.16:48:48::SCWBDomain::0/lib/xplatform_info.o ps7_cortexa9_0/lib/xpm_counter.o ps7_cortexa9_0/lib/xscugic_g.o ps7_cortexa9_0/lib/xscugic_hw.o ps7_cort
TRACE::2026-09-21.16:48:48::SCWBDomain::exa9_0/lib/xscugic_intr.o ps7_cortexa9_0/lib/xscugic.o ps7_cortexa9_0/lib/xscugic_selftest.o ps7_cortexa9_0/lib/xscugic_sinit.o
TRACE::2026-09-21.16:48:48::SCWBDomain:: ps7_cortexa9_0/lib/xscutimer_g.o ps7_cortexa9_0/lib/xscutimer.o ps7_cortexa9_0/lib/xscutimer_selftest.o ps7_cortexa9_0/lib/xsc
TRACE::2026-09-21.16:48:48::SCWBDomain::utimer_sinit.o ps7_cortexa9_0/lib/xscuwdt_g.o ps7_cortexa9_0/lib/xscuwdt.o ps7_cortexa9_0/lib/xscuwdt_selftest.o ps7_cortexa9_0
TRACE::2026-09-21.16:48:48::SCWBDomain::/lib/xscuwdt_sinit.o ps7_cortexa9_0/lib/xsdps_card.o ps7_cortexa9_0/lib/xsdps_g.o ps7_cortexa9_0/lib/xsdps_host.o ps7_cortexa9_
TRACE::2026-09-21.16:48:48::SCWBDomain::0/lib/xsdps.o ps7_cortexa9_0/lib/xsdps_options.o ps7_cortexa9_0/lib/xsdps_sinit.o ps7_cortexa9_0/lib/xtime_l.o ps7_cortexa9_0/l
TRACE::2026-09-21.16:48:48::SCWBDomain::ib/xuartps_g.o ps7_cortexa9_0/lib/xuartps_hw.o ps7_cortexa9_0/lib/xuartps_intr.o ps7_cortexa9_0/lib/xuartps.o ps7_cortexa9_0/li
TRACE::2026-09-21.16:48:48::SCWBDomain::b/xuartps_options.o ps7_cortexa9_0/lib/xuartps_selftest.o ps7_cortexa9_0/lib/xuartps_sinit.o ps7_cortexa9_0/lib/xvidc_edid_ext.
TRACE::2026-09-21.16:48:48::SCWBDomain::o ps7_cortexa9_0/lib/xvidc_edid.o ps7_cortexa9_0/lib/xvidc.o ps7_cortexa9_0/lib/xvidc_parse_edid.o ps7_cortexa9_0/lib/xvidc_tim
TRACE::2026-09-21.16:48:48::SCWBDomain::ings_table.o ps7_cortexa9_0/lib/xv_tpg_g.o ps7_cortexa9_0/lib/xv_tpg_linux.o ps7_cortexa9_0/lib/xv_tpg.o ps7_cortexa9_0/lib/xv_
TRACE::2026-09-21.16:48:48::SCWBDomain::tpg_sinit.o

TRACE::2026-09-21.16:48:48::SCWBDomain::Finished building libraries

TRACE::2026-09-21.16:48:48::SCWBDomain::make: выход из каталога «/home/alexey/programming/systemverilog/ethernet_image_transfer/fpga/zynq_wrapper/zynq_
TRACE::2026-09-21.16:48:48::SCWBDomain::fsbl/zynq_fsbl_bsp»

TRACE::2026-09-21.16:48:48::SCWBDomain::arm-none-eabi-gcc -MMD -MP       -mcpu=cortex-a9 -mfpu=vfpv3 -mfloat-abi=hard   -O2 -c -c fsbl_hooks.c -o fsbl_hooks.o -Izynq_f
TRACE::2026-09-21.16:48:48::SCWBDomain::sbl_bsp/ps7_cortexa9_0/include -I.

TRACE::2026-09-21.16:48:48::SCWBDomain::arm-none-eabi-gcc -MMD -MP       -mcpu=cortex-a9 -mfpu=vfpv3 -mfloat-abi=hard   -O2 -c -c image_mover.c -o image_mover.o -Izynq
TRACE::2026-09-21.16:48:48::SCWBDomain::_fsbl_bsp/ps7_cortexa9_0/include -I.

TRACE::2026-09-21.16:48:49::SCWBDomain::arm-none-eabi-gcc -MMD -MP       -mcpu=cortex-a9 -mfpu=vfpv3 -mfloat-abi=hard   -O2 -c -c main.c -o main.o -Izynq_fsbl_bsp/ps7_
TRACE::2026-09-21.16:48:49::SCWBDomain::cortexa9_0/include -I.

TRACE::2026-09-21.16:48:49::SCWBDomain::arm-none-eabi-gcc -MMD -MP       -mcpu=cortex-a9 -mfpu=vfpv3 -mfloat-abi=hard   -O2 -c -c md5.c -o md5.o -Izynq_fsbl_bsp/ps7_co
TRACE::2026-09-21.16:48:49::SCWBDomain::rtexa9_0/include -I.

TRACE::2026-09-21.16:48:50::SCWBDomain::arm-none-eabi-gcc -MMD -MP       -mcpu=cortex-a9 -mfpu=vfpv3 -mfloat-abi=hard   -O2 -c -c nand.c -o nand.o -Izynq_fsbl_bsp/ps7_
TRACE::2026-09-21.16:48:50::SCWBDomain::cortexa9_0/include -I.

TRACE::2026-09-21.16:48:50::SCWBDomain::arm-none-eabi-gcc -MMD -MP       -mcpu=cortex-a9 -mfpu=vfpv3 -mfloat-abi=hard   -O2 -c -c nor.c -o nor.o -Izynq_fsbl_bsp/ps7_co
TRACE::2026-09-21.16:48:50::SCWBDomain::rtexa9_0/include -I.

TRACE::2026-09-21.16:48:50::SCWBDomain::arm-none-eabi-gcc -MMD -MP       -mcpu=cortex-a9 -mfpu=vfpv3 -mfloat-abi=hard   -O2 -c -c pcap.c -o pcap.o -Izynq_fsbl_bsp/ps7_
TRACE::2026-09-21.16:48:50::SCWBDomain::cortexa9_0/include -I.

TRACE::2026-09-21.16:48:50::SCWBDomain::arm-none-eabi-gcc -MMD -MP       -mcpu=cortex-a9 -mfpu=vfpv3 -mfloat-abi=hard   -O2 -c -c ps7_init.c -o ps7_init.o -Izynq_fsbl_
TRACE::2026-09-21.16:48:50::SCWBDomain::bsp/ps7_cortexa9_0/include -I.

TRACE::2026-09-21.16:48:50::SCWBDomain::arm-none-eabi-gcc -MMD -MP       -mcpu=cortex-a9 -mfpu=vfpv3 -mfloat-abi=hard   -O2 -c -c qspi.c -o qspi.o -Izynq_fsbl_bsp/ps7_
TRACE::2026-09-21.16:48:50::SCWBDomain::cortexa9_0/include -I.

TRACE::2026-09-21.16:48:51::SCWBDomain::arm-none-eabi-gcc -MMD -MP       -mcpu=cortex-a9 -mfpu=vfpv3 -mfloat-abi=hard   -O2 -c -c rsa.c -o rsa.o -Izynq_fsbl_bsp/ps7_co
TRACE::2026-09-21.16:48:51::SCWBDomain::rtexa9_0/include -I.

TRACE::2026-09-21.16:48:51::SCWBDomain::arm-none-eabi-gcc -MMD -MP       -mcpu=cortex-a9 -mfpu=vfpv3 -mfloat-abi=hard   -O2 -c -c sd.c -o sd.o -Izynq_fsbl_bsp/ps7_cort
TRACE::2026-09-21.16:48:51::SCWBDomain::exa9_0/include -I.

TRACE::2026-09-21.16:48:51::SCWBDomain::arm-none-eabi-gcc -MMD -MP       -mcpu=cortex-a9 -mfpu=vfpv3 -mfloat-abi=hard   -O2 -c -c fsbl_handoff.S -o fsbl_handoff.o -Izy
TRACE::2026-09-21.16:48:51::SCWBDomain::nq_fsbl_bsp/ps7_cortexa9_0/include -I.

TRACE::2026-09-21.16:48:51::SCWBDomain::arm-none-eabi-gcc -o fsbl.elf  fsbl_hooks.o  image_mover.o  main.o  md5.o  nand.o  nor.o  pcap.o  ps7_init.o  qspi.o  rsa.o  sd
TRACE::2026-09-21.16:48:51::SCWBDomain::.o  fsbl_handoff.o -MMD -MP       -mcpu=cortex-a9 -mfpu=vfpv3 -mfloat-abi=hard   -mcpu=cortex-a9 -mfpu=vfpv3 -mfloat-abi=hard -
TRACE::2026-09-21.16:48:51::SCWBDomain::Wl,-build-id=none -specs=Xilinx.spec  -lrsa -Wl,--start-group,-lxil,-lgcc,-lc,--end-group -Wl,--start-group,-lxilffs,-lxil,-lgc
TRACE::2026-09-21.16:48:51::SCWBDomain::c,-lc,--end-group -Wl,--start-group,-lrsa,-lxil,-lgcc,-lc,--end-group -Wl,--start-group,-lxil,-llwip4,-lgcc,-lc,--end-group    
TRACE::2026-09-21.16:48:51::SCWBDomain::                             -Wl,--gc-sections -Lzynq_fsbl_bsp/ps7_cortexa9_0/lib -L./ -Tlscript.ld

LOG::2026-09-21.16:48:51::SCWSystem::Checking the domain standalone_ps7_cortexa9_0
LOG::2026-09-21.16:48:51::SCWSystem::Not a boot domain 
LOG::2026-09-21.16:48:51::SCWSystem::Started Processing the domain standalone_ps7_cortexa9_0
TRACE::2026-09-21.16:48:51::SCWDomain::Generating domain artifcats
TRACE::2026-09-21.16:48:51::SCWMssOS::Generating standalone artifcats
TRACE::2026-09-21.16:48:51::SCWMssOS::Copying the qemu file from  /home/alexey/Xilinx/Vitis/2020.2/data/emulation/platforms/zynq/sw/a9_standalone/qemu/qemu_args.txt To /home/alexey/programming/systemverilog/ethernet_image_transfer/fpga/zynq_wrapper/export/zynq_wrapper/sw/zynq_wrapper/qemu/
TRACE::2026-09-21.16:48:51::SCWMssOS::Copying the qemu file from  /home/alexey/Xilinx/Vitis/2020.2/data/emulation/platforms/zynq/sw/a9_standalone/qemu/qemu_args.txt To /home/alexey/programming/systemverilog/ethernet_image_transfer/fpga/zynq_wrapper/export/zynq_wrapper/sw/zynq_wrapper/standalone_ps7_cortexa9_0/qemu/
TRACE::2026-09-21.16:48:51::SCWMssOS:: Copying the user libraries. 
TRACE::2026-09-21.16:48:51::SCWPlatform::Trying to open the hw design at /home/alexey/programming/systemverilog/ethernet_image_transfer/fpga/zynq_wrapper/hw/zynq_wrapper.xsa
TRACE::2026-09-21.16:48:51::SCWPlatform::DSA given /home/alexey/programming/systemverilog/ethernet_image_transfer/fpga/zynq_wrapper/hw/zynq_wrapper.xsa
TRACE::2026-09-21.16:48:51::SCWPlatform::DSA absoulate path /home/alexey/programming/systemverilog/ethernet_image_transfer/fpga/zynq_wrapper/hw/zynq_wrapper.xsa
TRACE::2026-09-21.16:48:51::SCWPlatform::DSA directory /home/alexey/programming/systemverilog/ethernet_image_transfer/fpga/zynq_wrapper/hw
TRACE::2026-09-21.16:48:51::SCWPlatform:: Platform Path /home/alexey/programming/systemverilog/ethernet_image_transfer/fpga/zynq_wrapper/hw/zynq_wrapper.xsa
TRACE::2026-09-21.16:48:51::SCWPlatform:: Unique name xilinx:::0.0
TRACE::2026-09-21.16:48:51::SCWPlatform::Trying to set the existing hwdb with name zynq_wrapper_3
TRACE::2026-09-21.16:48:51::SCWPlatform::Opened existing hwdb zynq_wrapper_3
TRACE::2026-09-21.16:48:51::SCWPlatform::Found the Hw Db part of the input DSA
TRACE::2026-09-21.16:48:51::SCWMssOS::Checking the sw design at  /home/alexey/programming/systemverilog/ethernet_image_transfer/fpga/zynq_wrapper/ps7_cortexa9_0/standalone_ps7_cortexa9_0/bsp/system.mss
TRACE::2026-09-21.16:48:51::SCWMssOS::DEBUG:  swdes dump  /home/alexey/programming/systemverilog/ethernet_image_transfer/fpga/zynq_wrapper/ps7_cortexa9_0/standalone_ps7_cortexa9_0/bsp/system.mss|system_0||
/home/alexey/programming/systemverilog/ethernet_image_transfer/fpga/zynq_wrapper/zynq_fsbl/zynq_fsbl_bsp/system.mss|system||

TRACE::2026-09-21.16:48:51::SCWMssOS::Sw design exists and opened at  /home/alexey/programming/systemverilog/ethernet_image_transfer/fpga/zynq_wrapper/ps7_cortexa9_0/standalone_ps7_cortexa9_0/bsp/system.mss
TRACE::2026-09-21.16:48:51::SCWMssOS::Completed writing the mss file at /home/alexey/programming/systemverilog/ethernet_image_transfer/fpga/zynq_wrapper/ps7_cortexa9_0/standalone_ps7_cortexa9_0/bsp
TRACE::2026-09-21.16:48:51::SCWMssOS::Mss edits present, copying mssfile into export location /home/alexey/programming/systemverilog/ethernet_image_transfer/fpga/zynq_wrapper/ps7_cortexa9_0/standalone_ps7_cortexa9_0/bsp/system.mss
TRACE::2026-09-21.16:48:51::SCWMssOS::bsp generated is upto date with the mss file. Skipping bsp generation.
TRACE::2026-09-21.16:48:51::SCWMssOS::BSP is already built. skipping the bsp build ... 
TRACE::2026-09-21.16:48:51::SCWDomain::Skipping the build for domain :  standalone_ps7_cortexa9_0
TRACE::2026-09-21.16:48:51::SCWMssOS::skipping the bsp build ... 
TRACE::2026-09-21.16:48:51::SCWMssOS::Copying to export directory.
TRACE::2026-09-21.16:48:51::SCWMssOS:: Checking if to create the Supporting Applications
TRACE::2026-09-21.16:48:51::SCWMssOS:: No Linux domain exists, trying to generate FSBL 
LOG::2026-09-21.16:48:51::SCWSystem::Completed Processing the domain standalone_ps7_cortexa9_0
LOG::2026-09-21.16:48:51::SCWSystem::Completed Processing the sysconfig zynq_wrapper
LOG::2026-09-21.16:48:51::SCWPlatform::Completed generating the artifacts for system configuration zynq_wrapper
TRACE::2026-09-21.16:48:51::SCWPlatform::Started preparing the platform 
TRACE::2026-09-21.16:48:51::SCWSystem::Writing the bif file for system config zynq_wrapper
TRACE::2026-09-21.16:48:51::SCWSystem::dir created 
TRACE::2026-09-21.16:48:51::SCWSystem::Writing the bif 
TRACE::2026-09-21.16:48:51::SCWPlatform::Started writing the spfm file 
TRACE::2026-09-21.16:48:51::SCWPlatform::Started writing the xpfm file 
TRACE::2026-09-21.16:48:51::SCWPlatform::Completed generating the platform
TRACE::2026-09-21.16:48:51::SCWMssOS::Saving the mss changes /home/alexey/programming/systemverilog/ethernet_image_transfer/fpga/zynq_wrapper/zynq_fsbl/zynq_fsbl_bsp/system.mss
TRACE::2026-09-21.16:48:51::SCWMssOS::Found a swdesign opened with the mssfile.
TRACE::2026-09-21.16:48:51::SCWMssOS::Completed writemss as part of save.
TRACE::2026-09-21.16:48:51::SCWMssOS::Commit changes completed.
TRACE::2026-09-21.16:48:51::SCWMssOS::Saving the mss changes /home/alexey/programming/systemverilog/ethernet_image_transfer/fpga/zynq_wrapper/ps7_cortexa9_0/standalone_ps7_cortexa9_0/bsp/system.mss
TRACE::2026-09-21.16:48:51::SCWMssOS::Found a swdesign opened with the mssfile.
TRACE::2026-09-21.16:48:51::SCWMssOS::Completed writemss as part of save.
TRACE::2026-09-21.16:48:51::SCWMssOS::Commit changes completed.
TRACE::2026-09-21.16:48:51::SCWPlatform::Trying to open the hw design at /home/alexey/programming/systemverilog/ethernet_image_transfer/fpga/zynq_wrapper/hw/zynq_wrapper.xsa
TRACE::2026-09-21.16:48:51::SCWPlatform::DSA given /home/alexey/programming/systemverilog/ethernet_image_transfer/fpga/zynq_wrapper/hw/zynq_wrapper.xsa
TRACE::2026-09-21.16:48:51::SCWPlatform::DSA absoulate path /home/alexey/programming/systemverilog/ethernet_image_transfer/fpga/zynq_wrapper/hw/zynq_wrapper.xsa
TRACE::2026-09-21.16:48:51::SCWPlatform::DSA directory /home/alexey/programming/systemverilog/ethernet_image_transfer/fpga/zynq_wrapper/hw
TRACE::2026-09-21.16:48:51::SCWPlatform:: Platform Path /home/alexey/programming/systemverilog/ethernet_image_transfer/fpga/zynq_wrapper/hw/zynq_wrapper.xsa
TRACE::2026-09-21.16:48:51::SCWPlatform:: Unique name xilinx:::0.0
TRACE::2026-09-21.16:48:51::SCWPlatform::Trying to set the existing hwdb with name zynq_wrapper_3
TRACE::2026-09-21.16:48:51::SCWPlatform::Opened existing hwdb zynq_wrapper_3
TRACE::2026-09-21.16:48:51::SCWPlatform::Found the Hw Db part of the input DSA
TRACE::2026-09-21.16:48:51::SCWMssOS::Checking the sw design at  /home/alexey/programming/systemverilog/ethernet_image_transfer/fpga/zynq_wrapper/zynq_fsbl/zynq_fsbl_bsp/system.mss
TRACE::2026-09-21.16:48:51::SCWMssOS::DEBUG:  swdes dump  /home/alexey/programming/systemverilog/ethernet_image_transfer/fpga/zynq_wrapper/ps7_cortexa9_0/standalone_ps7_cortexa9_0/bsp/system.mss|system_0||
/home/alexey/programming/systemverilog/ethernet_image_transfer/fpga/zynq_wrapper/zynq_fsbl/zynq_fsbl_bsp/system.mss|system||

TRACE::2026-09-21.16:48:51::SCWMssOS::Sw design exists and opened at  /home/alexey/programming/systemverilog/ethernet_image_transfer/fpga/zynq_wrapper/zynq_fsbl/zynq_fsbl_bsp/system.mss
TRACE::2026-09-21.16:48:51::SCWPlatform::Trying to open the hw design at /home/alexey/programming/systemverilog/ethernet_image_transfer/fpga/zynq_wrapper/hw/zynq_wrapper.xsa
TRACE::2026-09-21.16:48:51::SCWPlatform::DSA given /home/alexey/programming/systemverilog/ethernet_image_transfer/fpga/zynq_wrapper/hw/zynq_wrapper.xsa
TRACE::2026-09-21.16:48:51::SCWPlatform::DSA absoulate path /home/alexey/programming/systemverilog/ethernet_image_transfer/fpga/zynq_wrapper/hw/zynq_wrapper.xsa
TRACE::2026-09-21.16:48:51::SCWPlatform::DSA directory /home/alexey/programming/systemverilog/ethernet_image_transfer/fpga/zynq_wrapper/hw
TRACE::2026-09-21.16:48:51::SCWPlatform:: Platform Path /home/alexey/programming/systemverilog/ethernet_image_transfer/fpga/zynq_wrapper/hw/zynq_wrapper.xsa
TRACE::2026-09-21.16:48:51::SCWPlatform:: Unique name xilinx:::0.0
TRACE::2026-09-21.16:48:51::SCWPlatform::Trying to set the existing hwdb with name zynq_wrapper_3
TRACE::2026-09-21.16:48:51::SCWPlatform::Opened existing hwdb zynq_wrapper_3
TRACE::2026-09-21.16:48:51::SCWPlatform::Found the Hw Db part of the input DSA
TRACE::2026-09-21.16:48:51::SCWMssOS::Checking the sw design at  /home/alexey/programming/systemverilog/ethernet_image_transfer/fpga/zynq_wrapper/ps7_cortexa9_0/standalone_ps7_cortexa9_0/bsp/system.mss
TRACE::2026-09-21.16:48:51::SCWMssOS::DEBUG:  swdes dump  /home/alexey/programming/systemverilog/ethernet_image_transfer/fpga/zynq_wrapper/ps7_cortexa9_0/standalone_ps7_cortexa9_0/bsp/system.mss|system_0||
/home/alexey/programming/systemverilog/ethernet_image_transfer/fpga/zynq_wrapper/zynq_fsbl/zynq_fsbl_bsp/system.mss|system||

TRACE::2026-09-21.16:48:51::SCWMssOS::Sw design exists and opened at  /home/alexey/programming/systemverilog/ethernet_image_transfer/fpga/zynq_wrapper/ps7_cortexa9_0/standalone_ps7_cortexa9_0/bsp/system.mss
TRACE::2026-09-21.16:48:51::SCWWriter::formatted JSON is {
	"platformName":	"zynq_wrapper",
	"sprVersion":	"2.0",
	"mode":	"gui",
	"dsaType":	"Fixed",
	"platformDesc":	"zynq_wrapper",
	"platHandOff":	"<platformDir>.xsa",
	"platIntHandOff":	"<platformDir>/hw/zynq_wrapper.xsa",
	"deviceType":	"zynq",
	"platIsPrebuiltAutogen":	"false",
	"platIsNoBootBsp":	"false",
	"hasFsblMakeHasChanges":	"false",
	"hasPmufwMakeHasChanges":	"false",
	"fsblExtraCompilerFlags":	"-MMD -MP       -mcpu=cortex-a9 -mfpu=vfpv3 -mfloat-abi=hard ",
	"platPreBuiltFlag":	false,
	"platformSamplesDir":	"",
	"platActiveSys":	"zynq_wrapper",
	"systems":	[{
			"systemName":	"zynq_wrapper",
			"systemDesc":	"zynq_wrapper",
			"sysIsBootAutoGen":	"true",
			"systemDispName":	"zynq_wrapper",
			"sysActiveDom":	"zynq_fsbl",
			"sysDefaultDom":	"standalone_ps7_cortexa9_0",
			"domains":	[{
					"domainName":	"zynq_fsbl",
					"domainDispName":	"zynq_fsbl",
					"domainDesc":	"FSBL Application BSP - Auto Generated.",
					"processors":	"ps7_cortexa9_0",
					"os":	"standalone",
					"sdxOs":	"standalone",
					"debugEnable":	"",
					"domRuntimes":	["cpp"],
					"swRepo":	"",
					"mssOsVer":	"7.3",
					"mssFile":	"",
					"md5Digest":	"02611ff010f3535202adf0baa1ae5f02",
					"compatibleApp":	"zynq_fsbl",
					"domType":	"bootDomain",
					"arch":	"32-bit",
					"appSettings":	{
						"appCompilerFlags":	"",
						"appLinkerFlags":	""
					},
					"addedLibs":	["xilffs:4.4", "xilrsa:1.6", "lwip211:1.3"],
					"libOptions":	{
						"libsContainingOptions":	[]
					},
					"prebuiltLibs":	{
						"prebuiltIncPath":	[],
						"prebuiltLibPath":	[]
					},
					"isolation":	{
					}
				}, {
					"domainName":	"standalone_ps7_cortexa9_0",
					"domainDispName":	"standalone_ps7_cortexa9_0",
					"domainDesc":	"standalone_ps7_cortexa9_0",
					"processors":	"ps7_cortexa9_0",
					"os":	"standalone",
					"sdxOs":	"standalone",
					"qemuArgs":	"/home/alexey/Xilinx/Vitis/2020.2/data/emulation/platforms/zynq/sw/a9_standalone/qemu/qemu_args.txt",
					"qemuData":	"/home/alexey/Xilinx/Vitis/2020.2/data/emulation/platforms/zynq/sw/a9_standalone/qemu/",
					"debugEnable":	"False",
					"domRuntimes":	["cpp"],
					"swRepo":	"",
					"mssOsVer":	"7.3",
					"mssFile":	"",
					"md5Digest":	"45b0abfe8235d9243f1629e877f9a4a5",
					"compatibleApp":	"",
					"domType":	"mssDomain",
					"arch":	"32-bit",
					"appSettings":	{
						"appCompilerFlags":	"",
						"appLinkerFlags":	""
					},
					"addedLibs":	[],
					"libOptions":	{
						"libsContainingOptions":	[]
					},
					"prebuiltLibs":	{
						"prebuiltIncPath":	[],
						"prebuiltLibPath":	[]
					},
					"isolation":	{
					}
				}]
		}]
}
KEYINFO::2026-09-21.16:48:51::SCWPlatform::updated the xpfm file.
TRACE::2026-09-21.16:48:51::SCWPlatform::Trying to open the hw design at /home/alexey/programming/systemverilog/ethernet_image_transfer/fpga/zynq_wrapper/hw/zynq_wrapper.xsa
TRACE::2026-09-21.16:48:51::SCWPlatform::DSA given /home/alexey/programming/systemverilog/ethernet_image_transfer/fpga/zynq_wrapper/hw/zynq_wrapper.xsa
TRACE::2026-09-21.16:48:51::SCWPlatform::DSA absoulate path /home/alexey/programming/systemverilog/ethernet_image_transfer/fpga/zynq_wrapper/hw/zynq_wrapper.xsa
TRACE::2026-09-21.16:48:51::SCWPlatform::DSA directory /home/alexey/programming/systemverilog/ethernet_image_transfer/fpga/zynq_wrapper/hw
TRACE::2026-09-21.16:48:51::SCWPlatform:: Platform Path /home/alexey/programming/systemverilog/ethernet_image_transfer/fpga/zynq_wrapper/hw/zynq_wrapper.xsa
TRACE::2026-09-21.16:48:51::SCWPlatform:: Unique name xilinx:::0.0
TRACE::2026-09-21.16:48:51::SCWPlatform::Trying to set the existing hwdb with name zynq_wrapper_3
TRACE::2026-09-21.16:48:51::SCWPlatform::Opened existing hwdb zynq_wrapper_3
TRACE::2026-09-21.16:48:51::SCWPlatform::Found the Hw Db part of the input DSA
TRACE::2026-09-21.16:48:51::SCWMssOS::Checking the sw design at  /home/alexey/programming/systemverilog/ethernet_image_transfer/fpga/zynq_wrapper/ps7_cortexa9_0/standalone_ps7_cortexa9_0/bsp/system.mss
TRACE::2026-09-21.16:48:51::SCWMssOS::DEBUG:  swdes dump  /home/alexey/programming/systemverilog/ethernet_image_transfer/fpga/zynq_wrapper/ps7_cortexa9_0/standalone_ps7_cortexa9_0/bsp/system.mss|system_0||
/home/alexey/programming/systemverilog/ethernet_image_transfer/fpga/zynq_wrapper/zynq_fsbl/zynq_fsbl_bsp/system.mss|system||

TRACE::2026-09-21.16:48:51::SCWMssOS::Sw design exists and opened at  /home/alexey/programming/systemverilog/ethernet_image_transfer/fpga/zynq_wrapper/ps7_cortexa9_0/standalone_ps7_cortexa9_0/bsp/system.mss
TRACE::2026-09-21.16:50:46::SCWPlatform::Trying to open the hw design at /home/alexey/programming/systemverilog/ethernet_image_transfer/fpga/zynq_wrapper/hw/zynq_wrapper.xsa
TRACE::2026-09-21.16:50:46::SCWPlatform::DSA given /home/alexey/programming/systemverilog/ethernet_image_transfer/fpga/zynq_wrapper/hw/zynq_wrapper.xsa
TRACE::2026-09-21.16:50:46::SCWPlatform::DSA absoulate path /home/alexey/programming/systemverilog/ethernet_image_transfer/fpga/zynq_wrapper/hw/zynq_wrapper.xsa
TRACE::2026-09-21.16:50:46::SCWPlatform::DSA directory /home/alexey/programming/systemverilog/ethernet_image_transfer/fpga/zynq_wrapper/hw
TRACE::2026-09-21.16:50:46::SCWPlatform:: Platform Path /home/alexey/programming/systemverilog/ethernet_image_transfer/fpga/zynq_wrapper/hw/zynq_wrapper.xsa
TRACE::2026-09-21.16:50:46::SCWPlatform:: Unique name xilinx:::0.0
TRACE::2026-09-21.16:50:46::SCWPlatform::Trying to set the existing hwdb with name zynq_wrapper_3
TRACE::2026-09-21.16:50:46::SCWPlatform::Opened existing hwdb zynq_wrapper_3
TRACE::2026-09-21.16:50:46::SCWPlatform::Found the Hw Db part of the input DSA
TRACE::2026-09-21.16:50:46::SCWMssOS::Checking the sw design at  /home/alexey/programming/systemverilog/ethernet_image_transfer/fpga/zynq_wrapper/zynq_fsbl/zynq_fsbl_bsp/system.mss
TRACE::2026-09-21.16:50:46::SCWMssOS::DEBUG:  swdes dump  /home/alexey/programming/systemverilog/ethernet_image_transfer/fpga/zynq_wrapper/ps7_cortexa9_0/standalone_ps7_cortexa9_0/bsp/system.mss|system_0||
/home/alexey/programming/systemverilog/ethernet_image_transfer/fpga/zynq_wrapper/zynq_fsbl/zynq_fsbl_bsp/system.mss|system||

TRACE::2026-09-21.16:50:46::SCWMssOS::Sw design exists and opened at  /home/alexey/programming/systemverilog/ethernet_image_transfer/fpga/zynq_wrapper/zynq_fsbl/zynq_fsbl_bsp/system.mss
TRACE::2026-09-21.16:51:00::SCWMssOS::Saving the mss changes /home/alexey/programming/systemverilog/ethernet_image_transfer/fpga/zynq_wrapper/zynq_fsbl/zynq_fsbl_bsp/system.mss
TRACE::2026-09-21.16:51:00::SCWMssOS::Found a swdesign opened with the mssfile.
TRACE::2026-09-21.16:51:00::SCWMssOS::Completed writemss as part of save.
TRACE::2026-09-21.16:51:00::SCWMssOS::Commit changes completed.
TRACE::2026-09-21.16:51:00::SCWMssOS::Saving the mss changes /home/alexey/programming/systemverilog/ethernet_image_transfer/fpga/zynq_wrapper/ps7_cortexa9_0/standalone_ps7_cortexa9_0/bsp/system.mss
TRACE::2026-09-21.16:51:00::SCWMssOS::Found a swdesign opened with the mssfile.
TRACE::2026-09-21.16:51:00::SCWMssOS::Completed writemss as part of save.
TRACE::2026-09-21.16:51:00::SCWMssOS::Commit changes completed.
TRACE::2026-09-21.16:51:00::SCWPlatform::Trying to open the hw design at /home/alexey/programming/systemverilog/ethernet_image_transfer/fpga/zynq_wrapper/hw/zynq_wrapper.xsa
TRACE::2026-09-21.16:51:00::SCWPlatform::DSA given /home/alexey/programming/systemverilog/ethernet_image_transfer/fpga/zynq_wrapper/hw/zynq_wrapper.xsa
TRACE::2026-09-21.16:51:00::SCWPlatform::DSA absoulate path /home/alexey/programming/systemverilog/ethernet_image_transfer/fpga/zynq_wrapper/hw/zynq_wrapper.xsa
TRACE::2026-09-21.16:51:00::SCWPlatform::DSA directory /home/alexey/programming/systemverilog/ethernet_image_transfer/fpga/zynq_wrapper/hw
TRACE::2026-09-21.16:51:00::SCWPlatform:: Platform Path /home/alexey/programming/systemverilog/ethernet_image_transfer/fpga/zynq_wrapper/hw/zynq_wrapper.xsa
TRACE::2026-09-21.16:51:00::SCWPlatform:: Unique name xilinx:::0.0
TRACE::2026-09-21.16:51:00::SCWPlatform::Trying to set the existing hwdb with name zynq_wrapper_3
TRACE::2026-09-21.16:51:00::SCWPlatform::Opened existing hwdb zynq_wrapper_3
TRACE::2026-09-21.16:51:00::SCWPlatform::Found the Hw Db part of the input DSA
TRACE::2026-09-21.16:51:00::SCWMssOS::Checking the sw design at  /home/alexey/programming/systemverilog/ethernet_image_transfer/fpga/zynq_wrapper/zynq_fsbl/zynq_fsbl_bsp/system.mss
TRACE::2026-09-21.16:51:00::SCWMssOS::DEBUG:  swdes dump  /home/alexey/programming/systemverilog/ethernet_image_transfer/fpga/zynq_wrapper/ps7_cortexa9_0/standalone_ps7_cortexa9_0/bsp/system.mss|system_0||
/home/alexey/programming/systemverilog/ethernet_image_transfer/fpga/zynq_wrapper/zynq_fsbl/zynq_fsbl_bsp/system.mss|system||

TRACE::2026-09-21.16:51:00::SCWMssOS::Sw design exists and opened at  /home/alexey/programming/systemverilog/ethernet_image_transfer/fpga/zynq_wrapper/zynq_fsbl/zynq_fsbl_bsp/system.mss
TRACE::2026-09-21.16:51:00::SCWPlatform::Trying to open the hw design at /home/alexey/programming/systemverilog/ethernet_image_transfer/fpga/zynq_wrapper/hw/zynq_wrapper.xsa
TRACE::2026-09-21.16:51:00::SCWPlatform::DSA given /home/alexey/programming/systemverilog/ethernet_image_transfer/fpga/zynq_wrapper/hw/zynq_wrapper.xsa
TRACE::2026-09-21.16:51:00::SCWPlatform::DSA absoulate path /home/alexey/programming/systemverilog/ethernet_image_transfer/fpga/zynq_wrapper/hw/zynq_wrapper.xsa
TRACE::2026-09-21.16:51:00::SCWPlatform::DSA directory /home/alexey/programming/systemverilog/ethernet_image_transfer/fpga/zynq_wrapper/hw
TRACE::2026-09-21.16:51:00::SCWPlatform:: Platform Path /home/alexey/programming/systemverilog/ethernet_image_transfer/fpga/zynq_wrapper/hw/zynq_wrapper.xsa
TRACE::2026-09-21.16:51:00::SCWPlatform:: Unique name xilinx:::0.0
TRACE::2026-09-21.16:51:00::SCWPlatform::Trying to set the existing hwdb with name zynq_wrapper_3
TRACE::2026-09-21.16:51:00::SCWPlatform::Opened existing hwdb zynq_wrapper_3
TRACE::2026-09-21.16:51:00::SCWPlatform::Found the Hw Db part of the input DSA
TRACE::2026-09-21.16:51:00::SCWMssOS::Checking the sw design at  /home/alexey/programming/systemverilog/ethernet_image_transfer/fpga/zynq_wrapper/ps7_cortexa9_0/standalone_ps7_cortexa9_0/bsp/system.mss
TRACE::2026-09-21.16:51:00::SCWMssOS::DEBUG:  swdes dump  /home/alexey/programming/systemverilog/ethernet_image_transfer/fpga/zynq_wrapper/ps7_cortexa9_0/standalone_ps7_cortexa9_0/bsp/system.mss|system_0||
/home/alexey/programming/systemverilog/ethernet_image_transfer/fpga/zynq_wrapper/zynq_fsbl/zynq_fsbl_bsp/system.mss|system||

TRACE::2026-09-21.16:51:00::SCWMssOS::Sw design exists and opened at  /home/alexey/programming/systemverilog/ethernet_image_transfer/fpga/zynq_wrapper/ps7_cortexa9_0/standalone_ps7_cortexa9_0/bsp/system.mss
TRACE::2026-09-21.16:51:00::SCWWriter::formatted JSON is {
	"platformName":	"zynq_wrapper",
	"sprVersion":	"2.0",
	"mode":	"gui",
	"dsaType":	"Fixed",
	"platformDesc":	"zynq_wrapper",
	"platHandOff":	"<platformDir>.xsa",
	"platIntHandOff":	"<platformDir>/hw/zynq_wrapper.xsa",
	"deviceType":	"zynq",
	"platIsPrebuiltAutogen":	"false",
	"platIsNoBootBsp":	"false",
	"hasFsblMakeHasChanges":	"false",
	"hasPmufwMakeHasChanges":	"false",
	"fsblExtraCompilerFlags":	"-MMD -MP       -mcpu=cortex-a9 -mfpu=vfpv3 -mfloat-abi=hard ",
	"platPreBuiltFlag":	false,
	"platformSamplesDir":	"",
	"platActiveSys":	"zynq_wrapper",
	"systems":	[{
			"systemName":	"zynq_wrapper",
			"systemDesc":	"zynq_wrapper",
			"sysIsBootAutoGen":	"true",
			"systemDispName":	"zynq_wrapper",
			"sysActiveDom":	"zynq_fsbl",
			"sysDefaultDom":	"standalone_ps7_cortexa9_0",
			"domains":	[{
					"domainName":	"zynq_fsbl",
					"domainDispName":	"zynq_fsbl",
					"domainDesc":	"FSBL Application BSP - Auto Generated.",
					"processors":	"ps7_cortexa9_0",
					"os":	"standalone",
					"sdxOs":	"standalone",
					"debugEnable":	"",
					"domRuntimes":	["cpp"],
					"swRepo":	"",
					"mssOsVer":	"7.3",
					"mssFile":	"",
					"md5Digest":	"02611ff010f3535202adf0baa1ae5f02",
					"compatibleApp":	"zynq_fsbl",
					"domType":	"bootDomain",
					"arch":	"32-bit",
					"appSettings":	{
						"appCompilerFlags":	"",
						"appLinkerFlags":	""
					},
					"addedLibs":	["xilffs:4.4", "xilrsa:1.6", "lwip211:1.3"],
					"libOptions":	{
						"libsContainingOptions":	[]
					},
					"prebuiltLibs":	{
						"prebuiltIncPath":	[],
						"prebuiltLibPath":	[]
					},
					"isolation":	{
					}
				}, {
					"domainName":	"standalone_ps7_cortexa9_0",
					"domainDispName":	"standalone_ps7_cortexa9_0",
					"domainDesc":	"standalone_ps7_cortexa9_0",
					"processors":	"ps7_cortexa9_0",
					"os":	"standalone",
					"sdxOs":	"standalone",
					"qemuArgs":	"/home/alexey/Xilinx/Vitis/2020.2/data/emulation/platforms/zynq/sw/a9_standalone/qemu/qemu_args.txt",
					"qemuData":	"/home/alexey/Xilinx/Vitis/2020.2/data/emulation/platforms/zynq/sw/a9_standalone/qemu/",
					"debugEnable":	"False",
					"domRuntimes":	["cpp"],
					"swRepo":	"",
					"mssOsVer":	"7.3",
					"mssFile":	"",
					"md5Digest":	"45b0abfe8235d9243f1629e877f9a4a5",
					"compatibleApp":	"",
					"domType":	"mssDomain",
					"arch":	"32-bit",
					"appSettings":	{
						"appCompilerFlags":	"",
						"appLinkerFlags":	""
					},
					"addedLibs":	[],
					"libOptions":	{
						"libsContainingOptions":	[]
					},
					"prebuiltLibs":	{
						"prebuiltIncPath":	[],
						"prebuiltLibPath":	[]
					},
					"isolation":	{
					}
				}]
		}]
}
TRACE::2026-09-21.16:51:00::SCWMssOS::Saving the mss changes /home/alexey/programming/systemverilog/ethernet_image_transfer/fpga/zynq_wrapper/zynq_fsbl/zynq_fsbl_bsp/system.mss
TRACE::2026-09-21.16:51:00::SCWMssOS::Found a swdesign opened with the mssfile.
TRACE::2026-09-21.16:51:00::SCWMssOS::Completed writemss as part of save.
TRACE::2026-09-21.16:51:00::SCWMssOS::Commit changes completed.
TRACE::2026-09-21.16:51:00::SCWPlatform::Trying to open the hw design at /home/alexey/programming/systemverilog/ethernet_image_transfer/fpga/zynq_wrapper/hw/zynq_wrapper.xsa
TRACE::2026-09-21.16:51:00::SCWPlatform::DSA given /home/alexey/programming/systemverilog/ethernet_image_transfer/fpga/zynq_wrapper/hw/zynq_wrapper.xsa
TRACE::2026-09-21.16:51:00::SCWPlatform::DSA absoulate path /home/alexey/programming/systemverilog/ethernet_image_transfer/fpga/zynq_wrapper/hw/zynq_wrapper.xsa
TRACE::2026-09-21.16:51:00::SCWPlatform::DSA directory /home/alexey/programming/systemverilog/ethernet_image_transfer/fpga/zynq_wrapper/hw
TRACE::2026-09-21.16:51:00::SCWPlatform:: Platform Path /home/alexey/programming/systemverilog/ethernet_image_transfer/fpga/zynq_wrapper/hw/zynq_wrapper.xsa
TRACE::2026-09-21.16:51:00::SCWPlatform:: Unique name xilinx:::0.0
TRACE::2026-09-21.16:51:00::SCWPlatform::Trying to set the existing hwdb with name zynq_wrapper_3
TRACE::2026-09-21.16:51:00::SCWPlatform::Opened existing hwdb zynq_wrapper_3
TRACE::2026-09-21.16:51:00::SCWPlatform::Found the Hw Db part of the input DSA
TRACE::2026-09-21.16:51:00::SCWMssOS::Checking the sw design at  /home/alexey/programming/systemverilog/ethernet_image_transfer/fpga/zynq_wrapper/zynq_fsbl/zynq_fsbl_bsp/system.mss
TRACE::2026-09-21.16:51:00::SCWMssOS::DEBUG:  swdes dump  /home/alexey/programming/systemverilog/ethernet_image_transfer/fpga/zynq_wrapper/ps7_cortexa9_0/standalone_ps7_cortexa9_0/bsp/system.mss|system_0||
/home/alexey/programming/systemverilog/ethernet_image_transfer/fpga/zynq_wrapper/zynq_fsbl/zynq_fsbl_bsp/system.mss|system||

TRACE::2026-09-21.16:51:00::SCWMssOS::Sw design exists and opened at  /home/alexey/programming/systemverilog/ethernet_image_transfer/fpga/zynq_wrapper/zynq_fsbl/zynq_fsbl_bsp/system.mss
TRACE::2026-09-21.16:51:00::SCWMssOS::Removing the swdes entry for  /home/alexey/programming/systemverilog/ethernet_image_transfer/fpga/zynq_wrapper/zynq_fsbl/zynq_fsbl_bsp/system.mss
TRACE::2026-09-21.16:51:09::SCWPlatform::Trying to open the hw design at /home/alexey/programming/systemverilog/ethernet_image_transfer/fpga/zynq_wrapper/hw/zynq_wrapper.xsa
TRACE::2026-09-21.16:51:09::SCWPlatform::DSA given /home/alexey/programming/systemverilog/ethernet_image_transfer/fpga/zynq_wrapper/hw/zynq_wrapper.xsa
TRACE::2026-09-21.16:51:09::SCWPlatform::DSA absoulate path /home/alexey/programming/systemverilog/ethernet_image_transfer/fpga/zynq_wrapper/hw/zynq_wrapper.xsa
TRACE::2026-09-21.16:51:09::SCWPlatform::DSA directory /home/alexey/programming/systemverilog/ethernet_image_transfer/fpga/zynq_wrapper/hw
TRACE::2026-09-21.16:51:09::SCWPlatform:: Platform Path /home/alexey/programming/systemverilog/ethernet_image_transfer/fpga/zynq_wrapper/hw/zynq_wrapper.xsa
TRACE::2026-09-21.16:51:09::SCWPlatform:: Unique name xilinx:::0.0
TRACE::2026-09-21.16:51:09::SCWPlatform::Trying to set the existing hwdb with name zynq_wrapper_3
TRACE::2026-09-21.16:51:09::SCWPlatform::Opened existing hwdb zynq_wrapper_3
TRACE::2026-09-21.16:51:09::SCWPlatform::Found the Hw Db part of the input DSA
TRACE::2026-09-21.16:51:09::SCWMssOS::Checking the sw design at  /home/alexey/programming/systemverilog/ethernet_image_transfer/fpga/zynq_wrapper/ps7_cortexa9_0/standalone_ps7_cortexa9_0/bsp/system.mss
TRACE::2026-09-21.16:51:09::SCWMssOS::DEBUG:  swdes dump  /home/alexey/programming/systemverilog/ethernet_image_transfer/fpga/zynq_wrapper/ps7_cortexa9_0/standalone_ps7_cortexa9_0/bsp/system.mss|system_0||

TRACE::2026-09-21.16:51:09::SCWMssOS::Sw design exists and opened at  /home/alexey/programming/systemverilog/ethernet_image_transfer/fpga/zynq_wrapper/ps7_cortexa9_0/standalone_ps7_cortexa9_0/bsp/system.mss
TRACE::2026-09-21.16:51:10::SCWMssOS::In reload Mss file.
TRACE::2026-09-21.16:51:10::SCWPlatform::Trying to open the hw design at /home/alexey/programming/systemverilog/ethernet_image_transfer/fpga/zynq_wrapper/hw/zynq_wrapper.xsa
TRACE::2026-09-21.16:51:10::SCWPlatform::DSA given /home/alexey/programming/systemverilog/ethernet_image_transfer/fpga/zynq_wrapper/hw/zynq_wrapper.xsa
TRACE::2026-09-21.16:51:10::SCWPlatform::DSA absoulate path /home/alexey/programming/systemverilog/ethernet_image_transfer/fpga/zynq_wrapper/hw/zynq_wrapper.xsa
TRACE::2026-09-21.16:51:10::SCWPlatform::DSA directory /home/alexey/programming/systemverilog/ethernet_image_transfer/fpga/zynq_wrapper/hw
TRACE::2026-09-21.16:51:10::SCWPlatform:: Platform Path /home/alexey/programming/systemverilog/ethernet_image_transfer/fpga/zynq_wrapper/hw/zynq_wrapper.xsa
TRACE::2026-09-21.16:51:10::SCWPlatform:: Unique name xilinx:::0.0
TRACE::2026-09-21.16:51:10::SCWPlatform::Trying to set the existing hwdb with name zynq_wrapper_3
TRACE::2026-09-21.16:51:10::SCWPlatform::Opened existing hwdb zynq_wrapper_3
TRACE::2026-09-21.16:51:10::SCWPlatform::Found the Hw Db part of the input DSA
TRACE::2026-09-21.16:51:10::SCWMssOS::Checking the sw design at  /home/alexey/programming/systemverilog/ethernet_image_transfer/fpga/zynq_wrapper/ps7_cortexa9_0/standalone_ps7_cortexa9_0/bsp/system.mss
TRACE::2026-09-21.16:51:10::SCWMssOS::DEBUG:  swdes dump  /home/alexey/programming/systemverilog/ethernet_image_transfer/fpga/zynq_wrapper/ps7_cortexa9_0/standalone_ps7_cortexa9_0/bsp/system.mss|system_0||

KEYINFO::2026-09-21.16:51:10::SCWMssOS::Could not open the swdb for system_0
KEYINFO::2026-09-21.16:51:10::SCWMssOS::Could not open the sw design at  system_0
ERROR: [Hsi 55-1558] Software Design system_0 is not found

TRACE::2026-09-21.16:51:10::SCWMssOS::Cleared the swdb table entry
TRACE::2026-09-21.16:51:10::SCWMssOS::No sw design opened at  /home/alexey/programming/systemverilog/ethernet_image_transfer/fpga/zynq_wrapper/ps7_cortexa9_0/standalone_ps7_cortexa9_0/bsp/system.mss
TRACE::2026-09-21.16:51:10::SCWMssOS::mss exists loading the mss file  /home/alexey/programming/systemverilog/ethernet_image_transfer/fpga/zynq_wrapper/ps7_cortexa9_0/standalone_ps7_cortexa9_0/bsp/system.mss
TRACE::2026-09-21.16:51:10::SCWMssOS::Opened the sw design from mss  /home/alexey/programming/systemverilog/ethernet_image_transfer/fpga/zynq_wrapper/ps7_cortexa9_0/standalone_ps7_cortexa9_0/bsp/system.mss
TRACE::2026-09-21.16:51:10::SCWMssOS::Adding the swdes entry /home/alexey/programming/systemverilog/ethernet_image_transfer/fpga/zynq_wrapper/ps7_cortexa9_0/standalone_ps7_cortexa9_0/bsp/system.mss with des name system
TRACE::2026-09-21.16:51:10::SCWMssOS::updating the scw layer about changes
TRACE::2026-09-21.16:51:10::SCWMssOS::Opened the sw design.  /home/alexey/programming/systemverilog/ethernet_image_transfer/fpga/zynq_wrapper/ps7_cortexa9_0/standalone_ps7_cortexa9_0/bsp/system.mss
TRACE::2026-09-21.16:51:10::SCWMssOS::Saving the mss changes /home/alexey/programming/systemverilog/ethernet_image_transfer/fpga/zynq_wrapper/ps7_cortexa9_0/standalone_ps7_cortexa9_0/bsp/system.mss
TRACE::2026-09-21.16:51:10::SCWMssOS::Found a swdesign opened with the mssfile.
TRACE::2026-09-21.16:51:10::SCWMssOS::Completed writemss as part of save.
TRACE::2026-09-21.16:51:10::SCWMssOS::Commit changes completed.
TRACE::2026-09-21.16:51:10::SCWPlatform::Trying to open the hw design at /home/alexey/programming/systemverilog/ethernet_image_transfer/fpga/zynq_wrapper/hw/zynq_wrapper.xsa
TRACE::2026-09-21.16:51:10::SCWPlatform::DSA given /home/alexey/programming/systemverilog/ethernet_image_transfer/fpga/zynq_wrapper/hw/zynq_wrapper.xsa
TRACE::2026-09-21.16:51:10::SCWPlatform::DSA absoulate path /home/alexey/programming/systemverilog/ethernet_image_transfer/fpga/zynq_wrapper/hw/zynq_wrapper.xsa
TRACE::2026-09-21.16:51:10::SCWPlatform::DSA directory /home/alexey/programming/systemverilog/ethernet_image_transfer/fpga/zynq_wrapper/hw
TRACE::2026-09-21.16:51:10::SCWPlatform:: Platform Path /home/alexey/programming/systemverilog/ethernet_image_transfer/fpga/zynq_wrapper/hw/zynq_wrapper.xsa
TRACE::2026-09-21.16:51:10::SCWPlatform:: Unique name xilinx:::0.0
TRACE::2026-09-21.16:51:10::SCWPlatform::Trying to set the existing hwdb with name zynq_wrapper_3
TRACE::2026-09-21.16:51:10::SCWPlatform::Opened existing hwdb zynq_wrapper_3
TRACE::2026-09-21.16:51:10::SCWPlatform::Found the Hw Db part of the input DSA
TRACE::2026-09-21.16:51:10::SCWMssOS::Checking the sw design at  /home/alexey/programming/systemverilog/ethernet_image_transfer/fpga/zynq_wrapper/ps7_cortexa9_0/standalone_ps7_cortexa9_0/bsp/system.mss
TRACE::2026-09-21.16:51:10::SCWMssOS::DEBUG:  swdes dump  /home/alexey/programming/systemverilog/ethernet_image_transfer/fpga/zynq_wrapper/ps7_cortexa9_0/standalone_ps7_cortexa9_0/bsp/system.mss|system||

TRACE::2026-09-21.16:51:10::SCWMssOS::Sw design exists and opened at  /home/alexey/programming/systemverilog/ethernet_image_transfer/fpga/zynq_wrapper/ps7_cortexa9_0/standalone_ps7_cortexa9_0/bsp/system.mss
TRACE::2026-09-21.16:51:10::SCWMssOS::Removing the swdes entry for  /home/alexey/programming/systemverilog/ethernet_image_transfer/fpga/zynq_wrapper/ps7_cortexa9_0/standalone_ps7_cortexa9_0/bsp/system.mss
TRACE::2026-09-21.16:51:12::SCWPlatform::Trying to open the hw design at /home/alexey/programming/systemverilog/ethernet_image_transfer/fpga/zynq_wrapper/hw/zynq_wrapper.xsa
TRACE::2026-09-21.16:51:12::SCWPlatform::DSA given /home/alexey/programming/systemverilog/ethernet_image_transfer/fpga/zynq_wrapper/hw/zynq_wrapper.xsa
TRACE::2026-09-21.16:51:12::SCWPlatform::DSA absoulate path /home/alexey/programming/systemverilog/ethernet_image_transfer/fpga/zynq_wrapper/hw/zynq_wrapper.xsa
TRACE::2026-09-21.16:51:12::SCWPlatform::DSA directory /home/alexey/programming/systemverilog/ethernet_image_transfer/fpga/zynq_wrapper/hw
TRACE::2026-09-21.16:51:12::SCWPlatform:: Platform Path /home/alexey/programming/systemverilog/ethernet_image_transfer/fpga/zynq_wrapper/hw/zynq_wrapper.xsa
TRACE::2026-09-21.16:51:12::SCWPlatform:: Unique name xilinx:::0.0
TRACE::2026-09-21.16:51:12::SCWPlatform::Trying to set the existing hwdb with name zynq_wrapper_3
TRACE::2026-09-21.16:51:12::SCWPlatform::Opened existing hwdb zynq_wrapper_3
TRACE::2026-09-21.16:51:12::SCWPlatform::Found the Hw Db part of the input DSA
TRACE::2026-09-21.16:51:12::SCWMssOS::Checking the sw design at  /home/alexey/programming/systemverilog/ethernet_image_transfer/fpga/zynq_wrapper/ps7_cortexa9_0/standalone_ps7_cortexa9_0/bsp/system.mss
TRACE::2026-09-21.16:51:12::SCWMssOS::DEBUG:  swdes dump  
TRACE::2026-09-21.16:51:12::SCWMssOS::No sw design opened at  /home/alexey/programming/systemverilog/ethernet_image_transfer/fpga/zynq_wrapper/ps7_cortexa9_0/standalone_ps7_cortexa9_0/bsp/system.mss
TRACE::2026-09-21.16:51:12::SCWMssOS::mss exists loading the mss file  /home/alexey/programming/systemverilog/ethernet_image_transfer/fpga/zynq_wrapper/ps7_cortexa9_0/standalone_ps7_cortexa9_0/bsp/system.mss
TRACE::2026-09-21.16:51:12::SCWMssOS::Opened the sw design from mss  /home/alexey/programming/systemverilog/ethernet_image_transfer/fpga/zynq_wrapper/ps7_cortexa9_0/standalone_ps7_cortexa9_0/bsp/system.mss
TRACE::2026-09-21.16:51:12::SCWMssOS::Adding the swdes entry /home/alexey/programming/systemverilog/ethernet_image_transfer/fpga/zynq_wrapper/ps7_cortexa9_0/standalone_ps7_cortexa9_0/bsp/system.mss with des name system
TRACE::2026-09-21.16:51:12::SCWMssOS::updating the scw layer about changes
TRACE::2026-09-21.16:51:12::SCWMssOS::Opened the sw design.  /home/alexey/programming/systemverilog/ethernet_image_transfer/fpga/zynq_wrapper/ps7_cortexa9_0/standalone_ps7_cortexa9_0/bsp/system.mss
TRACE::2026-09-21.16:51:16::SCWPlatform::Trying to open the hw design at /home/alexey/programming/systemverilog/ethernet_image_transfer/fpga/zynq_wrapper/hw/zynq_wrapper.xsa
TRACE::2026-09-21.16:51:16::SCWPlatform::DSA given /home/alexey/programming/systemverilog/ethernet_image_transfer/fpga/zynq_wrapper/hw/zynq_wrapper.xsa
TRACE::2026-09-21.16:51:16::SCWPlatform::DSA absoulate path /home/alexey/programming/systemverilog/ethernet_image_transfer/fpga/zynq_wrapper/hw/zynq_wrapper.xsa
TRACE::2026-09-21.16:51:16::SCWPlatform::DSA directory /home/alexey/programming/systemverilog/ethernet_image_transfer/fpga/zynq_wrapper/hw
TRACE::2026-09-21.16:51:16::SCWPlatform:: Platform Path /home/alexey/programming/systemverilog/ethernet_image_transfer/fpga/zynq_wrapper/hw/zynq_wrapper.xsa
TRACE::2026-09-21.16:51:16::SCWPlatform:: Unique name xilinx:::0.0
TRACE::2026-09-21.16:51:16::SCWPlatform::Trying to set the existing hwdb with name zynq_wrapper_3
TRACE::2026-09-21.16:51:16::SCWPlatform::Opened existing hwdb zynq_wrapper_3
TRACE::2026-09-21.16:51:16::SCWPlatform::Found the Hw Db part of the input DSA
TRACE::2026-09-21.16:51:16::SCWMssOS::Checking the sw design at  /home/alexey/programming/systemverilog/ethernet_image_transfer/fpga/zynq_wrapper/ps7_cortexa9_0/standalone_ps7_cortexa9_0/bsp/system.mss
TRACE::2026-09-21.16:51:16::SCWMssOS::DEBUG:  swdes dump  /home/alexey/programming/systemverilog/ethernet_image_transfer/fpga/zynq_wrapper/ps7_cortexa9_0/standalone_ps7_cortexa9_0/bsp/system.mss|system||

TRACE::2026-09-21.16:51:16::SCWMssOS::Sw design exists and opened at  /home/alexey/programming/systemverilog/ethernet_image_transfer/fpga/zynq_wrapper/ps7_cortexa9_0/standalone_ps7_cortexa9_0/bsp/system.mss
TRACE::2026-09-21.16:51:16::SCWMssOS::Adding Library:  lwip211:1.3
TRACE::2026-09-21.16:51:16::SCWMssOS::Added Library:  lwip211
TRACE::2026-09-21.16:51:16::SCWPlatform::Trying to open the hw design at /home/alexey/programming/systemverilog/ethernet_image_transfer/fpga/zynq_wrapper/hw/zynq_wrapper.xsa
TRACE::2026-09-21.16:51:16::SCWPlatform::DSA given /home/alexey/programming/systemverilog/ethernet_image_transfer/fpga/zynq_wrapper/hw/zynq_wrapper.xsa
TRACE::2026-09-21.16:51:16::SCWPlatform::DSA absoulate path /home/alexey/programming/systemverilog/ethernet_image_transfer/fpga/zynq_wrapper/hw/zynq_wrapper.xsa
TRACE::2026-09-21.16:51:16::SCWPlatform::DSA directory /home/alexey/programming/systemverilog/ethernet_image_transfer/fpga/zynq_wrapper/hw
TRACE::2026-09-21.16:51:16::SCWPlatform:: Platform Path /home/alexey/programming/systemverilog/ethernet_image_transfer/fpga/zynq_wrapper/hw/zynq_wrapper.xsa
TRACE::2026-09-21.16:51:16::SCWPlatform:: Unique name xilinx:::0.0
TRACE::2026-09-21.16:51:16::SCWPlatform::Trying to set the existing hwdb with name zynq_wrapper_3
TRACE::2026-09-21.16:51:16::SCWPlatform::Opened existing hwdb zynq_wrapper_3
TRACE::2026-09-21.16:51:16::SCWPlatform::Found the Hw Db part of the input DSA
TRACE::2026-09-21.16:51:16::SCWMssOS::Checking the sw design at  /home/alexey/programming/systemverilog/ethernet_image_transfer/fpga/zynq_wrapper/ps7_cortexa9_0/standalone_ps7_cortexa9_0/bsp/system.mss
TRACE::2026-09-21.16:51:16::SCWMssOS::DEBUG:  swdes dump  /home/alexey/programming/systemverilog/ethernet_image_transfer/fpga/zynq_wrapper/ps7_cortexa9_0/standalone_ps7_cortexa9_0/bsp/system.mss|system||

TRACE::2026-09-21.16:51:16::SCWMssOS::Sw design exists and opened at  /home/alexey/programming/systemverilog/ethernet_image_transfer/fpga/zynq_wrapper/ps7_cortexa9_0/standalone_ps7_cortexa9_0/bsp/system.mss
TRACE::2026-09-21.16:51:17::SCWPlatform::Trying to open the hw design at /home/alexey/programming/systemverilog/ethernet_image_transfer/fpga/zynq_wrapper/hw/zynq_wrapper.xsa
TRACE::2026-09-21.16:51:17::SCWPlatform::DSA given /home/alexey/programming/systemverilog/ethernet_image_transfer/fpga/zynq_wrapper/hw/zynq_wrapper.xsa
TRACE::2026-09-21.16:51:17::SCWPlatform::DSA absoulate path /home/alexey/programming/systemverilog/ethernet_image_transfer/fpga/zynq_wrapper/hw/zynq_wrapper.xsa
TRACE::2026-09-21.16:51:17::SCWPlatform::DSA directory /home/alexey/programming/systemverilog/ethernet_image_transfer/fpga/zynq_wrapper/hw
TRACE::2026-09-21.16:51:17::SCWPlatform:: Platform Path /home/alexey/programming/systemverilog/ethernet_image_transfer/fpga/zynq_wrapper/hw/zynq_wrapper.xsa
TRACE::2026-09-21.16:51:17::SCWPlatform:: Unique name xilinx:::0.0
TRACE::2026-09-21.16:51:17::SCWPlatform::Trying to set the existing hwdb with name zynq_wrapper_3
TRACE::2026-09-21.16:51:17::SCWPlatform::Opened existing hwdb zynq_wrapper_3
TRACE::2026-09-21.16:51:17::SCWPlatform::Found the Hw Db part of the input DSA
TRACE::2026-09-21.16:51:17::SCWMssOS::Checking the sw design at  /home/alexey/programming/systemverilog/ethernet_image_transfer/fpga/zynq_wrapper/ps7_cortexa9_0/standalone_ps7_cortexa9_0/bsp/system.mss
TRACE::2026-09-21.16:51:17::SCWMssOS::DEBUG:  swdes dump  /home/alexey/programming/systemverilog/ethernet_image_transfer/fpga/zynq_wrapper/ps7_cortexa9_0/standalone_ps7_cortexa9_0/bsp/system.mss|system||

TRACE::2026-09-21.16:51:17::SCWMssOS::Sw design exists and opened at  /home/alexey/programming/systemverilog/ethernet_image_transfer/fpga/zynq_wrapper/ps7_cortexa9_0/standalone_ps7_cortexa9_0/bsp/system.mss
TRACE::2026-09-21.16:51:19::SCWMssOS::Saving the mss changes /home/alexey/programming/systemverilog/ethernet_image_transfer/fpga/zynq_wrapper/zynq_fsbl/zynq_fsbl_bsp/system.mss
TRACE::2026-09-21.16:51:19::SCWMssOS::Adding the swdes entry, mss present, able to open swdb /home/alexey/programming/systemverilog/ethernet_image_transfer/fpga/zynq_wrapper/zynq_fsbl/zynq_fsbl_bsp/system.mss with des name system_0
TRACE::2026-09-21.16:51:19::SCWMssOS::Writing the mss file completed /home/alexey/programming/systemverilog/ethernet_image_transfer/fpga/zynq_wrapper/zynq_fsbl/zynq_fsbl_bsp/system.mss
TRACE::2026-09-21.16:51:19::SCWMssOS::Commit changes completed.
TRACE::2026-09-21.16:51:19::SCWMssOS::Saving the mss changes /home/alexey/programming/systemverilog/ethernet_image_transfer/fpga/zynq_wrapper/ps7_cortexa9_0/standalone_ps7_cortexa9_0/bsp/system.mss
TRACE::2026-09-21.16:51:19::SCWMssOS::Found a swdesign opened with the mssfile.
TRACE::2026-09-21.16:51:19::SCWMssOS::Completed writemss as part of save.
TRACE::2026-09-21.16:51:19::SCWMssOS::Commit changes completed.
TRACE::2026-09-21.16:51:19::SCWPlatform::Trying to open the hw design at /home/alexey/programming/systemverilog/ethernet_image_transfer/fpga/zynq_wrapper/hw/zynq_wrapper.xsa
TRACE::2026-09-21.16:51:19::SCWPlatform::DSA given /home/alexey/programming/systemverilog/ethernet_image_transfer/fpga/zynq_wrapper/hw/zynq_wrapper.xsa
TRACE::2026-09-21.16:51:19::SCWPlatform::DSA absoulate path /home/alexey/programming/systemverilog/ethernet_image_transfer/fpga/zynq_wrapper/hw/zynq_wrapper.xsa
TRACE::2026-09-21.16:51:19::SCWPlatform::DSA directory /home/alexey/programming/systemverilog/ethernet_image_transfer/fpga/zynq_wrapper/hw
TRACE::2026-09-21.16:51:19::SCWPlatform:: Platform Path /home/alexey/programming/systemverilog/ethernet_image_transfer/fpga/zynq_wrapper/hw/zynq_wrapper.xsa
TRACE::2026-09-21.16:51:19::SCWPlatform:: Unique name xilinx:::0.0
TRACE::2026-09-21.16:51:19::SCWPlatform::Trying to set the existing hwdb with name zynq_wrapper_3
TRACE::2026-09-21.16:51:19::SCWPlatform::Opened existing hwdb zynq_wrapper_3
TRACE::2026-09-21.16:51:19::SCWPlatform::Found the Hw Db part of the input DSA
TRACE::2026-09-21.16:51:19::SCWMssOS::Checking the sw design at  /home/alexey/programming/systemverilog/ethernet_image_transfer/fpga/zynq_wrapper/zynq_fsbl/zynq_fsbl_bsp/system.mss
TRACE::2026-09-21.16:51:19::SCWMssOS::DEBUG:  swdes dump  /home/alexey/programming/systemverilog/ethernet_image_transfer/fpga/zynq_wrapper/ps7_cortexa9_0/standalone_ps7_cortexa9_0/bsp/system.mss|system||
/home/alexey/programming/systemverilog/ethernet_image_transfer/fpga/zynq_wrapper/zynq_fsbl/zynq_fsbl_bsp/system.mss|system_0||

TRACE::2026-09-21.16:51:19::SCWMssOS::Sw design exists and opened at  /home/alexey/programming/systemverilog/ethernet_image_transfer/fpga/zynq_wrapper/zynq_fsbl/zynq_fsbl_bsp/system.mss
TRACE::2026-09-21.16:51:19::SCWPlatform::Trying to open the hw design at /home/alexey/programming/systemverilog/ethernet_image_transfer/fpga/zynq_wrapper/hw/zynq_wrapper.xsa
TRACE::2026-09-21.16:51:19::SCWPlatform::DSA given /home/alexey/programming/systemverilog/ethernet_image_transfer/fpga/zynq_wrapper/hw/zynq_wrapper.xsa
TRACE::2026-09-21.16:51:19::SCWPlatform::DSA absoulate path /home/alexey/programming/systemverilog/ethernet_image_transfer/fpga/zynq_wrapper/hw/zynq_wrapper.xsa
TRACE::2026-09-21.16:51:19::SCWPlatform::DSA directory /home/alexey/programming/systemverilog/ethernet_image_transfer/fpga/zynq_wrapper/hw
TRACE::2026-09-21.16:51:19::SCWPlatform:: Platform Path /home/alexey/programming/systemverilog/ethernet_image_transfer/fpga/zynq_wrapper/hw/zynq_wrapper.xsa
TRACE::2026-09-21.16:51:19::SCWPlatform:: Unique name xilinx:::0.0
TRACE::2026-09-21.16:51:19::SCWPlatform::Trying to set the existing hwdb with name zynq_wrapper_3
TRACE::2026-09-21.16:51:19::SCWPlatform::Opened existing hwdb zynq_wrapper_3
TRACE::2026-09-21.16:51:19::SCWPlatform::Found the Hw Db part of the input DSA
TRACE::2026-09-21.16:51:19::SCWMssOS::Checking the sw design at  /home/alexey/programming/systemverilog/ethernet_image_transfer/fpga/zynq_wrapper/ps7_cortexa9_0/standalone_ps7_cortexa9_0/bsp/system.mss
TRACE::2026-09-21.16:51:19::SCWMssOS::DEBUG:  swdes dump  /home/alexey/programming/systemverilog/ethernet_image_transfer/fpga/zynq_wrapper/ps7_cortexa9_0/standalone_ps7_cortexa9_0/bsp/system.mss|system||
/home/alexey/programming/systemverilog/ethernet_image_transfer/fpga/zynq_wrapper/zynq_fsbl/zynq_fsbl_bsp/system.mss|system_0||

TRACE::2026-09-21.16:51:19::SCWMssOS::Sw design exists and opened at  /home/alexey/programming/systemverilog/ethernet_image_transfer/fpga/zynq_wrapper/ps7_cortexa9_0/standalone_ps7_cortexa9_0/bsp/system.mss
TRACE::2026-09-21.16:51:19::SCWWriter::formatted JSON is {
	"platformName":	"zynq_wrapper",
	"sprVersion":	"2.0",
	"mode":	"gui",
	"dsaType":	"Fixed",
	"platformDesc":	"zynq_wrapper",
	"platHandOff":	"<platformDir>.xsa",
	"platIntHandOff":	"<platformDir>/hw/zynq_wrapper.xsa",
	"deviceType":	"zynq",
	"platIsPrebuiltAutogen":	"false",
	"platIsNoBootBsp":	"false",
	"hasFsblMakeHasChanges":	"false",
	"hasPmufwMakeHasChanges":	"false",
	"fsblExtraCompilerFlags":	"-MMD -MP       -mcpu=cortex-a9 -mfpu=vfpv3 -mfloat-abi=hard ",
	"platPreBuiltFlag":	false,
	"platformSamplesDir":	"",
	"platActiveSys":	"zynq_wrapper",
	"systems":	[{
			"systemName":	"zynq_wrapper",
			"systemDesc":	"zynq_wrapper",
			"sysIsBootAutoGen":	"true",
			"systemDispName":	"zynq_wrapper",
			"sysActiveDom":	"standalone_ps7_cortexa9_0",
			"sysDefaultDom":	"standalone_ps7_cortexa9_0",
			"domains":	[{
					"domainName":	"zynq_fsbl",
					"domainDispName":	"zynq_fsbl",
					"domainDesc":	"FSBL Application BSP - Auto Generated.",
					"processors":	"ps7_cortexa9_0",
					"os":	"standalone",
					"sdxOs":	"standalone",
					"debugEnable":	"",
					"domRuntimes":	["cpp"],
					"swRepo":	"",
					"mssOsVer":	"7.3",
					"mssFile":	"",
					"md5Digest":	"02611ff010f3535202adf0baa1ae5f02",
					"compatibleApp":	"zynq_fsbl",
					"domType":	"bootDomain",
					"arch":	"32-bit",
					"appSettings":	{
						"appCompilerFlags":	"",
						"appLinkerFlags":	""
					},
					"addedLibs":	["xilffs:4.4", "xilrsa:1.6", "lwip211:1.3"],
					"libOptions":	{
						"libsContainingOptions":	[]
					},
					"prebuiltLibs":	{
						"prebuiltIncPath":	[],
						"prebuiltLibPath":	[]
					},
					"isolation":	{
					}
				}, {
					"domainName":	"standalone_ps7_cortexa9_0",
					"domainDispName":	"standalone_ps7_cortexa9_0",
					"domainDesc":	"standalone_ps7_cortexa9_0",
					"processors":	"ps7_cortexa9_0",
					"os":	"standalone",
					"sdxOs":	"standalone",
					"qemuArgs":	"/home/alexey/Xilinx/Vitis/2020.2/data/emulation/platforms/zynq/sw/a9_standalone/qemu/qemu_args.txt",
					"qemuData":	"/home/alexey/Xilinx/Vitis/2020.2/data/emulation/platforms/zynq/sw/a9_standalone/qemu/",
					"debugEnable":	"False",
					"domRuntimes":	["cpp"],
					"swRepo":	"",
					"mssOsVer":	"7.3",
					"mssFile":	"",
					"md5Digest":	"45b0abfe8235d9243f1629e877f9a4a5",
					"compatibleApp":	"",
					"domType":	"mssDomain",
					"arch":	"32-bit",
					"appSettings":	{
						"appCompilerFlags":	"",
						"appLinkerFlags":	""
					},
					"addedLibs":	[],
					"libOptions":	{
						"libsContainingOptions":	[]
					},
					"prebuiltLibs":	{
						"prebuiltIncPath":	[],
						"prebuiltLibPath":	[]
					},
					"isolation":	{
					}
				}]
		}]
}
TRACE::2026-09-21.16:51:19::SCWMssOS::Saving the mss changes /home/alexey/programming/systemverilog/ethernet_image_transfer/fpga/zynq_wrapper/ps7_cortexa9_0/standalone_ps7_cortexa9_0/bsp/system.mss
TRACE::2026-09-21.16:51:19::SCWMssOS::Found a swdesign opened with the mssfile.
TRACE::2026-09-21.16:51:19::SCWMssOS::Completed writemss as part of save.
TRACE::2026-09-21.16:51:19::SCWMssOS::Commit changes completed.
TRACE::2026-09-21.16:51:19::SCWPlatform::Trying to open the hw design at /home/alexey/programming/systemverilog/ethernet_image_transfer/fpga/zynq_wrapper/hw/zynq_wrapper.xsa
TRACE::2026-09-21.16:51:19::SCWPlatform::DSA given /home/alexey/programming/systemverilog/ethernet_image_transfer/fpga/zynq_wrapper/hw/zynq_wrapper.xsa
TRACE::2026-09-21.16:51:19::SCWPlatform::DSA absoulate path /home/alexey/programming/systemverilog/ethernet_image_transfer/fpga/zynq_wrapper/hw/zynq_wrapper.xsa
TRACE::2026-09-21.16:51:19::SCWPlatform::DSA directory /home/alexey/programming/systemverilog/ethernet_image_transfer/fpga/zynq_wrapper/hw
TRACE::2026-09-21.16:51:19::SCWPlatform:: Platform Path /home/alexey/programming/systemverilog/ethernet_image_transfer/fpga/zynq_wrapper/hw/zynq_wrapper.xsa
TRACE::2026-09-21.16:51:19::SCWPlatform:: Unique name xilinx:::0.0
TRACE::2026-09-21.16:51:19::SCWPlatform::Trying to set the existing hwdb with name zynq_wrapper_3
TRACE::2026-09-21.16:51:19::SCWPlatform::Opened existing hwdb zynq_wrapper_3
TRACE::2026-09-21.16:51:19::SCWPlatform::Found the Hw Db part of the input DSA
TRACE::2026-09-21.16:51:19::SCWMssOS::Checking the sw design at  /home/alexey/programming/systemverilog/ethernet_image_transfer/fpga/zynq_wrapper/ps7_cortexa9_0/standalone_ps7_cortexa9_0/bsp/system.mss
TRACE::2026-09-21.16:51:19::SCWMssOS::DEBUG:  swdes dump  /home/alexey/programming/systemverilog/ethernet_image_transfer/fpga/zynq_wrapper/ps7_cortexa9_0/standalone_ps7_cortexa9_0/bsp/system.mss|system||
/home/alexey/programming/systemverilog/ethernet_image_transfer/fpga/zynq_wrapper/zynq_fsbl/zynq_fsbl_bsp/system.mss|system_0||

TRACE::2026-09-21.16:51:19::SCWMssOS::Sw design exists and opened at  /home/alexey/programming/systemverilog/ethernet_image_transfer/fpga/zynq_wrapper/ps7_cortexa9_0/standalone_ps7_cortexa9_0/bsp/system.mss
TRACE::2026-09-21.16:51:19::SCWMssOS::Removing the swdes entry for  /home/alexey/programming/systemverilog/ethernet_image_transfer/fpga/zynq_wrapper/ps7_cortexa9_0/standalone_ps7_cortexa9_0/bsp/system.mss
LOG::2026-09-21.16:51:50::SCWPlatform::Started generating the artifacts platform zynq_wrapper
TRACE::2026-09-21.16:51:50::SCWPlatform::Sanity checking of platform is completed
LOG::2026-09-21.16:51:50::SCWPlatform::Started generating the artifacts for system configuration zynq_wrapper
LOG::2026-09-21.16:51:50::SCWSystem::Checking the domain zynq_fsbl
LOG::2026-09-21.16:51:50::SCWSystem::Doing application build for :  zynq_fsbl
TRACE::2026-09-21.16:51:50::SCWBDomain::Not a forced makefile updation, No changes are present. 
TRACE::2026-09-21.16:51:50::SCWDomain::Skipping the build for domain :  zynq_fsbl
LOG::2026-09-21.16:51:50::SCWSystem::Checking the domain standalone_ps7_cortexa9_0
LOG::2026-09-21.16:51:50::SCWSystem::Not a boot domain 
LOG::2026-09-21.16:51:50::SCWSystem::Started Processing the domain standalone_ps7_cortexa9_0
TRACE::2026-09-21.16:51:50::SCWDomain::Generating domain artifcats
TRACE::2026-09-21.16:51:50::SCWMssOS::Generating standalone artifcats
TRACE::2026-09-21.16:51:50::SCWMssOS::Copying the qemu file from  /home/alexey/Xilinx/Vitis/2020.2/data/emulation/platforms/zynq/sw/a9_standalone/qemu/qemu_args.txt To /home/alexey/programming/systemverilog/ethernet_image_transfer/fpga/zynq_wrapper/export/zynq_wrapper/sw/zynq_wrapper/qemu/
TRACE::2026-09-21.16:51:50::SCWMssOS::Copying the qemu file from  /home/alexey/Xilinx/Vitis/2020.2/data/emulation/platforms/zynq/sw/a9_standalone/qemu/qemu_args.txt To /home/alexey/programming/systemverilog/ethernet_image_transfer/fpga/zynq_wrapper/export/zynq_wrapper/sw/zynq_wrapper/standalone_ps7_cortexa9_0/qemu/
TRACE::2026-09-21.16:51:50::SCWMssOS:: Copying the user libraries. 
TRACE::2026-09-21.16:51:50::SCWPlatform::Trying to open the hw design at /home/alexey/programming/systemverilog/ethernet_image_transfer/fpga/zynq_wrapper/hw/zynq_wrapper.xsa
TRACE::2026-09-21.16:51:50::SCWPlatform::DSA given /home/alexey/programming/systemverilog/ethernet_image_transfer/fpga/zynq_wrapper/hw/zynq_wrapper.xsa
TRACE::2026-09-21.16:51:50::SCWPlatform::DSA absoulate path /home/alexey/programming/systemverilog/ethernet_image_transfer/fpga/zynq_wrapper/hw/zynq_wrapper.xsa
TRACE::2026-09-21.16:51:50::SCWPlatform::DSA directory /home/alexey/programming/systemverilog/ethernet_image_transfer/fpga/zynq_wrapper/hw
TRACE::2026-09-21.16:51:50::SCWPlatform:: Platform Path /home/alexey/programming/systemverilog/ethernet_image_transfer/fpga/zynq_wrapper/hw/zynq_wrapper.xsa
TRACE::2026-09-21.16:51:50::SCWPlatform:: Unique name xilinx:::0.0
TRACE::2026-09-21.16:51:50::SCWPlatform::Trying to set the existing hwdb with name zynq_wrapper_3
TRACE::2026-09-21.16:51:50::SCWPlatform::Opened existing hwdb zynq_wrapper_3
TRACE::2026-09-21.16:51:50::SCWPlatform::Found the Hw Db part of the input DSA
TRACE::2026-09-21.16:51:50::SCWMssOS::Checking the sw design at  /home/alexey/programming/systemverilog/ethernet_image_transfer/fpga/zynq_wrapper/ps7_cortexa9_0/standalone_ps7_cortexa9_0/bsp/system.mss
TRACE::2026-09-21.16:51:50::SCWMssOS::DEBUG:  swdes dump  /home/alexey/programming/systemverilog/ethernet_image_transfer/fpga/zynq_wrapper/zynq_fsbl/zynq_fsbl_bsp/system.mss|system_0||

TRACE::2026-09-21.16:51:50::SCWMssOS::No sw design opened at  /home/alexey/programming/systemverilog/ethernet_image_transfer/fpga/zynq_wrapper/ps7_cortexa9_0/standalone_ps7_cortexa9_0/bsp/system.mss
TRACE::2026-09-21.16:51:50::SCWMssOS::mss exists loading the mss file  /home/alexey/programming/systemverilog/ethernet_image_transfer/fpga/zynq_wrapper/ps7_cortexa9_0/standalone_ps7_cortexa9_0/bsp/system.mss
TRACE::2026-09-21.16:51:50::SCWMssOS::Opened the sw design from mss  /home/alexey/programming/systemverilog/ethernet_image_transfer/fpga/zynq_wrapper/ps7_cortexa9_0/standalone_ps7_cortexa9_0/bsp/system.mss
TRACE::2026-09-21.16:51:50::SCWMssOS::Adding the swdes entry /home/alexey/programming/systemverilog/ethernet_image_transfer/fpga/zynq_wrapper/ps7_cortexa9_0/standalone_ps7_cortexa9_0/bsp/system.mss with des name system
TRACE::2026-09-21.16:51:50::SCWMssOS::updating the scw layer about changes
TRACE::2026-09-21.16:51:50::SCWMssOS::Opened the sw design.  /home/alexey/programming/systemverilog/ethernet_image_transfer/fpga/zynq_wrapper/ps7_cortexa9_0/standalone_ps7_cortexa9_0/bsp/system.mss
TRACE::2026-09-21.16:51:50::SCWMssOS::Completed writing the mss file at /home/alexey/programming/systemverilog/ethernet_image_transfer/fpga/zynq_wrapper/ps7_cortexa9_0/standalone_ps7_cortexa9_0/bsp
TRACE::2026-09-21.16:51:50::SCWMssOS::Mss edits present, copying mssfile into export location /home/alexey/programming/systemverilog/ethernet_image_transfer/fpga/zynq_wrapper/ps7_cortexa9_0/standalone_ps7_cortexa9_0/bsp/system.mss
TRACE::2026-09-21.16:51:50::SCWMssOS::bsp generated is upto date with the mss file. Skipping bsp generation.
TRACE::2026-09-21.16:51:50::SCWMssOS::BSP is already built. skipping the bsp build ... 
TRACE::2026-09-21.16:51:50::SCWDomain::Skipping the build for domain :  standalone_ps7_cortexa9_0
TRACE::2026-09-21.16:51:50::SCWMssOS::skipping the bsp build ... 
TRACE::2026-09-21.16:51:50::SCWMssOS::Copying to export directory.
TRACE::2026-09-21.16:51:50::SCWMssOS:: Checking if to create the Supporting Applications
TRACE::2026-09-21.16:51:50::SCWMssOS:: No Linux domain exists, trying to generate FSBL 
LOG::2026-09-21.16:51:50::SCWSystem::Completed Processing the domain standalone_ps7_cortexa9_0
LOG::2026-09-21.16:51:50::SCWSystem::Completed Processing the sysconfig zynq_wrapper
LOG::2026-09-21.16:51:50::SCWPlatform::Completed generating the artifacts for system configuration zynq_wrapper
TRACE::2026-09-21.16:51:50::SCWPlatform::Started preparing the platform 
TRACE::2026-09-21.16:51:50::SCWSystem::Writing the bif file for system config zynq_wrapper
TRACE::2026-09-21.16:51:50::SCWSystem::dir created 
TRACE::2026-09-21.16:51:50::SCWSystem::Writing the bif 
TRACE::2026-09-21.16:51:50::SCWPlatform::Started writing the spfm file 
TRACE::2026-09-21.16:51:50::SCWPlatform::Started writing the xpfm file 
TRACE::2026-09-21.16:51:50::SCWPlatform::Completed generating the platform
TRACE::2026-09-21.16:51:50::SCWMssOS::Saving the mss changes /home/alexey/programming/systemverilog/ethernet_image_transfer/fpga/zynq_wrapper/zynq_fsbl/zynq_fsbl_bsp/system.mss
TRACE::2026-09-21.16:51:50::SCWMssOS::Found a swdesign opened with the mssfile.
TRACE::2026-09-21.16:51:50::SCWMssOS::Completed writemss as part of save.
TRACE::2026-09-21.16:51:50::SCWMssOS::Commit changes completed.
TRACE::2026-09-21.16:51:50::SCWMssOS::Saving the mss changes /home/alexey/programming/systemverilog/ethernet_image_transfer/fpga/zynq_wrapper/ps7_cortexa9_0/standalone_ps7_cortexa9_0/bsp/system.mss
TRACE::2026-09-21.16:51:50::SCWMssOS::Found a swdesign opened with the mssfile.
TRACE::2026-09-21.16:51:50::SCWMssOS::Completed writemss as part of save.
TRACE::2026-09-21.16:51:50::SCWMssOS::Commit changes completed.
TRACE::2026-09-21.16:51:50::SCWPlatform::Trying to open the hw design at /home/alexey/programming/systemverilog/ethernet_image_transfer/fpga/zynq_wrapper/hw/zynq_wrapper.xsa
TRACE::2026-09-21.16:51:50::SCWPlatform::DSA given /home/alexey/programming/systemverilog/ethernet_image_transfer/fpga/zynq_wrapper/hw/zynq_wrapper.xsa
TRACE::2026-09-21.16:51:50::SCWPlatform::DSA absoulate path /home/alexey/programming/systemverilog/ethernet_image_transfer/fpga/zynq_wrapper/hw/zynq_wrapper.xsa
TRACE::2026-09-21.16:51:50::SCWPlatform::DSA directory /home/alexey/programming/systemverilog/ethernet_image_transfer/fpga/zynq_wrapper/hw
TRACE::2026-09-21.16:51:50::SCWPlatform:: Platform Path /home/alexey/programming/systemverilog/ethernet_image_transfer/fpga/zynq_wrapper/hw/zynq_wrapper.xsa
TRACE::2026-09-21.16:51:50::SCWPlatform:: Unique name xilinx:::0.0
TRACE::2026-09-21.16:51:50::SCWPlatform::Trying to set the existing hwdb with name zynq_wrapper_3
TRACE::2026-09-21.16:51:50::SCWPlatform::Opened existing hwdb zynq_wrapper_3
TRACE::2026-09-21.16:51:50::SCWPlatform::Found the Hw Db part of the input DSA
TRACE::2026-09-21.16:51:50::SCWMssOS::Checking the sw design at  /home/alexey/programming/systemverilog/ethernet_image_transfer/fpga/zynq_wrapper/zynq_fsbl/zynq_fsbl_bsp/system.mss
TRACE::2026-09-21.16:51:50::SCWMssOS::DEBUG:  swdes dump  /home/alexey/programming/systemverilog/ethernet_image_transfer/fpga/zynq_wrapper/ps7_cortexa9_0/standalone_ps7_cortexa9_0/bsp/system.mss|system||
/home/alexey/programming/systemverilog/ethernet_image_transfer/fpga/zynq_wrapper/zynq_fsbl/zynq_fsbl_bsp/system.mss|system_0||

TRACE::2026-09-21.16:51:50::SCWMssOS::Sw design exists and opened at  /home/alexey/programming/systemverilog/ethernet_image_transfer/fpga/zynq_wrapper/zynq_fsbl/zynq_fsbl_bsp/system.mss
TRACE::2026-09-21.16:51:50::SCWPlatform::Trying to open the hw design at /home/alexey/programming/systemverilog/ethernet_image_transfer/fpga/zynq_wrapper/hw/zynq_wrapper.xsa
TRACE::2026-09-21.16:51:50::SCWPlatform::DSA given /home/alexey/programming/systemverilog/ethernet_image_transfer/fpga/zynq_wrapper/hw/zynq_wrapper.xsa
TRACE::2026-09-21.16:51:50::SCWPlatform::DSA absoulate path /home/alexey/programming/systemverilog/ethernet_image_transfer/fpga/zynq_wrapper/hw/zynq_wrapper.xsa
TRACE::2026-09-21.16:51:50::SCWPlatform::DSA directory /home/alexey/programming/systemverilog/ethernet_image_transfer/fpga/zynq_wrapper/hw
TRACE::2026-09-21.16:51:50::SCWPlatform:: Platform Path /home/alexey/programming/systemverilog/ethernet_image_transfer/fpga/zynq_wrapper/hw/zynq_wrapper.xsa
TRACE::2026-09-21.16:51:50::SCWPlatform:: Unique name xilinx:::0.0
TRACE::2026-09-21.16:51:50::SCWPlatform::Trying to set the existing hwdb with name zynq_wrapper_3
TRACE::2026-09-21.16:51:50::SCWPlatform::Opened existing hwdb zynq_wrapper_3
TRACE::2026-09-21.16:51:50::SCWPlatform::Found the Hw Db part of the input DSA
TRACE::2026-09-21.16:51:50::SCWMssOS::Checking the sw design at  /home/alexey/programming/systemverilog/ethernet_image_transfer/fpga/zynq_wrapper/ps7_cortexa9_0/standalone_ps7_cortexa9_0/bsp/system.mss
TRACE::2026-09-21.16:51:50::SCWMssOS::DEBUG:  swdes dump  /home/alexey/programming/systemverilog/ethernet_image_transfer/fpga/zynq_wrapper/ps7_cortexa9_0/standalone_ps7_cortexa9_0/bsp/system.mss|system||
/home/alexey/programming/systemverilog/ethernet_image_transfer/fpga/zynq_wrapper/zynq_fsbl/zynq_fsbl_bsp/system.mss|system_0||

TRACE::2026-09-21.16:51:50::SCWMssOS::Sw design exists and opened at  /home/alexey/programming/systemverilog/ethernet_image_transfer/fpga/zynq_wrapper/ps7_cortexa9_0/standalone_ps7_cortexa9_0/bsp/system.mss
TRACE::2026-09-21.16:51:50::SCWWriter::formatted JSON is {
	"platformName":	"zynq_wrapper",
	"sprVersion":	"2.0",
	"mode":	"gui",
	"dsaType":	"Fixed",
	"platformDesc":	"zynq_wrapper",
	"platHandOff":	"<platformDir>.xsa",
	"platIntHandOff":	"<platformDir>/hw/zynq_wrapper.xsa",
	"deviceType":	"zynq",
	"platIsPrebuiltAutogen":	"false",
	"platIsNoBootBsp":	"false",
	"hasFsblMakeHasChanges":	"false",
	"hasPmufwMakeHasChanges":	"false",
	"fsblExtraCompilerFlags":	"-MMD -MP       -mcpu=cortex-a9 -mfpu=vfpv3 -mfloat-abi=hard ",
	"platPreBuiltFlag":	false,
	"platformSamplesDir":	"",
	"platActiveSys":	"zynq_wrapper",
	"systems":	[{
			"systemName":	"zynq_wrapper",
			"systemDesc":	"zynq_wrapper",
			"sysIsBootAutoGen":	"true",
			"systemDispName":	"zynq_wrapper",
			"sysActiveDom":	"standalone_ps7_cortexa9_0",
			"sysDefaultDom":	"standalone_ps7_cortexa9_0",
			"domains":	[{
					"domainName":	"zynq_fsbl",
					"domainDispName":	"zynq_fsbl",
					"domainDesc":	"FSBL Application BSP - Auto Generated.",
					"processors":	"ps7_cortexa9_0",
					"os":	"standalone",
					"sdxOs":	"standalone",
					"debugEnable":	"",
					"domRuntimes":	["cpp"],
					"swRepo":	"",
					"mssOsVer":	"7.3",
					"mssFile":	"",
					"md5Digest":	"02611ff010f3535202adf0baa1ae5f02",
					"compatibleApp":	"zynq_fsbl",
					"domType":	"bootDomain",
					"arch":	"32-bit",
					"appSettings":	{
						"appCompilerFlags":	"",
						"appLinkerFlags":	""
					},
					"addedLibs":	["xilffs:4.4", "xilrsa:1.6", "lwip211:1.3"],
					"libOptions":	{
						"libsContainingOptions":	[]
					},
					"prebuiltLibs":	{
						"prebuiltIncPath":	[],
						"prebuiltLibPath":	[]
					},
					"isolation":	{
					}
				}, {
					"domainName":	"standalone_ps7_cortexa9_0",
					"domainDispName":	"standalone_ps7_cortexa9_0",
					"domainDesc":	"standalone_ps7_cortexa9_0",
					"processors":	"ps7_cortexa9_0",
					"os":	"standalone",
					"sdxOs":	"standalone",
					"qemuArgs":	"/home/alexey/Xilinx/Vitis/2020.2/data/emulation/platforms/zynq/sw/a9_standalone/qemu/qemu_args.txt",
					"qemuData":	"/home/alexey/Xilinx/Vitis/2020.2/data/emulation/platforms/zynq/sw/a9_standalone/qemu/",
					"debugEnable":	"False",
					"domRuntimes":	["cpp"],
					"swRepo":	"",
					"mssOsVer":	"7.3",
					"mssFile":	"",
					"md5Digest":	"45b0abfe8235d9243f1629e877f9a4a5",
					"compatibleApp":	"",
					"domType":	"mssDomain",
					"arch":	"32-bit",
					"appSettings":	{
						"appCompilerFlags":	"",
						"appLinkerFlags":	""
					},
					"addedLibs":	[],
					"libOptions":	{
						"libsContainingOptions":	[]
					},
					"prebuiltLibs":	{
						"prebuiltIncPath":	[],
						"prebuiltLibPath":	[]
					},
					"isolation":	{
					}
				}]
		}]
}
KEYINFO::2026-09-21.16:51:50::SCWPlatform::updated the xpfm file.
TRACE::2026-09-21.16:51:50::SCWPlatform::Trying to open the hw design at /home/alexey/programming/systemverilog/ethernet_image_transfer/fpga/zynq_wrapper/hw/zynq_wrapper.xsa
TRACE::2026-09-21.16:51:50::SCWPlatform::DSA given /home/alexey/programming/systemverilog/ethernet_image_transfer/fpga/zynq_wrapper/hw/zynq_wrapper.xsa
TRACE::2026-09-21.16:51:50::SCWPlatform::DSA absoulate path /home/alexey/programming/systemverilog/ethernet_image_transfer/fpga/zynq_wrapper/hw/zynq_wrapper.xsa
TRACE::2026-09-21.16:51:50::SCWPlatform::DSA directory /home/alexey/programming/systemverilog/ethernet_image_transfer/fpga/zynq_wrapper/hw
TRACE::2026-09-21.16:51:50::SCWPlatform:: Platform Path /home/alexey/programming/systemverilog/ethernet_image_transfer/fpga/zynq_wrapper/hw/zynq_wrapper.xsa
TRACE::2026-09-21.16:51:50::SCWPlatform:: Unique name xilinx:::0.0
TRACE::2026-09-21.16:51:50::SCWPlatform::Trying to set the existing hwdb with name zynq_wrapper_3
TRACE::2026-09-21.16:51:50::SCWPlatform::Opened existing hwdb zynq_wrapper_3
TRACE::2026-09-21.16:51:50::SCWPlatform::Found the Hw Db part of the input DSA
TRACE::2026-09-21.16:51:50::SCWMssOS::Checking the sw design at  /home/alexey/programming/systemverilog/ethernet_image_transfer/fpga/zynq_wrapper/ps7_cortexa9_0/standalone_ps7_cortexa9_0/bsp/system.mss
TRACE::2026-09-21.16:51:50::SCWMssOS::DEBUG:  swdes dump  /home/alexey/programming/systemverilog/ethernet_image_transfer/fpga/zynq_wrapper/ps7_cortexa9_0/standalone_ps7_cortexa9_0/bsp/system.mss|system||
/home/alexey/programming/systemverilog/ethernet_image_transfer/fpga/zynq_wrapper/zynq_fsbl/zynq_fsbl_bsp/system.mss|system_0||

TRACE::2026-09-21.16:51:50::SCWMssOS::Sw design exists and opened at  /home/alexey/programming/systemverilog/ethernet_image_transfer/fpga/zynq_wrapper/ps7_cortexa9_0/standalone_ps7_cortexa9_0/bsp/system.mss
TRACE::2026-09-21.16:52:17::SCWPlatform::Trying to open the hw design at /home/alexey/programming/systemverilog/ethernet_image_transfer/fpga/zynq_wrapper/hw/zynq_wrapper.xsa
TRACE::2026-09-21.16:52:17::SCWPlatform::DSA given /home/alexey/programming/systemverilog/ethernet_image_transfer/fpga/zynq_wrapper/hw/zynq_wrapper.xsa
TRACE::2026-09-21.16:52:17::SCWPlatform::DSA absoulate path /home/alexey/programming/systemverilog/ethernet_image_transfer/fpga/zynq_wrapper/hw/zynq_wrapper.xsa
TRACE::2026-09-21.16:52:17::SCWPlatform::DSA directory /home/alexey/programming/systemverilog/ethernet_image_transfer/fpga/zynq_wrapper/hw
TRACE::2026-09-21.16:52:17::SCWPlatform:: Platform Path /home/alexey/programming/systemverilog/ethernet_image_transfer/fpga/zynq_wrapper/hw/zynq_wrapper.xsa
TRACE::2026-09-21.16:52:17::SCWPlatform:: Unique name xilinx:::0.0
TRACE::2026-09-21.16:52:17::SCWPlatform::Trying to set the existing hwdb with name zynq_wrapper_3
TRACE::2026-09-21.16:52:17::SCWPlatform::Opened existing hwdb zynq_wrapper_3
TRACE::2026-09-21.16:52:17::SCWPlatform::Found the Hw Db part of the input DSA
TRACE::2026-09-21.16:52:17::SCWMssOS::Checking the sw design at  /home/alexey/programming/systemverilog/ethernet_image_transfer/fpga/zynq_wrapper/ps7_cortexa9_0/standalone_ps7_cortexa9_0/bsp/system.mss
TRACE::2026-09-21.16:52:17::SCWMssOS::DEBUG:  swdes dump  /home/alexey/programming/systemverilog/ethernet_image_transfer/fpga/zynq_wrapper/ps7_cortexa9_0/standalone_ps7_cortexa9_0/bsp/system.mss|system||
/home/alexey/programming/systemverilog/ethernet_image_transfer/fpga/zynq_wrapper/zynq_fsbl/zynq_fsbl_bsp/system.mss|system_0||

TRACE::2026-09-21.16:52:17::SCWMssOS::Sw design exists and opened at  /home/alexey/programming/systemverilog/ethernet_image_transfer/fpga/zynq_wrapper/ps7_cortexa9_0/standalone_ps7_cortexa9_0/bsp/system.mss
TRACE::2026-09-21.16:52:35::SCWPlatform::Trying to open the hw design at /home/alexey/programming/systemverilog/ethernet_image_transfer/fpga/zynq_wrapper/hw/zynq_wrapper.xsa
TRACE::2026-09-21.16:52:35::SCWPlatform::DSA given /home/alexey/programming/systemverilog/ethernet_image_transfer/fpga/zynq_wrapper/hw/zynq_wrapper.xsa
TRACE::2026-09-21.16:52:35::SCWPlatform::DSA absoulate path /home/alexey/programming/systemverilog/ethernet_image_transfer/fpga/zynq_wrapper/hw/zynq_wrapper.xsa
TRACE::2026-09-21.16:52:35::SCWPlatform::DSA directory /home/alexey/programming/systemverilog/ethernet_image_transfer/fpga/zynq_wrapper/hw
TRACE::2026-09-21.16:52:35::SCWPlatform:: Platform Path /home/alexey/programming/systemverilog/ethernet_image_transfer/fpga/zynq_wrapper/hw/zynq_wrapper.xsa
TRACE::2026-09-21.16:52:35::SCWPlatform:: Unique name xilinx:::0.0
TRACE::2026-09-21.16:52:35::SCWPlatform::Trying to set the existing hwdb with name zynq_wrapper_3
TRACE::2026-09-21.16:52:35::SCWPlatform::Opened existing hwdb zynq_wrapper_3
TRACE::2026-09-21.16:52:35::SCWPlatform::Found the Hw Db part of the input DSA
TRACE::2026-09-21.16:52:35::SCWMssOS::Checking the sw design at  /home/alexey/programming/systemverilog/ethernet_image_transfer/fpga/zynq_wrapper/ps7_cortexa9_0/standalone_ps7_cortexa9_0/bsp/system.mss
TRACE::2026-09-21.16:52:35::SCWMssOS::DEBUG:  swdes dump  /home/alexey/programming/systemverilog/ethernet_image_transfer/fpga/zynq_wrapper/ps7_cortexa9_0/standalone_ps7_cortexa9_0/bsp/system.mss|system||
/home/alexey/programming/systemverilog/ethernet_image_transfer/fpga/zynq_wrapper/zynq_fsbl/zynq_fsbl_bsp/system.mss|system_0||

TRACE::2026-09-21.16:52:35::SCWMssOS::Sw design exists and opened at  /home/alexey/programming/systemverilog/ethernet_image_transfer/fpga/zynq_wrapper/ps7_cortexa9_0/standalone_ps7_cortexa9_0/bsp/system.mss
TRACE::2026-09-21.16:52:35::SCWMssOS::Adding Library:  lwip211:1.3
TRACE::2026-09-21.16:52:35::SCWMssOS::Added Library:  lwip211
TRACE::2026-09-21.16:52:35::SCWPlatform::Trying to open the hw design at /home/alexey/programming/systemverilog/ethernet_image_transfer/fpga/zynq_wrapper/hw/zynq_wrapper.xsa
TRACE::2026-09-21.16:52:35::SCWPlatform::DSA given /home/alexey/programming/systemverilog/ethernet_image_transfer/fpga/zynq_wrapper/hw/zynq_wrapper.xsa
TRACE::2026-09-21.16:52:35::SCWPlatform::DSA absoulate path /home/alexey/programming/systemverilog/ethernet_image_transfer/fpga/zynq_wrapper/hw/zynq_wrapper.xsa
TRACE::2026-09-21.16:52:35::SCWPlatform::DSA directory /home/alexey/programming/systemverilog/ethernet_image_transfer/fpga/zynq_wrapper/hw
TRACE::2026-09-21.16:52:35::SCWPlatform:: Platform Path /home/alexey/programming/systemverilog/ethernet_image_transfer/fpga/zynq_wrapper/hw/zynq_wrapper.xsa
TRACE::2026-09-21.16:52:35::SCWPlatform:: Unique name xilinx:::0.0
TRACE::2026-09-21.16:52:35::SCWPlatform::Trying to set the existing hwdb with name zynq_wrapper_3
TRACE::2026-09-21.16:52:35::SCWPlatform::Opened existing hwdb zynq_wrapper_3
TRACE::2026-09-21.16:52:35::SCWPlatform::Found the Hw Db part of the input DSA
TRACE::2026-09-21.16:52:35::SCWMssOS::Checking the sw design at  /home/alexey/programming/systemverilog/ethernet_image_transfer/fpga/zynq_wrapper/ps7_cortexa9_0/standalone_ps7_cortexa9_0/bsp/system.mss
TRACE::2026-09-21.16:52:35::SCWMssOS::DEBUG:  swdes dump  /home/alexey/programming/systemverilog/ethernet_image_transfer/fpga/zynq_wrapper/ps7_cortexa9_0/standalone_ps7_cortexa9_0/bsp/system.mss|system||
/home/alexey/programming/systemverilog/ethernet_image_transfer/fpga/zynq_wrapper/zynq_fsbl/zynq_fsbl_bsp/system.mss|system_0||

TRACE::2026-09-21.16:52:35::SCWMssOS::Sw design exists and opened at  /home/alexey/programming/systemverilog/ethernet_image_transfer/fpga/zynq_wrapper/ps7_cortexa9_0/standalone_ps7_cortexa9_0/bsp/system.mss
TRACE::2026-09-21.16:52:39::SCWMssOS::Saving the mss changes /home/alexey/programming/systemverilog/ethernet_image_transfer/fpga/zynq_wrapper/zynq_fsbl/zynq_fsbl_bsp/system.mss
TRACE::2026-09-21.16:52:39::SCWMssOS::Found a swdesign opened with the mssfile.
TRACE::2026-09-21.16:52:39::SCWMssOS::Completed writemss as part of save.
TRACE::2026-09-21.16:52:39::SCWMssOS::Commit changes completed.
TRACE::2026-09-21.16:52:39::SCWMssOS::Saving the mss changes /home/alexey/programming/systemverilog/ethernet_image_transfer/fpga/zynq_wrapper/ps7_cortexa9_0/standalone_ps7_cortexa9_0/bsp/system.mss
TRACE::2026-09-21.16:52:39::SCWMssOS::Found a swdesign opened with the mssfile.
TRACE::2026-09-21.16:52:39::SCWMssOS::Completed writemss as part of save.
TRACE::2026-09-21.16:52:39::SCWMssOS::Commit changes completed.
TRACE::2026-09-21.16:52:39::SCWPlatform::Trying to open the hw design at /home/alexey/programming/systemverilog/ethernet_image_transfer/fpga/zynq_wrapper/hw/zynq_wrapper.xsa
TRACE::2026-09-21.16:52:39::SCWPlatform::DSA given /home/alexey/programming/systemverilog/ethernet_image_transfer/fpga/zynq_wrapper/hw/zynq_wrapper.xsa
TRACE::2026-09-21.16:52:39::SCWPlatform::DSA absoulate path /home/alexey/programming/systemverilog/ethernet_image_transfer/fpga/zynq_wrapper/hw/zynq_wrapper.xsa
TRACE::2026-09-21.16:52:39::SCWPlatform::DSA directory /home/alexey/programming/systemverilog/ethernet_image_transfer/fpga/zynq_wrapper/hw
TRACE::2026-09-21.16:52:39::SCWPlatform:: Platform Path /home/alexey/programming/systemverilog/ethernet_image_transfer/fpga/zynq_wrapper/hw/zynq_wrapper.xsa
TRACE::2026-09-21.16:52:39::SCWPlatform:: Unique name xilinx:::0.0
TRACE::2026-09-21.16:52:39::SCWPlatform::Trying to set the existing hwdb with name zynq_wrapper_3
TRACE::2026-09-21.16:52:39::SCWPlatform::Opened existing hwdb zynq_wrapper_3
TRACE::2026-09-21.16:52:39::SCWPlatform::Found the Hw Db part of the input DSA
TRACE::2026-09-21.16:52:39::SCWMssOS::Checking the sw design at  /home/alexey/programming/systemverilog/ethernet_image_transfer/fpga/zynq_wrapper/zynq_fsbl/zynq_fsbl_bsp/system.mss
TRACE::2026-09-21.16:52:39::SCWMssOS::DEBUG:  swdes dump  /home/alexey/programming/systemverilog/ethernet_image_transfer/fpga/zynq_wrapper/ps7_cortexa9_0/standalone_ps7_cortexa9_0/bsp/system.mss|system||
/home/alexey/programming/systemverilog/ethernet_image_transfer/fpga/zynq_wrapper/zynq_fsbl/zynq_fsbl_bsp/system.mss|system_0||

TRACE::2026-09-21.16:52:39::SCWMssOS::Sw design exists and opened at  /home/alexey/programming/systemverilog/ethernet_image_transfer/fpga/zynq_wrapper/zynq_fsbl/zynq_fsbl_bsp/system.mss
TRACE::2026-09-21.16:52:39::SCWPlatform::Trying to open the hw design at /home/alexey/programming/systemverilog/ethernet_image_transfer/fpga/zynq_wrapper/hw/zynq_wrapper.xsa
TRACE::2026-09-21.16:52:39::SCWPlatform::DSA given /home/alexey/programming/systemverilog/ethernet_image_transfer/fpga/zynq_wrapper/hw/zynq_wrapper.xsa
TRACE::2026-09-21.16:52:39::SCWPlatform::DSA absoulate path /home/alexey/programming/systemverilog/ethernet_image_transfer/fpga/zynq_wrapper/hw/zynq_wrapper.xsa
TRACE::2026-09-21.16:52:39::SCWPlatform::DSA directory /home/alexey/programming/systemverilog/ethernet_image_transfer/fpga/zynq_wrapper/hw
TRACE::2026-09-21.16:52:39::SCWPlatform:: Platform Path /home/alexey/programming/systemverilog/ethernet_image_transfer/fpga/zynq_wrapper/hw/zynq_wrapper.xsa
TRACE::2026-09-21.16:52:39::SCWPlatform:: Unique name xilinx:::0.0
TRACE::2026-09-21.16:52:39::SCWPlatform::Trying to set the existing hwdb with name zynq_wrapper_3
TRACE::2026-09-21.16:52:39::SCWPlatform::Opened existing hwdb zynq_wrapper_3
TRACE::2026-09-21.16:52:39::SCWPlatform::Found the Hw Db part of the input DSA
TRACE::2026-09-21.16:52:39::SCWMssOS::Checking the sw design at  /home/alexey/programming/systemverilog/ethernet_image_transfer/fpga/zynq_wrapper/ps7_cortexa9_0/standalone_ps7_cortexa9_0/bsp/system.mss
TRACE::2026-09-21.16:52:39::SCWMssOS::DEBUG:  swdes dump  /home/alexey/programming/systemverilog/ethernet_image_transfer/fpga/zynq_wrapper/ps7_cortexa9_0/standalone_ps7_cortexa9_0/bsp/system.mss|system||
/home/alexey/programming/systemverilog/ethernet_image_transfer/fpga/zynq_wrapper/zynq_fsbl/zynq_fsbl_bsp/system.mss|system_0||

TRACE::2026-09-21.16:52:39::SCWMssOS::Sw design exists and opened at  /home/alexey/programming/systemverilog/ethernet_image_transfer/fpga/zynq_wrapper/ps7_cortexa9_0/standalone_ps7_cortexa9_0/bsp/system.mss
TRACE::2026-09-21.16:52:39::SCWWriter::formatted JSON is {
	"platformName":	"zynq_wrapper",
	"sprVersion":	"2.0",
	"mode":	"gui",
	"dsaType":	"Fixed",
	"platformDesc":	"zynq_wrapper",
	"platHandOff":	"<platformDir>.xsa",
	"platIntHandOff":	"<platformDir>/hw/zynq_wrapper.xsa",
	"deviceType":	"zynq",
	"platIsPrebuiltAutogen":	"false",
	"platIsNoBootBsp":	"false",
	"hasFsblMakeHasChanges":	"false",
	"hasPmufwMakeHasChanges":	"false",
	"fsblExtraCompilerFlags":	"-MMD -MP       -mcpu=cortex-a9 -mfpu=vfpv3 -mfloat-abi=hard ",
	"platPreBuiltFlag":	false,
	"platformSamplesDir":	"",
	"platActiveSys":	"zynq_wrapper",
	"systems":	[{
			"systemName":	"zynq_wrapper",
			"systemDesc":	"zynq_wrapper",
			"sysIsBootAutoGen":	"true",
			"systemDispName":	"zynq_wrapper",
			"sysActiveDom":	"standalone_ps7_cortexa9_0",
			"sysDefaultDom":	"standalone_ps7_cortexa9_0",
			"domains":	[{
					"domainName":	"zynq_fsbl",
					"domainDispName":	"zynq_fsbl",
					"domainDesc":	"FSBL Application BSP - Auto Generated.",
					"processors":	"ps7_cortexa9_0",
					"os":	"standalone",
					"sdxOs":	"standalone",
					"debugEnable":	"",
					"domRuntimes":	["cpp"],
					"swRepo":	"",
					"mssOsVer":	"7.3",
					"mssFile":	"",
					"md5Digest":	"02611ff010f3535202adf0baa1ae5f02",
					"compatibleApp":	"zynq_fsbl",
					"domType":	"bootDomain",
					"arch":	"32-bit",
					"appSettings":	{
						"appCompilerFlags":	"",
						"appLinkerFlags":	""
					},
					"addedLibs":	["xilffs:4.4", "xilrsa:1.6", "lwip211:1.3"],
					"libOptions":	{
						"libsContainingOptions":	[]
					},
					"prebuiltLibs":	{
						"prebuiltIncPath":	[],
						"prebuiltLibPath":	[]
					},
					"isolation":	{
					}
				}, {
					"domainName":	"standalone_ps7_cortexa9_0",
					"domainDispName":	"standalone_ps7_cortexa9_0",
					"domainDesc":	"standalone_ps7_cortexa9_0",
					"processors":	"ps7_cortexa9_0",
					"os":	"standalone",
					"sdxOs":	"standalone",
					"qemuArgs":	"/home/alexey/Xilinx/Vitis/2020.2/data/emulation/platforms/zynq/sw/a9_standalone/qemu/qemu_args.txt",
					"qemuData":	"/home/alexey/Xilinx/Vitis/2020.2/data/emulation/platforms/zynq/sw/a9_standalone/qemu/",
					"debugEnable":	"False",
					"domRuntimes":	["cpp"],
					"swRepo":	"",
					"mssOsVer":	"7.3",
					"mssFile":	"",
					"md5Digest":	"45b0abfe8235d9243f1629e877f9a4a5",
					"compatibleApp":	"",
					"domType":	"mssDomain",
					"arch":	"32-bit",
					"appSettings":	{
						"appCompilerFlags":	"",
						"appLinkerFlags":	""
					},
					"addedLibs":	["lwip211:1.3"],
					"libOptions":	{
						"libsContainingOptions":	[]
					},
					"prebuiltLibs":	{
						"prebuiltIncPath":	[],
						"prebuiltLibPath":	[]
					},
					"isolation":	{
					}
				}]
		}]
}
TRACE::2026-09-21.16:52:39::SCWMssOS::Saving the mss changes /home/alexey/programming/systemverilog/ethernet_image_transfer/fpga/zynq_wrapper/ps7_cortexa9_0/standalone_ps7_cortexa9_0/bsp/system.mss
TRACE::2026-09-21.16:52:39::SCWMssOS::Found a swdesign opened with the mssfile.
TRACE::2026-09-21.16:52:39::SCWMssOS::Completed writemss as part of save.
TRACE::2026-09-21.16:52:39::SCWMssOS::Commit changes completed.
TRACE::2026-09-21.16:52:39::SCWPlatform::Trying to open the hw design at /home/alexey/programming/systemverilog/ethernet_image_transfer/fpga/zynq_wrapper/hw/zynq_wrapper.xsa
TRACE::2026-09-21.16:52:39::SCWPlatform::DSA given /home/alexey/programming/systemverilog/ethernet_image_transfer/fpga/zynq_wrapper/hw/zynq_wrapper.xsa
TRACE::2026-09-21.16:52:39::SCWPlatform::DSA absoulate path /home/alexey/programming/systemverilog/ethernet_image_transfer/fpga/zynq_wrapper/hw/zynq_wrapper.xsa
TRACE::2026-09-21.16:52:39::SCWPlatform::DSA directory /home/alexey/programming/systemverilog/ethernet_image_transfer/fpga/zynq_wrapper/hw
TRACE::2026-09-21.16:52:39::SCWPlatform:: Platform Path /home/alexey/programming/systemverilog/ethernet_image_transfer/fpga/zynq_wrapper/hw/zynq_wrapper.xsa
TRACE::2026-09-21.16:52:39::SCWPlatform:: Unique name xilinx:::0.0
TRACE::2026-09-21.16:52:39::SCWPlatform::Trying to set the existing hwdb with name zynq_wrapper_3
TRACE::2026-09-21.16:52:39::SCWPlatform::Opened existing hwdb zynq_wrapper_3
TRACE::2026-09-21.16:52:39::SCWPlatform::Found the Hw Db part of the input DSA
TRACE::2026-09-21.16:52:39::SCWMssOS::Checking the sw design at  /home/alexey/programming/systemverilog/ethernet_image_transfer/fpga/zynq_wrapper/ps7_cortexa9_0/standalone_ps7_cortexa9_0/bsp/system.mss
TRACE::2026-09-21.16:52:39::SCWMssOS::DEBUG:  swdes dump  /home/alexey/programming/systemverilog/ethernet_image_transfer/fpga/zynq_wrapper/ps7_cortexa9_0/standalone_ps7_cortexa9_0/bsp/system.mss|system||
/home/alexey/programming/systemverilog/ethernet_image_transfer/fpga/zynq_wrapper/zynq_fsbl/zynq_fsbl_bsp/system.mss|system_0||

TRACE::2026-09-21.16:52:39::SCWMssOS::Sw design exists and opened at  /home/alexey/programming/systemverilog/ethernet_image_transfer/fpga/zynq_wrapper/ps7_cortexa9_0/standalone_ps7_cortexa9_0/bsp/system.mss
TRACE::2026-09-21.16:52:39::SCWMssOS::Removing the swdes entry for  /home/alexey/programming/systemverilog/ethernet_image_transfer/fpga/zynq_wrapper/ps7_cortexa9_0/standalone_ps7_cortexa9_0/bsp/system.mss
TRACE::2026-09-21.16:52:39::SCWMssOS::In reload Mss file.
TRACE::2026-09-21.16:52:39::SCWPlatform::Trying to open the hw design at /home/alexey/programming/systemverilog/ethernet_image_transfer/fpga/zynq_wrapper/hw/zynq_wrapper.xsa
TRACE::2026-09-21.16:52:39::SCWPlatform::DSA given /home/alexey/programming/systemverilog/ethernet_image_transfer/fpga/zynq_wrapper/hw/zynq_wrapper.xsa
TRACE::2026-09-21.16:52:39::SCWPlatform::DSA absoulate path /home/alexey/programming/systemverilog/ethernet_image_transfer/fpga/zynq_wrapper/hw/zynq_wrapper.xsa
TRACE::2026-09-21.16:52:39::SCWPlatform::DSA directory /home/alexey/programming/systemverilog/ethernet_image_transfer/fpga/zynq_wrapper/hw
TRACE::2026-09-21.16:52:39::SCWPlatform:: Platform Path /home/alexey/programming/systemverilog/ethernet_image_transfer/fpga/zynq_wrapper/hw/zynq_wrapper.xsa
TRACE::2026-09-21.16:52:39::SCWPlatform:: Unique name xilinx:::0.0
TRACE::2026-09-21.16:52:39::SCWPlatform::Trying to set the existing hwdb with name zynq_wrapper_3
TRACE::2026-09-21.16:52:39::SCWPlatform::Opened existing hwdb zynq_wrapper_3
TRACE::2026-09-21.16:52:39::SCWPlatform::Found the Hw Db part of the input DSA
TRACE::2026-09-21.16:52:39::SCWMssOS::Checking the sw design at  /home/alexey/programming/systemverilog/ethernet_image_transfer/fpga/zynq_wrapper/ps7_cortexa9_0/standalone_ps7_cortexa9_0/bsp/system.mss
TRACE::2026-09-21.16:52:39::SCWMssOS::DEBUG:  swdes dump  /home/alexey/programming/systemverilog/ethernet_image_transfer/fpga/zynq_wrapper/zynq_fsbl/zynq_fsbl_bsp/system.mss|system_0||

TRACE::2026-09-21.16:52:39::SCWMssOS::No sw design opened at  /home/alexey/programming/systemverilog/ethernet_image_transfer/fpga/zynq_wrapper/ps7_cortexa9_0/standalone_ps7_cortexa9_0/bsp/system.mss
TRACE::2026-09-21.16:52:39::SCWMssOS::mss exists loading the mss file  /home/alexey/programming/systemverilog/ethernet_image_transfer/fpga/zynq_wrapper/ps7_cortexa9_0/standalone_ps7_cortexa9_0/bsp/system.mss
TRACE::2026-09-21.16:52:39::SCWMssOS::Opened the sw design from mss  /home/alexey/programming/systemverilog/ethernet_image_transfer/fpga/zynq_wrapper/ps7_cortexa9_0/standalone_ps7_cortexa9_0/bsp/system.mss
TRACE::2026-09-21.16:52:39::SCWMssOS::Adding the swdes entry /home/alexey/programming/systemverilog/ethernet_image_transfer/fpga/zynq_wrapper/ps7_cortexa9_0/standalone_ps7_cortexa9_0/bsp/system.mss with des name system
TRACE::2026-09-21.16:52:39::SCWMssOS::updating the scw layer about changes
TRACE::2026-09-21.16:52:39::SCWMssOS::Opened the sw design.  /home/alexey/programming/systemverilog/ethernet_image_transfer/fpga/zynq_wrapper/ps7_cortexa9_0/standalone_ps7_cortexa9_0/bsp/system.mss
TRACE::2026-09-21.16:52:39::SCWPlatform::Trying to open the hw design at /home/alexey/programming/systemverilog/ethernet_image_transfer/fpga/zynq_wrapper/hw/zynq_wrapper.xsa
TRACE::2026-09-21.16:52:39::SCWPlatform::DSA given /home/alexey/programming/systemverilog/ethernet_image_transfer/fpga/zynq_wrapper/hw/zynq_wrapper.xsa
TRACE::2026-09-21.16:52:39::SCWPlatform::DSA absoulate path /home/alexey/programming/systemverilog/ethernet_image_transfer/fpga/zynq_wrapper/hw/zynq_wrapper.xsa
TRACE::2026-09-21.16:52:39::SCWPlatform::DSA directory /home/alexey/programming/systemverilog/ethernet_image_transfer/fpga/zynq_wrapper/hw
TRACE::2026-09-21.16:52:39::SCWPlatform:: Platform Path /home/alexey/programming/systemverilog/ethernet_image_transfer/fpga/zynq_wrapper/hw/zynq_wrapper.xsa
TRACE::2026-09-21.16:52:39::SCWPlatform:: Unique name xilinx:::0.0
TRACE::2026-09-21.16:52:39::SCWPlatform::Trying to set the existing hwdb with name zynq_wrapper_3
TRACE::2026-09-21.16:52:39::SCWPlatform::Opened existing hwdb zynq_wrapper_3
TRACE::2026-09-21.16:52:39::SCWPlatform::Found the Hw Db part of the input DSA
TRACE::2026-09-21.16:52:39::SCWMssOS::Checking the sw design at  /home/alexey/programming/systemverilog/ethernet_image_transfer/fpga/zynq_wrapper/ps7_cortexa9_0/standalone_ps7_cortexa9_0/bsp/system.mss
TRACE::2026-09-21.16:52:39::SCWMssOS::DEBUG:  swdes dump  /home/alexey/programming/systemverilog/ethernet_image_transfer/fpga/zynq_wrapper/ps7_cortexa9_0/standalone_ps7_cortexa9_0/bsp/system.mss|system||
/home/alexey/programming/systemverilog/ethernet_image_transfer/fpga/zynq_wrapper/zynq_fsbl/zynq_fsbl_bsp/system.mss|system_0||

TRACE::2026-09-21.16:52:39::SCWMssOS::Sw design exists and opened at  /home/alexey/programming/systemverilog/ethernet_image_transfer/fpga/zynq_wrapper/ps7_cortexa9_0/standalone_ps7_cortexa9_0/bsp/system.mss
TRACE::2026-09-21.16:52:39::SCWMssOS:: library already available in sw design:  lwip211:1.3
TRACE::2026-09-21.16:52:39::SCWMssOS::Saving the mss changes /home/alexey/programming/systemverilog/ethernet_image_transfer/fpga/zynq_wrapper/ps7_cortexa9_0/standalone_ps7_cortexa9_0/bsp/system.mss
TRACE::2026-09-21.16:52:39::SCWMssOS::Found a swdesign opened with the mssfile.
TRACE::2026-09-21.16:52:39::SCWMssOS::Completed writemss as part of save.
TRACE::2026-09-21.16:52:39::SCWMssOS::Commit changes completed.
TRACE::2026-09-21.16:52:39::SCWPlatform::Trying to open the hw design at /home/alexey/programming/systemverilog/ethernet_image_transfer/fpga/zynq_wrapper/hw/zynq_wrapper.xsa
TRACE::2026-09-21.16:52:39::SCWPlatform::DSA given /home/alexey/programming/systemverilog/ethernet_image_transfer/fpga/zynq_wrapper/hw/zynq_wrapper.xsa
TRACE::2026-09-21.16:52:39::SCWPlatform::DSA absoulate path /home/alexey/programming/systemverilog/ethernet_image_transfer/fpga/zynq_wrapper/hw/zynq_wrapper.xsa
TRACE::2026-09-21.16:52:39::SCWPlatform::DSA directory /home/alexey/programming/systemverilog/ethernet_image_transfer/fpga/zynq_wrapper/hw
TRACE::2026-09-21.16:52:39::SCWPlatform:: Platform Path /home/alexey/programming/systemverilog/ethernet_image_transfer/fpga/zynq_wrapper/hw/zynq_wrapper.xsa
TRACE::2026-09-21.16:52:39::SCWPlatform:: Unique name xilinx:::0.0
TRACE::2026-09-21.16:52:39::SCWPlatform::Trying to set the existing hwdb with name zynq_wrapper_3
TRACE::2026-09-21.16:52:39::SCWPlatform::Opened existing hwdb zynq_wrapper_3
TRACE::2026-09-21.16:52:39::SCWPlatform::Found the Hw Db part of the input DSA
TRACE::2026-09-21.16:52:39::SCWMssOS::Checking the sw design at  /home/alexey/programming/systemverilog/ethernet_image_transfer/fpga/zynq_wrapper/ps7_cortexa9_0/standalone_ps7_cortexa9_0/bsp/system.mss
TRACE::2026-09-21.16:52:39::SCWMssOS::DEBUG:  swdes dump  /home/alexey/programming/systemverilog/ethernet_image_transfer/fpga/zynq_wrapper/ps7_cortexa9_0/standalone_ps7_cortexa9_0/bsp/system.mss|system||
/home/alexey/programming/systemverilog/ethernet_image_transfer/fpga/zynq_wrapper/zynq_fsbl/zynq_fsbl_bsp/system.mss|system_0||

TRACE::2026-09-21.16:52:39::SCWMssOS::Sw design exists and opened at  /home/alexey/programming/systemverilog/ethernet_image_transfer/fpga/zynq_wrapper/ps7_cortexa9_0/standalone_ps7_cortexa9_0/bsp/system.mss
TRACE::2026-09-21.16:52:39::SCWMssOS::Removing the swdes entry for  /home/alexey/programming/systemverilog/ethernet_image_transfer/fpga/zynq_wrapper/ps7_cortexa9_0/standalone_ps7_cortexa9_0/bsp/system.mss
TRACE::2026-09-21.16:52:39::SCWPlatform::Trying to open the hw design at /home/alexey/programming/systemverilog/ethernet_image_transfer/fpga/zynq_wrapper/hw/zynq_wrapper.xsa
TRACE::2026-09-21.16:52:39::SCWPlatform::DSA given /home/alexey/programming/systemverilog/ethernet_image_transfer/fpga/zynq_wrapper/hw/zynq_wrapper.xsa
TRACE::2026-09-21.16:52:39::SCWPlatform::DSA absoulate path /home/alexey/programming/systemverilog/ethernet_image_transfer/fpga/zynq_wrapper/hw/zynq_wrapper.xsa
TRACE::2026-09-21.16:52:39::SCWPlatform::DSA directory /home/alexey/programming/systemverilog/ethernet_image_transfer/fpga/zynq_wrapper/hw
TRACE::2026-09-21.16:52:39::SCWPlatform:: Platform Path /home/alexey/programming/systemverilog/ethernet_image_transfer/fpga/zynq_wrapper/hw/zynq_wrapper.xsa
TRACE::2026-09-21.16:52:39::SCWPlatform:: Unique name xilinx:::0.0
TRACE::2026-09-21.16:52:39::SCWPlatform::Trying to set the existing hwdb with name zynq_wrapper_3
TRACE::2026-09-21.16:52:39::SCWPlatform::Opened existing hwdb zynq_wrapper_3
TRACE::2026-09-21.16:52:39::SCWPlatform::Found the Hw Db part of the input DSA
TRACE::2026-09-21.16:52:39::SCWMssOS::Checking the sw design at  /home/alexey/programming/systemverilog/ethernet_image_transfer/fpga/zynq_wrapper/ps7_cortexa9_0/standalone_ps7_cortexa9_0/bsp/system.mss
TRACE::2026-09-21.16:52:39::SCWMssOS::DEBUG:  swdes dump  /home/alexey/programming/systemverilog/ethernet_image_transfer/fpga/zynq_wrapper/zynq_fsbl/zynq_fsbl_bsp/system.mss|system_0||

TRACE::2026-09-21.16:52:39::SCWMssOS::No sw design opened at  /home/alexey/programming/systemverilog/ethernet_image_transfer/fpga/zynq_wrapper/ps7_cortexa9_0/standalone_ps7_cortexa9_0/bsp/system.mss
TRACE::2026-09-21.16:52:39::SCWMssOS::mss exists loading the mss file  /home/alexey/programming/systemverilog/ethernet_image_transfer/fpga/zynq_wrapper/ps7_cortexa9_0/standalone_ps7_cortexa9_0/bsp/system.mss
TRACE::2026-09-21.16:52:39::SCWMssOS::Opened the sw design from mss  /home/alexey/programming/systemverilog/ethernet_image_transfer/fpga/zynq_wrapper/ps7_cortexa9_0/standalone_ps7_cortexa9_0/bsp/system.mss
TRACE::2026-09-21.16:52:39::SCWMssOS::Adding the swdes entry /home/alexey/programming/systemverilog/ethernet_image_transfer/fpga/zynq_wrapper/ps7_cortexa9_0/standalone_ps7_cortexa9_0/bsp/system.mss with des name system
TRACE::2026-09-21.16:52:39::SCWMssOS::updating the scw layer about changes
TRACE::2026-09-21.16:52:39::SCWMssOS::Opened the sw design.  /home/alexey/programming/systemverilog/ethernet_image_transfer/fpga/zynq_wrapper/ps7_cortexa9_0/standalone_ps7_cortexa9_0/bsp/system.mss
TRACE::2026-09-21.16:52:39::SCWMssOS::Completed writing the mss file at /home/alexey/programming/systemverilog/ethernet_image_transfer/fpga/zynq_wrapper/ps7_cortexa9_0/standalone_ps7_cortexa9_0/bsp
TRACE::2026-09-21.16:52:39::SCWMssOS::Forcing BSP Sources regeneration.
TRACE::2026-09-21.16:52:44::SCWPlatform::Trying to open the hw design at /home/alexey/programming/systemverilog/ethernet_image_transfer/fpga/zynq_wrapper/hw/zynq_wrapper.xsa
TRACE::2026-09-21.16:52:44::SCWPlatform::DSA given /home/alexey/programming/systemverilog/ethernet_image_transfer/fpga/zynq_wrapper/hw/zynq_wrapper.xsa
TRACE::2026-09-21.16:52:44::SCWPlatform::DSA absoulate path /home/alexey/programming/systemverilog/ethernet_image_transfer/fpga/zynq_wrapper/hw/zynq_wrapper.xsa
TRACE::2026-09-21.16:52:44::SCWPlatform::DSA directory /home/alexey/programming/systemverilog/ethernet_image_transfer/fpga/zynq_wrapper/hw
TRACE::2026-09-21.16:52:44::SCWPlatform:: Platform Path /home/alexey/programming/systemverilog/ethernet_image_transfer/fpga/zynq_wrapper/hw/zynq_wrapper.xsa
TRACE::2026-09-21.16:52:44::SCWPlatform:: Unique name xilinx:::0.0
TRACE::2026-09-21.16:52:44::SCWPlatform::Trying to set the existing hwdb with name zynq_wrapper_3
TRACE::2026-09-21.16:52:44::SCWPlatform::Opened existing hwdb zynq_wrapper_3
TRACE::2026-09-21.16:52:44::SCWPlatform::Found the Hw Db part of the input DSA
TRACE::2026-09-21.16:52:44::SCWMssOS::Checking the sw design at  /home/alexey/programming/systemverilog/ethernet_image_transfer/fpga/zynq_wrapper/ps7_cortexa9_0/standalone_ps7_cortexa9_0/bsp/system.mss
TRACE::2026-09-21.16:52:44::SCWMssOS::DEBUG:  swdes dump  /home/alexey/programming/systemverilog/ethernet_image_transfer/fpga/zynq_wrapper/ps7_cortexa9_0/standalone_ps7_cortexa9_0/bsp/system.mss|system||
/home/alexey/programming/systemverilog/ethernet_image_transfer/fpga/zynq_wrapper/zynq_fsbl/zynq_fsbl_bsp/system.mss|system_0||

KEYINFO::2026-09-21.16:52:44::SCWMssOS::Could not open the swdb for system
KEYINFO::2026-09-21.16:52:44::SCWMssOS::Could not open the sw design at  system
ERROR: [Hsi 55-1558] Software Design system is not found

TRACE::2026-09-21.16:52:44::SCWMssOS::Cleared the swdb table entry
TRACE::2026-09-21.16:52:44::SCWMssOS::No sw design opened at  /home/alexey/programming/systemverilog/ethernet_image_transfer/fpga/zynq_wrapper/ps7_cortexa9_0/standalone_ps7_cortexa9_0/bsp/system.mss
TRACE::2026-09-21.16:52:44::SCWMssOS::mss exists loading the mss file  /home/alexey/programming/systemverilog/ethernet_image_transfer/fpga/zynq_wrapper/ps7_cortexa9_0/standalone_ps7_cortexa9_0/bsp/system.mss
TRACE::2026-09-21.16:52:44::SCWMssOS::Opened the sw design from mss  /home/alexey/programming/systemverilog/ethernet_image_transfer/fpga/zynq_wrapper/ps7_cortexa9_0/standalone_ps7_cortexa9_0/bsp/system.mss
TRACE::2026-09-21.16:52:44::SCWMssOS::Adding the swdes entry /home/alexey/programming/systemverilog/ethernet_image_transfer/fpga/zynq_wrapper/ps7_cortexa9_0/standalone_ps7_cortexa9_0/bsp/system.mss with des name system
TRACE::2026-09-21.16:52:44::SCWMssOS::updating the scw layer about changes
TRACE::2026-09-21.16:52:44::SCWMssOS::Opened the sw design.  /home/alexey/programming/systemverilog/ethernet_image_transfer/fpga/zynq_wrapper/ps7_cortexa9_0/standalone_ps7_cortexa9_0/bsp/system.mss
TRACE::2026-09-21.16:52:52::SCWMssOS::Saving the mss changes /home/alexey/programming/systemverilog/ethernet_image_transfer/fpga/zynq_wrapper/zynq_fsbl/zynq_fsbl_bsp/system.mss
TRACE::2026-09-21.16:52:52::SCWMssOS::Found a swdesign opened with the mssfile.
TRACE::2026-09-21.16:52:52::SCWMssOS::Completed writemss as part of save.
TRACE::2026-09-21.16:52:52::SCWMssOS::Commit changes completed.
TRACE::2026-09-21.16:52:52::SCWMssOS::Saving the mss changes /home/alexey/programming/systemverilog/ethernet_image_transfer/fpga/zynq_wrapper/ps7_cortexa9_0/standalone_ps7_cortexa9_0/bsp/system.mss
TRACE::2026-09-21.16:52:52::SCWMssOS::Found a swdesign opened with the mssfile.
TRACE::2026-09-21.16:52:52::SCWMssOS::Completed writemss as part of save.
TRACE::2026-09-21.16:52:52::SCWMssOS::Commit changes completed.
TRACE::2026-09-21.16:52:52::SCWPlatform::Trying to open the hw design at /home/alexey/programming/systemverilog/ethernet_image_transfer/fpga/zynq_wrapper/hw/zynq_wrapper.xsa
TRACE::2026-09-21.16:52:52::SCWPlatform::DSA given /home/alexey/programming/systemverilog/ethernet_image_transfer/fpga/zynq_wrapper/hw/zynq_wrapper.xsa
TRACE::2026-09-21.16:52:52::SCWPlatform::DSA absoulate path /home/alexey/programming/systemverilog/ethernet_image_transfer/fpga/zynq_wrapper/hw/zynq_wrapper.xsa
TRACE::2026-09-21.16:52:52::SCWPlatform::DSA directory /home/alexey/programming/systemverilog/ethernet_image_transfer/fpga/zynq_wrapper/hw
TRACE::2026-09-21.16:52:52::SCWPlatform:: Platform Path /home/alexey/programming/systemverilog/ethernet_image_transfer/fpga/zynq_wrapper/hw/zynq_wrapper.xsa
TRACE::2026-09-21.16:52:52::SCWPlatform:: Unique name xilinx:::0.0
TRACE::2026-09-21.16:52:52::SCWPlatform::Trying to set the existing hwdb with name zynq_wrapper_3
TRACE::2026-09-21.16:52:52::SCWPlatform::Opened existing hwdb zynq_wrapper_3
TRACE::2026-09-21.16:52:52::SCWPlatform::Found the Hw Db part of the input DSA
TRACE::2026-09-21.16:52:52::SCWMssOS::Checking the sw design at  /home/alexey/programming/systemverilog/ethernet_image_transfer/fpga/zynq_wrapper/zynq_fsbl/zynq_fsbl_bsp/system.mss
TRACE::2026-09-21.16:52:52::SCWMssOS::DEBUG:  swdes dump  /home/alexey/programming/systemverilog/ethernet_image_transfer/fpga/zynq_wrapper/ps7_cortexa9_0/standalone_ps7_cortexa9_0/bsp/system.mss|system||
/home/alexey/programming/systemverilog/ethernet_image_transfer/fpga/zynq_wrapper/zynq_fsbl/zynq_fsbl_bsp/system.mss|system_0||

TRACE::2026-09-21.16:52:52::SCWMssOS::Sw design exists and opened at  /home/alexey/programming/systemverilog/ethernet_image_transfer/fpga/zynq_wrapper/zynq_fsbl/zynq_fsbl_bsp/system.mss
TRACE::2026-09-21.16:52:52::SCWPlatform::Trying to open the hw design at /home/alexey/programming/systemverilog/ethernet_image_transfer/fpga/zynq_wrapper/hw/zynq_wrapper.xsa
TRACE::2026-09-21.16:52:52::SCWPlatform::DSA given /home/alexey/programming/systemverilog/ethernet_image_transfer/fpga/zynq_wrapper/hw/zynq_wrapper.xsa
TRACE::2026-09-21.16:52:52::SCWPlatform::DSA absoulate path /home/alexey/programming/systemverilog/ethernet_image_transfer/fpga/zynq_wrapper/hw/zynq_wrapper.xsa
TRACE::2026-09-21.16:52:52::SCWPlatform::DSA directory /home/alexey/programming/systemverilog/ethernet_image_transfer/fpga/zynq_wrapper/hw
TRACE::2026-09-21.16:52:52::SCWPlatform:: Platform Path /home/alexey/programming/systemverilog/ethernet_image_transfer/fpga/zynq_wrapper/hw/zynq_wrapper.xsa
TRACE::2026-09-21.16:52:52::SCWPlatform:: Unique name xilinx:::0.0
TRACE::2026-09-21.16:52:52::SCWPlatform::Trying to set the existing hwdb with name zynq_wrapper_3
TRACE::2026-09-21.16:52:52::SCWPlatform::Opened existing hwdb zynq_wrapper_3
TRACE::2026-09-21.16:52:52::SCWPlatform::Found the Hw Db part of the input DSA
TRACE::2026-09-21.16:52:52::SCWMssOS::Checking the sw design at  /home/alexey/programming/systemverilog/ethernet_image_transfer/fpga/zynq_wrapper/ps7_cortexa9_0/standalone_ps7_cortexa9_0/bsp/system.mss
TRACE::2026-09-21.16:52:52::SCWMssOS::DEBUG:  swdes dump  /home/alexey/programming/systemverilog/ethernet_image_transfer/fpga/zynq_wrapper/ps7_cortexa9_0/standalone_ps7_cortexa9_0/bsp/system.mss|system||
/home/alexey/programming/systemverilog/ethernet_image_transfer/fpga/zynq_wrapper/zynq_fsbl/zynq_fsbl_bsp/system.mss|system_0||

TRACE::2026-09-21.16:52:52::SCWMssOS::Sw design exists and opened at  /home/alexey/programming/systemverilog/ethernet_image_transfer/fpga/zynq_wrapper/ps7_cortexa9_0/standalone_ps7_cortexa9_0/bsp/system.mss
TRACE::2026-09-21.16:52:52::SCWWriter::formatted JSON is {
	"platformName":	"zynq_wrapper",
	"sprVersion":	"2.0",
	"mode":	"gui",
	"dsaType":	"Fixed",
	"platformDesc":	"zynq_wrapper",
	"platHandOff":	"<platformDir>.xsa",
	"platIntHandOff":	"<platformDir>/hw/zynq_wrapper.xsa",
	"deviceType":	"zynq",
	"platIsPrebuiltAutogen":	"false",
	"platIsNoBootBsp":	"false",
	"hasFsblMakeHasChanges":	"false",
	"hasPmufwMakeHasChanges":	"false",
	"fsblExtraCompilerFlags":	"-MMD -MP       -mcpu=cortex-a9 -mfpu=vfpv3 -mfloat-abi=hard ",
	"platPreBuiltFlag":	false,
	"platformSamplesDir":	"",
	"platActiveSys":	"zynq_wrapper",
	"systems":	[{
			"systemName":	"zynq_wrapper",
			"systemDesc":	"zynq_wrapper",
			"sysIsBootAutoGen":	"true",
			"systemDispName":	"zynq_wrapper",
			"sysActiveDom":	"standalone_ps7_cortexa9_0",
			"sysDefaultDom":	"standalone_ps7_cortexa9_0",
			"domains":	[{
					"domainName":	"zynq_fsbl",
					"domainDispName":	"zynq_fsbl",
					"domainDesc":	"FSBL Application BSP - Auto Generated.",
					"processors":	"ps7_cortexa9_0",
					"os":	"standalone",
					"sdxOs":	"standalone",
					"debugEnable":	"",
					"domRuntimes":	["cpp"],
					"swRepo":	"",
					"mssOsVer":	"7.3",
					"mssFile":	"",
					"md5Digest":	"02611ff010f3535202adf0baa1ae5f02",
					"compatibleApp":	"zynq_fsbl",
					"domType":	"bootDomain",
					"arch":	"32-bit",
					"appSettings":	{
						"appCompilerFlags":	"",
						"appLinkerFlags":	""
					},
					"addedLibs":	["xilffs:4.4", "xilrsa:1.6", "lwip211:1.3"],
					"libOptions":	{
						"libsContainingOptions":	[]
					},
					"prebuiltLibs":	{
						"prebuiltIncPath":	[],
						"prebuiltLibPath":	[]
					},
					"isolation":	{
					}
				}, {
					"domainName":	"standalone_ps7_cortexa9_0",
					"domainDispName":	"standalone_ps7_cortexa9_0",
					"domainDesc":	"standalone_ps7_cortexa9_0",
					"processors":	"ps7_cortexa9_0",
					"os":	"standalone",
					"sdxOs":	"standalone",
					"qemuArgs":	"/home/alexey/Xilinx/Vitis/2020.2/data/emulation/platforms/zynq/sw/a9_standalone/qemu/qemu_args.txt",
					"qemuData":	"/home/alexey/Xilinx/Vitis/2020.2/data/emulation/platforms/zynq/sw/a9_standalone/qemu/",
					"debugEnable":	"False",
					"domRuntimes":	["cpp"],
					"swRepo":	"",
					"mssOsVer":	"7.3",
					"mssFile":	"",
					"md5Digest":	"d5cd93a6015e5bf266a97221ed0b6eb5",
					"compatibleApp":	"",
					"domType":	"mssDomain",
					"arch":	"32-bit",
					"appSettings":	{
						"appCompilerFlags":	"",
						"appLinkerFlags":	""
					},
					"addedLibs":	["lwip211:1.3"],
					"libOptions":	{
						"libsContainingOptions":	[]
					},
					"prebuiltLibs":	{
						"prebuiltIncPath":	[],
						"prebuiltLibPath":	[]
					},
					"isolation":	{
					}
				}]
		}]
}
TRACE::2026-09-21.16:52:52::SCWMssOS::Saving the mss changes /home/alexey/programming/systemverilog/ethernet_image_transfer/fpga/zynq_wrapper/ps7_cortexa9_0/standalone_ps7_cortexa9_0/bsp/system.mss
TRACE::2026-09-21.16:52:52::SCWMssOS::Found a swdesign opened with the mssfile.
TRACE::2026-09-21.16:52:52::SCWMssOS::Completed writemss as part of save.
TRACE::2026-09-21.16:52:52::SCWMssOS::Commit changes completed.
TRACE::2026-09-21.16:52:52::SCWPlatform::Trying to open the hw design at /home/alexey/programming/systemverilog/ethernet_image_transfer/fpga/zynq_wrapper/hw/zynq_wrapper.xsa
TRACE::2026-09-21.16:52:52::SCWPlatform::DSA given /home/alexey/programming/systemverilog/ethernet_image_transfer/fpga/zynq_wrapper/hw/zynq_wrapper.xsa
TRACE::2026-09-21.16:52:52::SCWPlatform::DSA absoulate path /home/alexey/programming/systemverilog/ethernet_image_transfer/fpga/zynq_wrapper/hw/zynq_wrapper.xsa
TRACE::2026-09-21.16:52:52::SCWPlatform::DSA directory /home/alexey/programming/systemverilog/ethernet_image_transfer/fpga/zynq_wrapper/hw
TRACE::2026-09-21.16:52:52::SCWPlatform:: Platform Path /home/alexey/programming/systemverilog/ethernet_image_transfer/fpga/zynq_wrapper/hw/zynq_wrapper.xsa
TRACE::2026-09-21.16:52:52::SCWPlatform:: Unique name xilinx:::0.0
TRACE::2026-09-21.16:52:52::SCWPlatform::Trying to set the existing hwdb with name zynq_wrapper_3
TRACE::2026-09-21.16:52:52::SCWPlatform::Opened existing hwdb zynq_wrapper_3
TRACE::2026-09-21.16:52:52::SCWPlatform::Found the Hw Db part of the input DSA
TRACE::2026-09-21.16:52:52::SCWMssOS::Checking the sw design at  /home/alexey/programming/systemverilog/ethernet_image_transfer/fpga/zynq_wrapper/ps7_cortexa9_0/standalone_ps7_cortexa9_0/bsp/system.mss
TRACE::2026-09-21.16:52:52::SCWMssOS::DEBUG:  swdes dump  /home/alexey/programming/systemverilog/ethernet_image_transfer/fpga/zynq_wrapper/ps7_cortexa9_0/standalone_ps7_cortexa9_0/bsp/system.mss|system||
/home/alexey/programming/systemverilog/ethernet_image_transfer/fpga/zynq_wrapper/zynq_fsbl/zynq_fsbl_bsp/system.mss|system_0||

TRACE::2026-09-21.16:52:52::SCWMssOS::Sw design exists and opened at  /home/alexey/programming/systemverilog/ethernet_image_transfer/fpga/zynq_wrapper/ps7_cortexa9_0/standalone_ps7_cortexa9_0/bsp/system.mss
TRACE::2026-09-21.16:52:52::SCWMssOS::Removing the swdes entry for  /home/alexey/programming/systemverilog/ethernet_image_transfer/fpga/zynq_wrapper/ps7_cortexa9_0/standalone_ps7_cortexa9_0/bsp/system.mss
LOG::2026-09-21.16:53:02::SCWPlatform::Started generating the artifacts platform zynq_wrapper
TRACE::2026-09-21.16:53:02::SCWPlatform::Sanity checking of platform is completed
LOG::2026-09-21.16:53:02::SCWPlatform::Started generating the artifacts for system configuration zynq_wrapper
LOG::2026-09-21.16:53:02::SCWSystem::Checking the domain zynq_fsbl
LOG::2026-09-21.16:53:02::SCWSystem::Doing application build for :  zynq_fsbl
TRACE::2026-09-21.16:53:02::SCWBDomain::Not a forced makefile updation, No changes are present. 
TRACE::2026-09-21.16:53:02::SCWDomain::Skipping the build for domain :  zynq_fsbl
LOG::2026-09-21.16:53:02::SCWSystem::Checking the domain standalone_ps7_cortexa9_0
LOG::2026-09-21.16:53:02::SCWSystem::Not a boot domain 
LOG::2026-09-21.16:53:02::SCWSystem::Started Processing the domain standalone_ps7_cortexa9_0
TRACE::2026-09-21.16:53:02::SCWDomain::Generating domain artifcats
TRACE::2026-09-21.16:53:02::SCWMssOS::Generating standalone artifcats
TRACE::2026-09-21.16:53:02::SCWMssOS::Copying the qemu file from  /home/alexey/Xilinx/Vitis/2020.2/data/emulation/platforms/zynq/sw/a9_standalone/qemu/qemu_args.txt To /home/alexey/programming/systemverilog/ethernet_image_transfer/fpga/zynq_wrapper/export/zynq_wrapper/sw/zynq_wrapper/qemu/
TRACE::2026-09-21.16:53:02::SCWMssOS::Copying the qemu file from  /home/alexey/Xilinx/Vitis/2020.2/data/emulation/platforms/zynq/sw/a9_standalone/qemu/qemu_args.txt To /home/alexey/programming/systemverilog/ethernet_image_transfer/fpga/zynq_wrapper/export/zynq_wrapper/sw/zynq_wrapper/standalone_ps7_cortexa9_0/qemu/
TRACE::2026-09-21.16:53:02::SCWMssOS:: Copying the user libraries. 
TRACE::2026-09-21.16:53:02::SCWPlatform::Trying to open the hw design at /home/alexey/programming/systemverilog/ethernet_image_transfer/fpga/zynq_wrapper/hw/zynq_wrapper.xsa
TRACE::2026-09-21.16:53:02::SCWPlatform::DSA given /home/alexey/programming/systemverilog/ethernet_image_transfer/fpga/zynq_wrapper/hw/zynq_wrapper.xsa
TRACE::2026-09-21.16:53:02::SCWPlatform::DSA absoulate path /home/alexey/programming/systemverilog/ethernet_image_transfer/fpga/zynq_wrapper/hw/zynq_wrapper.xsa
TRACE::2026-09-21.16:53:02::SCWPlatform::DSA directory /home/alexey/programming/systemverilog/ethernet_image_transfer/fpga/zynq_wrapper/hw
TRACE::2026-09-21.16:53:02::SCWPlatform:: Platform Path /home/alexey/programming/systemverilog/ethernet_image_transfer/fpga/zynq_wrapper/hw/zynq_wrapper.xsa
TRACE::2026-09-21.16:53:02::SCWPlatform:: Unique name xilinx:::0.0
TRACE::2026-09-21.16:53:02::SCWPlatform::Trying to set the existing hwdb with name zynq_wrapper_3
TRACE::2026-09-21.16:53:02::SCWPlatform::Opened existing hwdb zynq_wrapper_3
TRACE::2026-09-21.16:53:02::SCWPlatform::Found the Hw Db part of the input DSA
TRACE::2026-09-21.16:53:02::SCWMssOS::Checking the sw design at  /home/alexey/programming/systemverilog/ethernet_image_transfer/fpga/zynq_wrapper/ps7_cortexa9_0/standalone_ps7_cortexa9_0/bsp/system.mss
TRACE::2026-09-21.16:53:02::SCWMssOS::DEBUG:  swdes dump  /home/alexey/programming/systemverilog/ethernet_image_transfer/fpga/zynq_wrapper/zynq_fsbl/zynq_fsbl_bsp/system.mss|system_0||

TRACE::2026-09-21.16:53:02::SCWMssOS::No sw design opened at  /home/alexey/programming/systemverilog/ethernet_image_transfer/fpga/zynq_wrapper/ps7_cortexa9_0/standalone_ps7_cortexa9_0/bsp/system.mss
TRACE::2026-09-21.16:53:02::SCWMssOS::mss exists loading the mss file  /home/alexey/programming/systemverilog/ethernet_image_transfer/fpga/zynq_wrapper/ps7_cortexa9_0/standalone_ps7_cortexa9_0/bsp/system.mss
TRACE::2026-09-21.16:53:02::SCWMssOS::Opened the sw design from mss  /home/alexey/programming/systemverilog/ethernet_image_transfer/fpga/zynq_wrapper/ps7_cortexa9_0/standalone_ps7_cortexa9_0/bsp/system.mss
TRACE::2026-09-21.16:53:02::SCWMssOS::Adding the swdes entry /home/alexey/programming/systemverilog/ethernet_image_transfer/fpga/zynq_wrapper/ps7_cortexa9_0/standalone_ps7_cortexa9_0/bsp/system.mss with des name system
TRACE::2026-09-21.16:53:02::SCWMssOS::updating the scw layer about changes
TRACE::2026-09-21.16:53:02::SCWMssOS::Opened the sw design.  /home/alexey/programming/systemverilog/ethernet_image_transfer/fpga/zynq_wrapper/ps7_cortexa9_0/standalone_ps7_cortexa9_0/bsp/system.mss
TRACE::2026-09-21.16:53:02::SCWMssOS::Completed writing the mss file at /home/alexey/programming/systemverilog/ethernet_image_transfer/fpga/zynq_wrapper/ps7_cortexa9_0/standalone_ps7_cortexa9_0/bsp
TRACE::2026-09-21.16:53:02::SCWMssOS::Mss edits present, copying mssfile into export location /home/alexey/programming/systemverilog/ethernet_image_transfer/fpga/zynq_wrapper/ps7_cortexa9_0/standalone_ps7_cortexa9_0/bsp/system.mss
TRACE::2026-09-21.16:53:02::SCWMssOS::bsp generated is upto date with the mss file. Skipping bsp generation.
TRACE::2026-09-21.16:53:02::SCWMssOS::BSP is already built. skipping the bsp build ... 
TRACE::2026-09-21.16:53:02::SCWDomain::Building the domain :  standalone_ps7_cortexa9_0
TRACE::2026-09-21.16:53:02::SCWMssOS::doing bsp build ... 
TRACE::2026-09-21.16:53:02::SCWMssOS::System Command Ran  cd  /home/alexey/programming/systemverilog/ethernet_image_transfer/fpga/zynq_wrapper/ps7_cortexa9_0/standalone_ps7_cortexa9_0/bsp ; bash -c "make  " 
TRACE::2026-09-21.16:53:02::SCWMssOS::make --no-print-directory seq_libs

TRACE::2026-09-21.16:53:02::SCWMssOS::Running Make include in ps7_cortexa9_0/libsrc/axivdma_v6_8/src

TRACE::2026-09-21.16:53:02::SCWMssOS::make -C ps7_cortexa9_0/libsrc/axivdma_v6_8/src -s include  "SHELL=/bin/sh" "COMPILER=arm-none-eabi-gcc" "ASSEMBLER=arm-none-eab
TRACE::2026-09-21.16:53:02::SCWMssOS::i-as" "ARCHIVER=arm-none-eabi-ar" "COMPILER_FLAGS=  -O2 -c" "EXTRA_COMPILER_FLAGS=-mcpu=cortex-a9 -mfpu=vfpv3 -mfloat-abi=hard 
TRACE::2026-09-21.16:53:02::SCWMssOS::-nostartfiles -g -Wall -Wextra"

TRACE::2026-09-21.16:53:02::SCWMssOS::Running Make include in ps7_cortexa9_0/libsrc/coresightps_dcc_v1_8/src

TRACE::2026-09-21.16:53:02::SCWMssOS::make -C ps7_cortexa9_0/libsrc/coresightps_dcc_v1_8/src -s include  "SHELL=/bin/sh" "COMPILER=arm-none-eabi-gcc" "ASSEMBLER=arm-
TRACE::2026-09-21.16:53:02::SCWMssOS::none-eabi-as" "ARCHIVER=arm-none-eabi-ar" "COMPILER_FLAGS=  -O2 -c" "EXTRA_COMPILER_FLAGS=-mcpu=cortex-a9 -mfpu=vfpv3 -mfloat-a
TRACE::2026-09-21.16:53:02::SCWMssOS::bi=hard -nostartfiles -g -Wall -Wextra"

TRACE::2026-09-21.16:53:02::SCWMssOS::Running Make include in ps7_cortexa9_0/libsrc/cpu_cortexa9_v2_10/src

TRACE::2026-09-21.16:53:02::SCWMssOS::make -C ps7_cortexa9_0/libsrc/cpu_cortexa9_v2_10/src -s include  "SHELL=/bin/sh" "COMPILER=arm-none-eabi-gcc" "ASSEMBLER=arm-no
TRACE::2026-09-21.16:53:02::SCWMssOS::ne-eabi-as" "ARCHIVER=arm-none-eabi-ar" "COMPILER_FLAGS=  -O2 -c" "EXTRA_COMPILER_FLAGS=-mcpu=cortex-a9 -mfpu=vfpv3 -mfloat-abi
TRACE::2026-09-21.16:53:02::SCWMssOS::=hard -nostartfiles -g -Wall -Wextra"

TRACE::2026-09-21.16:53:02::SCWMssOS::Running Make include in ps7_cortexa9_0/libsrc/ddrps_v1_2/src

TRACE::2026-09-21.16:53:02::SCWMssOS::make -C ps7_cortexa9_0/libsrc/ddrps_v1_2/src -s include  "SHELL=/bin/sh" "COMPILER=arm-none-eabi-gcc" "ASSEMBLER=arm-none-eabi-
TRACE::2026-09-21.16:53:02::SCWMssOS::as" "ARCHIVER=arm-none-eabi-ar" "COMPILER_FLAGS=  -O2 -c" "EXTRA_COMPILER_FLAGS=-mcpu=cortex-a9 -mfpu=vfpv3 -mfloat-abi=hard -n
TRACE::2026-09-21.16:53:02::SCWMssOS::ostartfiles -g -Wall -Wextra"

TRACE::2026-09-21.16:53:02::SCWMssOS::Running Make include in ps7_cortexa9_0/libsrc/devcfg_v3_7/src

TRACE::2026-09-21.16:53:02::SCWMssOS::make -C ps7_cortexa9_0/libsrc/devcfg_v3_7/src -s include  "SHELL=/bin/sh" "COMPILER=arm-none-eabi-gcc" "ASSEMBLER=arm-none-eabi
TRACE::2026-09-21.16:53:02::SCWMssOS::-as" "ARCHIVER=arm-none-eabi-ar" "COMPILER_FLAGS=  -O2 -c" "EXTRA_COMPILER_FLAGS=-mcpu=cortex-a9 -mfpu=vfpv3 -mfloat-abi=hard -
TRACE::2026-09-21.16:53:02::SCWMssOS::nostartfiles -g -Wall -Wextra"

TRACE::2026-09-21.16:53:02::SCWMssOS::Running Make include in ps7_cortexa9_0/libsrc/dmaps_v2_7/src

TRACE::2026-09-21.16:53:02::SCWMssOS::make -C ps7_cortexa9_0/libsrc/dmaps_v2_7/src -s include  "SHELL=/bin/sh" "COMPILER=arm-none-eabi-gcc" "ASSEMBLER=arm-none-eabi-
TRACE::2026-09-21.16:53:02::SCWMssOS::as" "ARCHIVER=arm-none-eabi-ar" "COMPILER_FLAGS=  -O2 -c" "EXTRA_COMPILER_FLAGS=-mcpu=cortex-a9 -mfpu=vfpv3 -mfloat-abi=hard -n
TRACE::2026-09-21.16:53:02::SCWMssOS::ostartfiles -g -Wall -Wextra"

TRACE::2026-09-21.16:53:02::SCWMssOS::Running Make include in ps7_cortexa9_0/libsrc/emacps_v3_12/src

TRACE::2026-09-21.16:53:02::SCWMssOS::make -C ps7_cortexa9_0/libsrc/emacps_v3_12/src -s include  "SHELL=/bin/sh" "COMPILER=arm-none-eabi-gcc" "ASSEMBLER=arm-none-eab
TRACE::2026-09-21.16:53:02::SCWMssOS::i-as" "ARCHIVER=arm-none-eabi-ar" "COMPILER_FLAGS=  -O2 -c" "EXTRA_COMPILER_FLAGS=-mcpu=cortex-a9 -mfpu=vfpv3 -mfloat-abi=hard 
TRACE::2026-09-21.16:53:02::SCWMssOS::-nostartfiles -g -Wall -Wextra"

TRACE::2026-09-21.16:53:02::SCWMssOS::Running Make include in ps7_cortexa9_0/libsrc/lwip211_v1_3/src

TRACE::2026-09-21.16:53:02::SCWMssOS::make -C ps7_cortexa9_0/libsrc/lwip211_v1_3/src -s include  "SHELL=/bin/sh" "COMPILER=arm-none-eabi-gcc" "ASSEMBLER=arm-none-eab
TRACE::2026-09-21.16:53:02::SCWMssOS::i-as" "ARCHIVER=arm-none-eabi-ar" "COMPILER_FLAGS=  -O2 -c" "EXTRA_COMPILER_FLAGS=-mcpu=cortex-a9 -mfpu=vfpv3 -mfloat-abi=hard 
TRACE::2026-09-21.16:53:02::SCWMssOS::-nostartfiles -g -Wall -Wextra"

TRACE::2026-09-21.16:53:03::SCWMssOS::Running Make include in ps7_cortexa9_0/libsrc/scugic_v4_3/src

TRACE::2026-09-21.16:53:03::SCWMssOS::make -C ps7_cortexa9_0/libsrc/scugic_v4_3/src -s include  "SHELL=/bin/sh" "COMPILER=arm-none-eabi-gcc" "ASSEMBLER=arm-none-eabi
TRACE::2026-09-21.16:53:03::SCWMssOS::-as" "ARCHIVER=arm-none-eabi-ar" "COMPILER_FLAGS=  -O2 -c" "EXTRA_COMPILER_FLAGS=-mcpu=cortex-a9 -mfpu=vfpv3 -mfloat-abi=hard -
TRACE::2026-09-21.16:53:03::SCWMssOS::nostartfiles -g -Wall -Wextra"

TRACE::2026-09-21.16:53:03::SCWMssOS::Running Make include in ps7_cortexa9_0/libsrc/scutimer_v2_3/src

TRACE::2026-09-21.16:53:03::SCWMssOS::make -C ps7_cortexa9_0/libsrc/scutimer_v2_3/src -s include  "SHELL=/bin/sh" "COMPILER=arm-none-eabi-gcc" "ASSEMBLER=arm-none-ea
TRACE::2026-09-21.16:53:03::SCWMssOS::bi-as" "ARCHIVER=arm-none-eabi-ar" "COMPILER_FLAGS=  -O2 -c" "EXTRA_COMPILER_FLAGS=-mcpu=cortex-a9 -mfpu=vfpv3 -mfloat-abi=hard
TRACE::2026-09-21.16:53:03::SCWMssOS:: -nostartfiles -g -Wall -Wextra"

TRACE::2026-09-21.16:53:03::SCWMssOS::Running Make include in ps7_cortexa9_0/libsrc/scuwdt_v2_3/src

TRACE::2026-09-21.16:53:03::SCWMssOS::make -C ps7_cortexa9_0/libsrc/scuwdt_v2_3/src -s include  "SHELL=/bin/sh" "COMPILER=arm-none-eabi-gcc" "ASSEMBLER=arm-none-eabi
TRACE::2026-09-21.16:53:03::SCWMssOS::-as" "ARCHIVER=arm-none-eabi-ar" "COMPILER_FLAGS=  -O2 -c" "EXTRA_COMPILER_FLAGS=-mcpu=cortex-a9 -mfpu=vfpv3 -mfloat-abi=hard -
TRACE::2026-09-21.16:53:03::SCWMssOS::nostartfiles -g -Wall -Wextra"

TRACE::2026-09-21.16:53:03::SCWMssOS::Running Make include in ps7_cortexa9_0/libsrc/sdps_v3_10/src

TRACE::2026-09-21.16:53:03::SCWMssOS::make -C ps7_cortexa9_0/libsrc/sdps_v3_10/src -s include  "SHELL=/bin/sh" "COMPILER=arm-none-eabi-gcc" "ASSEMBLER=arm-none-eabi-
TRACE::2026-09-21.16:53:03::SCWMssOS::as" "ARCHIVER=arm-none-eabi-ar" "COMPILER_FLAGS=  -O2 -c" "EXTRA_COMPILER_FLAGS=-mcpu=cortex-a9 -mfpu=vfpv3 -mfloat-abi=hard -n
TRACE::2026-09-21.16:53:03::SCWMssOS::ostartfiles -g -Wall -Wextra"

TRACE::2026-09-21.16:53:03::SCWMssOS::Running Make include in ps7_cortexa9_0/libsrc/standalone_v7_3/src

TRACE::2026-09-21.16:53:03::SCWMssOS::make -C ps7_cortexa9_0/libsrc/standalone_v7_3/src -s include  "SHELL=/bin/sh" "COMPILER=arm-none-eabi-gcc" "ASSEMBLER=arm-none-
TRACE::2026-09-21.16:53:03::SCWMssOS::eabi-as" "ARCHIVER=arm-none-eabi-ar" "COMPILER_FLAGS=  -O2 -c" "EXTRA_COMPILER_FLAGS=-mcpu=cortex-a9 -mfpu=vfpv3 -mfloat-abi=ha
TRACE::2026-09-21.16:53:03::SCWMssOS::rd -nostartfiles -g -Wall -Wextra"

TRACE::2026-09-21.16:53:03::SCWMssOS::Running Make include in ps7_cortexa9_0/libsrc/uartps_v3_10/src

TRACE::2026-09-21.16:53:03::SCWMssOS::make -C ps7_cortexa9_0/libsrc/uartps_v3_10/src -s include  "SHELL=/bin/sh" "COMPILER=arm-none-eabi-gcc" "ASSEMBLER=arm-none-eab
TRACE::2026-09-21.16:53:03::SCWMssOS::i-as" "ARCHIVER=arm-none-eabi-ar" "COMPILER_FLAGS=  -O2 -c" "EXTRA_COMPILER_FLAGS=-mcpu=cortex-a9 -mfpu=vfpv3 -mfloat-abi=hard 
TRACE::2026-09-21.16:53:03::SCWMssOS::-nostartfiles -g -Wall -Wextra"

TRACE::2026-09-21.16:53:03::SCWMssOS::Running Make include in ps7_cortexa9_0/libsrc/video_common_v4_10/src

TRACE::2026-09-21.16:53:03::SCWMssOS::make -C ps7_cortexa9_0/libsrc/video_common_v4_10/src -s include  "SHELL=/bin/sh" "COMPILER=arm-none-eabi-gcc" "ASSEMBLER=arm-no
TRACE::2026-09-21.16:53:03::SCWMssOS::ne-eabi-as" "ARCHIVER=arm-none-eabi-ar" "COMPILER_FLAGS=  -O2 -c" "EXTRA_COMPILER_FLAGS=-mcpu=cortex-a9 -mfpu=vfpv3 -mfloat-abi
TRACE::2026-09-21.16:53:03::SCWMssOS::=hard -nostartfiles -g -Wall -Wextra"

TRACE::2026-09-21.16:53:03::SCWMssOS::Running Make include in ps7_cortexa9_0/libsrc/v_tpg_v8_3/src

TRACE::2026-09-21.16:53:03::SCWMssOS::make -C ps7_cortexa9_0/libsrc/v_tpg_v8_3/src -s include  "SHELL=/bin/sh" "COMPILER=arm-none-eabi-gcc" "ASSEMBLER=arm-none-eabi-
TRACE::2026-09-21.16:53:03::SCWMssOS::as" "ARCHIVER=arm-none-eabi-ar" "COMPILER_FLAGS=  -O2 -c" "EXTRA_COMPILER_FLAGS=-mcpu=cortex-a9 -mfpu=vfpv3 -mfloat-abi=hard -n
TRACE::2026-09-21.16:53:03::SCWMssOS::ostartfiles -g -Wall -Wextra"

TRACE::2026-09-21.16:53:03::SCWMssOS::Running Make include in ps7_cortexa9_0/libsrc/xadcps_v2_5/src

TRACE::2026-09-21.16:53:03::SCWMssOS::make -C ps7_cortexa9_0/libsrc/xadcps_v2_5/src -s include  "SHELL=/bin/sh" "COMPILER=arm-none-eabi-gcc" "ASSEMBLER=arm-none-eabi
TRACE::2026-09-21.16:53:03::SCWMssOS::-as" "ARCHIVER=arm-none-eabi-ar" "COMPILER_FLAGS=  -O2 -c" "EXTRA_COMPILER_FLAGS=-mcpu=cortex-a9 -mfpu=vfpv3 -mfloat-abi=hard -
TRACE::2026-09-21.16:53:03::SCWMssOS::nostartfiles -g -Wall -Wextra"

TRACE::2026-09-21.16:53:03::SCWMssOS::Running Make libs in ps7_cortexa9_0/libsrc/lwip211_v1_3/src

TRACE::2026-09-21.16:53:03::SCWMssOS::make -C ps7_cortexa9_0/libsrc/lwip211_v1_3/src -s libs  "SHELL=/bin/sh" "COMPILER=arm-none-eabi-gcc" "ASSEMBLER=arm-none-eabi-a
TRACE::2026-09-21.16:53:03::SCWMssOS::s" "ARCHIVER=arm-none-eabi-ar" "COMPILER_FLAGS=  -O2 -c" "EXTRA_COMPILER_FLAGS=-mcpu=cortex-a9 -mfpu=vfpv3 -mfloat-abi=hard -no
TRACE::2026-09-21.16:53:03::SCWMssOS::startfiles -g -Wall -Wextra"

TRACE::2026-09-21.16:53:03::SCWMssOS::Compiling lwip src and adapter files

TRACE::2026-09-21.16:53:18::SCWMssOS::Finished building libraries sequentially.

TRACE::2026-09-21.16:53:18::SCWMssOS::make -j --no-print-directory par_libs

TRACE::2026-09-21.16:53:18::SCWMssOS::Running Make include in ps7_cortexa9_0/libsrc/axivdma_v6_8/src

TRACE::2026-09-21.16:53:18::SCWMssOS::Running Make include in ps7_cortexa9_0/libsrc/coresightps_dcc_v1_8/src

TRACE::2026-09-21.16:53:18::SCWMssOS::Running Make include in ps7_cortexa9_0/libsrc/cpu_cortexa9_v2_10/src

TRACE::2026-09-21.16:53:18::SCWMssOS::make -C ps7_cortexa9_0/libsrc/axivdma_v6_8/src -s include  "SHELL=/bin/sh" "COMPILER=arm-none-eabi-gcc" "ASSEMBLER=arm-none-eab
TRACE::2026-09-21.16:53:18::SCWMssOS::i-as" "ARCHIVER=arm-none-eabi-ar" "COMPILER_FLAGS=  -O2 -c" "EXTRA_COMPILER_FLAGS=-mcpu=cortex-a9 -mfpu=vfpv3 -mfloat-abi=hard 
TRACE::2026-09-21.16:53:18::SCWMssOS::-nostartfiles -g -Wall -Wextra"

TRACE::2026-09-21.16:53:18::SCWMssOS::Running Make include in ps7_cortexa9_0/libsrc/ddrps_v1_2/src

TRACE::2026-09-21.16:53:18::SCWMssOS::Running Make include in ps7_cortexa9_0/libsrc/devcfg_v3_7/src

TRACE::2026-09-21.16:53:18::SCWMssOS::make -C ps7_cortexa9_0/libsrc/coresightps_dcc_v1_8/src -s include  "SHELL=/bin/sh" "COMPILER=arm-none-eabi-gcc" "ASSEMBLER=arm-
TRACE::2026-09-21.16:53:18::SCWMssOS::none-eabi-as" "ARCHIVER=arm-none-eabi-ar" "COMPILER_FLAGS=  -O2 -c" "EXTRA_COMPILER_FLAGS=-mcpu=cortex-a9 -mfpu=vfpv3 -mfloat-a
TRACE::2026-09-21.16:53:18::SCWMssOS::bi=hard -nostartfiles -g -Wall -Wextra"

TRACE::2026-09-21.16:53:18::SCWMssOS::Running Make include in ps7_cortexa9_0/libsrc/dmaps_v2_7/src

TRACE::2026-09-21.16:53:18::SCWMssOS::make -C ps7_cortexa9_0/libsrc/cpu_cortexa9_v2_10/src -s include  "SHELL=/bin/sh" "COMPILER=arm-none-eabi-gcc" "ASSEMBLER=arm-no
TRACE::2026-09-21.16:53:18::SCWMssOS::ne-eabi-as" "ARCHIVER=arm-none-eabi-ar" "COMPILER_FLAGS=  -O2 -c" "EXTRA_COMPILER_FLAGS=-mcpu=cortex-a9 -mfpu=vfpv3 -mfloat-abi
TRACE::2026-09-21.16:53:18::SCWMssOS::=hard -nostartfiles -g -Wall -Wextra"

TRACE::2026-09-21.16:53:18::SCWMssOS::make -C ps7_cortexa9_0/libsrc/ddrps_v1_2/src -s include  "SHELL=/bin/sh" "COMPILER=arm-none-eabi-gcc" "ASSEMBLER=arm-none-eabi-
TRACE::2026-09-21.16:53:18::SCWMssOS::as" "ARCHIVER=arm-none-eabi-ar" "COMPILER_FLAGS=  -O2 -c" "EXTRA_COMPILER_FLAGS=-mcpu=cortex-a9 -mfpu=vfpv3 -mfloat-abi=hard -n
TRACE::2026-09-21.16:53:18::SCWMssOS::ostartfiles -g -Wall -Wextra"

TRACE::2026-09-21.16:53:18::SCWMssOS::Running Make include in ps7_cortexa9_0/libsrc/emacps_v3_12/src

TRACE::2026-09-21.16:53:18::SCWMssOS::make -C ps7_cortexa9_0/libsrc/devcfg_v3_7/src -s include  "SHELL=/bin/sh" "COMPILER=arm-none-eabi-gcc" "ASSEMBLER=arm-none-eabi
TRACE::2026-09-21.16:53:18::SCWMssOS::-as" "ARCHIVER=arm-none-eabi-ar" "COMPILER_FLAGS=  -O2 -c" "EXTRA_COMPILER_FLAGS=-mcpu=cortex-a9 -mfpu=vfpv3 -mfloat-abi=hard -
TRACE::2026-09-21.16:53:18::SCWMssOS::nostartfiles -g -Wall -Wextra"

TRACE::2026-09-21.16:53:18::SCWMssOS::Running Make include in ps7_cortexa9_0/libsrc/lwip211_v1_3/src

TRACE::2026-09-21.16:53:18::SCWMssOS::make -C ps7_cortexa9_0/libsrc/dmaps_v2_7/src -s include  "SHELL=/bin/sh" "COMPILER=arm-none-eabi-gcc" "ASSEMBLER=arm-none-eabi-
TRACE::2026-09-21.16:53:18::SCWMssOS::as" "ARCHIVER=arm-none-eabi-ar" "COMPILER_FLAGS=  -O2 -c" "EXTRA_COMPILER_FLAGS=-mcpu=cortex-a9 -mfpu=vfpv3 -mfloat-abi=hard -n
TRACE::2026-09-21.16:53:18::SCWMssOS::ostartfiles -g -Wall -Wextra"

TRACE::2026-09-21.16:53:18::SCWMssOS::make -C ps7_cortexa9_0/libsrc/emacps_v3_12/src -s include  "SHELL=/bin/sh" "COMPILER=arm-none-eabi-gcc" "ASSEMBLER=arm-none-eab
TRACE::2026-09-21.16:53:18::SCWMssOS::i-as" "ARCHIVER=arm-none-eabi-ar" "COMPILER_FLAGS=  -O2 -c" "EXTRA_COMPILER_FLAGS=-mcpu=cortex-a9 -mfpu=vfpv3 -mfloat-abi=hard 
TRACE::2026-09-21.16:53:18::SCWMssOS::-nostartfiles -g -Wall -Wextra"

TRACE::2026-09-21.16:53:18::SCWMssOS::make -C ps7_cortexa9_0/libsrc/lwip211_v1_3/src -s include  "SHELL=/bin/sh" "COMPILER=arm-none-eabi-gcc" "ASSEMBLER=arm-none-eab
TRACE::2026-09-21.16:53:18::SCWMssOS::i-as" "ARCHIVER=arm-none-eabi-ar" "COMPILER_FLAGS=  -O2 -c" "EXTRA_COMPILER_FLAGS=-mcpu=cortex-a9 -mfpu=vfpv3 -mfloat-abi=hard 
TRACE::2026-09-21.16:53:18::SCWMssOS::-nostartfiles -g -Wall -Wextra"

TRACE::2026-09-21.16:53:18::SCWMssOS::Running Make include in ps7_cortexa9_0/libsrc/scutimer_v2_3/src

TRACE::2026-09-21.16:53:18::SCWMssOS::Running Make include in ps7_cortexa9_0/libsrc/scugic_v4_3/src

TRACE::2026-09-21.16:53:18::SCWMssOS::Running Make include in ps7_cortexa9_0/libsrc/scuwdt_v2_3/src

TRACE::2026-09-21.16:53:18::SCWMssOS::make -C ps7_cortexa9_0/libsrc/scutimer_v2_3/src -s include  "SHELL=/bin/sh" "COMPILER=arm-none-eabi-gcc" "ASSEMBLER=arm-none-ea
TRACE::2026-09-21.16:53:18::SCWMssOS::bi-as" "ARCHIVER=arm-none-eabi-ar" "COMPILER_FLAGS=  -O2 -c" "EXTRA_COMPILER_FLAGS=-mcpu=cortex-a9 -mfpu=vfpv3 -mfloat-abi=hard
TRACE::2026-09-21.16:53:18::SCWMssOS:: -nostartfiles -g -Wall -Wextra"

TRACE::2026-09-21.16:53:18::SCWMssOS::make -C ps7_cortexa9_0/libsrc/scuwdt_v2_3/src -s include  "SHELL=/bin/sh" "COMPILER=arm-none-eabi-gcc" "ASSEMBLER=arm-none-eabi
TRACE::2026-09-21.16:53:18::SCWMssOS::-as" "ARCHIVER=arm-none-eabi-ar" "COMPILER_FLAGS=  -O2 -c" "EXTRA_COMPILER_FLAGS=-mcpu=cortex-a9 -mfpu=vfpv3 -mfloat-abi=hard -
TRACE::2026-09-21.16:53:18::SCWMssOS::nostartfiles -g -Wall -Wextra"

TRACE::2026-09-21.16:53:18::SCWMssOS::Running Make include in ps7_cortexa9_0/libsrc/uartps_v3_10/src

TRACE::2026-09-21.16:53:18::SCWMssOS::Running Make include in ps7_cortexa9_0/libsrc/sdps_v3_10/src

TRACE::2026-09-21.16:53:18::SCWMssOS::make -C ps7_cortexa9_0/libsrc/scugic_v4_3/src -s include  "SHELL=/bin/sh" "COMPILER=arm-none-eabi-gcc" "ASSEMBLER=arm-none-eabi
TRACE::2026-09-21.16:53:18::SCWMssOS::-as" "ARCHIVER=arm-none-eabi-ar" "COMPILER_FLAGS=  -O2 -c" "EXTRA_COMPILER_FLAGS=-mcpu=cortex-a9 -mfpu=vfpv3 -mfloat-abi=hard -
TRACE::2026-09-21.16:53:18::SCWMssOS::nostartfiles -g -Wall -Wextra"

TRACE::2026-09-21.16:53:18::SCWMssOS::make -C ps7_cortexa9_0/libsrc/sdps_v3_10/src -s include  "SHELL=/bin/sh" "COMPILER=arm-none-eabi-gcc" "ASSEMBLER=arm-none-eabi-
TRACE::2026-09-21.16:53:18::SCWMssOS::as" "ARCHIVER=arm-none-eabi-ar" "COMPILER_FLAGS=  -O2 -c" "EXTRA_COMPILER_FLAGS=-mcpu=cortex-a9 -mfpu=vfpv3 -mfloat-abi=hard -n
TRACE::2026-09-21.16:53:18::SCWMssOS::ostartfiles -g -Wall -Wextra"

TRACE::2026-09-21.16:53:18::SCWMssOS::make -C ps7_cortexa9_0/libsrc/uartps_v3_10/src -s include  "SHELL=/bin/sh" "COMPILER=arm-none-eabi-gcc" "ASSEMBLER=arm-none-eab
TRACE::2026-09-21.16:53:18::SCWMssOS::i-as" "ARCHIVER=arm-none-eabi-ar" "COMPILER_FLAGS=  -O2 -c" "EXTRA_COMPILER_FLAGS=-mcpu=cortex-a9 -mfpu=vfpv3 -mfloat-abi=hard 
TRACE::2026-09-21.16:53:18::SCWMssOS::-nostartfiles -g -Wall -Wextra"

TRACE::2026-09-21.16:53:18::SCWMssOS::Running Make include in ps7_cortexa9_0/libsrc/standalone_v7_3/src

TRACE::2026-09-21.16:53:18::SCWMssOS::make -C ps7_cortexa9_0/libsrc/standalone_v7_3/src -s include  "SHELL=/bin/sh" "COMPILER=arm-none-eabi-gcc" "ASSEMBLER=arm-none-
TRACE::2026-09-21.16:53:18::SCWMssOS::eabi-as" "ARCHIVER=arm-none-eabi-ar" "COMPILER_FLAGS=  -O2 -c" "EXTRA_COMPILER_FLAGS=-mcpu=cortex-a9 -mfpu=vfpv3 -mfloat-abi=ha
TRACE::2026-09-21.16:53:18::SCWMssOS::rd -nostartfiles -g -Wall -Wextra"

TRACE::2026-09-21.16:53:18::SCWMssOS::Running Make include in ps7_cortexa9_0/libsrc/video_common_v4_10/src

TRACE::2026-09-21.16:53:18::SCWMssOS::make -C ps7_cortexa9_0/libsrc/video_common_v4_10/src -s include  "SHELL=/bin/sh" "COMPILER=arm-none-eabi-gcc" "ASSEMBLER=arm-no
TRACE::2026-09-21.16:53:18::SCWMssOS::ne-eabi-as" "ARCHIVER=arm-none-eabi-ar" "COMPILER_FLAGS=  -O2 -c" "EXTRA_COMPILER_FLAGS=-mcpu=cortex-a9 -mfpu=vfpv3 -mfloat-abi
TRACE::2026-09-21.16:53:18::SCWMssOS::=hard -nostartfiles -g -Wall -Wextra"

TRACE::2026-09-21.16:53:18::SCWMssOS::Running Make include in ps7_cortexa9_0/libsrc/v_tpg_v8_3/src

TRACE::2026-09-21.16:53:18::SCWMssOS::Running Make include in ps7_cortexa9_0/libsrc/xadcps_v2_5/src

TRACE::2026-09-21.16:53:18::SCWMssOS::make -C ps7_cortexa9_0/libsrc/xadcps_v2_5/src -s include  "SHELL=/bin/sh" "COMPILER=arm-none-eabi-gcc" "ASSEMBLER=arm-none-eabi
TRACE::2026-09-21.16:53:18::SCWMssOS::-as" "ARCHIVER=arm-none-eabi-ar" "COMPILER_FLAGS=  -O2 -c" "EXTRA_COMPILER_FLAGS=-mcpu=cortex-a9 -mfpu=vfpv3 -mfloat-abi=hard -
TRACE::2026-09-21.16:53:18::SCWMssOS::nostartfiles -g -Wall -Wextra"

TRACE::2026-09-21.16:53:18::SCWMssOS::make -C ps7_cortexa9_0/libsrc/v_tpg_v8_3/src -s include  "SHELL=/bin/sh" "COMPILER=arm-none-eabi-gcc" "ASSEMBLER=arm-none-eabi-
TRACE::2026-09-21.16:53:18::SCWMssOS::as" "ARCHIVER=arm-none-eabi-ar" "COMPILER_FLAGS=  -O2 -c" "EXTRA_COMPILER_FLAGS=-mcpu=cortex-a9 -mfpu=vfpv3 -mfloat-abi=hard -n
TRACE::2026-09-21.16:53:18::SCWMssOS::ostartfiles -g -Wall -Wextra"

TRACE::2026-09-21.16:53:18::SCWMssOS::Running Make libs in ps7_cortexa9_0/libsrc/coresightps_dcc_v1_8/src

TRACE::2026-09-21.16:53:18::SCWMssOS::Running Make libs in ps7_cortexa9_0/libsrc/axivdma_v6_8/src

TRACE::2026-09-21.16:53:18::SCWMssOS::Running Make libs in ps7_cortexa9_0/libsrc/cpu_cortexa9_v2_10/src

TRACE::2026-09-21.16:53:18::SCWMssOS::Running Make libs in ps7_cortexa9_0/libsrc/ddrps_v1_2/src

TRACE::2026-09-21.16:53:18::SCWMssOS::make -C ps7_cortexa9_0/libsrc/coresightps_dcc_v1_8/src -s libs  "SHELL=/bin/sh" "COMPILER=arm-none-eabi-gcc" "ASSEMBLER=arm-non
TRACE::2026-09-21.16:53:18::SCWMssOS::e-eabi-as" "ARCHIVER=arm-none-eabi-ar" "COMPILER_FLAGS=  -O2 -c" "EXTRA_COMPILER_FLAGS=-mcpu=cortex-a9 -mfpu=vfpv3 -mfloat-abi=
TRACE::2026-09-21.16:53:18::SCWMssOS::hard -nostartfiles -g -Wall -Wextra"

TRACE::2026-09-21.16:53:18::SCWMssOS::make -C ps7_cortexa9_0/libsrc/axivdma_v6_8/src -s libs  "SHELL=/bin/sh" "COMPILER=arm-none-eabi-gcc" "ASSEMBLER=arm-none-eabi-a
TRACE::2026-09-21.16:53:18::SCWMssOS::s" "ARCHIVER=arm-none-eabi-ar" "COMPILER_FLAGS=  -O2 -c" "EXTRA_COMPILER_FLAGS=-mcpu=cortex-a9 -mfpu=vfpv3 -mfloat-abi=hard -no
TRACE::2026-09-21.16:53:18::SCWMssOS::startfiles -g -Wall -Wextra"

TRACE::2026-09-21.16:53:18::SCWMssOS::make -C ps7_cortexa9_0/libsrc/cpu_cortexa9_v2_10/src -s libs  "SHELL=/bin/sh" "COMPILER=arm-none-eabi-gcc" "ASSEMBLER=arm-none-
TRACE::2026-09-21.16:53:18::SCWMssOS::eabi-as" "ARCHIVER=arm-none-eabi-ar" "COMPILER_FLAGS=  -O2 -c" "EXTRA_COMPILER_FLAGS=-mcpu=cortex-a9 -mfpu=vfpv3 -mfloat-abi=ha
TRACE::2026-09-21.16:53:18::SCWMssOS::rd -nostartfiles -g -Wall -Wextra"

TRACE::2026-09-21.16:53:18::SCWMssOS::Running Make libs in ps7_cortexa9_0/libsrc/devcfg_v3_7/src

TRACE::2026-09-21.16:53:18::SCWMssOS::Running Make libs in ps7_cortexa9_0/libsrc/dmaps_v2_7/src

TRACE::2026-09-21.16:53:18::SCWMssOS::make -C ps7_cortexa9_0/libsrc/ddrps_v1_2/src -s libs  "SHELL=/bin/sh" "COMPILER=arm-none-eabi-gcc" "ASSEMBLER=arm-none-eabi-as"
TRACE::2026-09-21.16:53:18::SCWMssOS:: "ARCHIVER=arm-none-eabi-ar" "COMPILER_FLAGS=  -O2 -c" "EXTRA_COMPILER_FLAGS=-mcpu=cortex-a9 -mfpu=vfpv3 -mfloat-abi=hard -nost
TRACE::2026-09-21.16:53:18::SCWMssOS::artfiles -g -Wall -Wextra"

TRACE::2026-09-21.16:53:18::SCWMssOS::Running Make libs in ps7_cortexa9_0/libsrc/emacps_v3_12/src

TRACE::2026-09-21.16:53:18::SCWMssOS::make -C ps7_cortexa9_0/libsrc/devcfg_v3_7/src -s libs  "SHELL=/bin/sh" "COMPILER=arm-none-eabi-gcc" "ASSEMBLER=arm-none-eabi-as
TRACE::2026-09-21.16:53:18::SCWMssOS::" "ARCHIVER=arm-none-eabi-ar" "COMPILER_FLAGS=  -O2 -c" "EXTRA_COMPILER_FLAGS=-mcpu=cortex-a9 -mfpu=vfpv3 -mfloat-abi=hard -nos
TRACE::2026-09-21.16:53:18::SCWMssOS::tartfiles -g -Wall -Wextra"

TRACE::2026-09-21.16:53:18::SCWMssOS::make -C ps7_cortexa9_0/libsrc/dmaps_v2_7/src -s libs  "SHELL=/bin/sh" "COMPILER=arm-none-eabi-gcc" "ASSEMBLER=arm-none-eabi-as"
TRACE::2026-09-21.16:53:18::SCWMssOS:: "ARCHIVER=arm-none-eabi-ar" "COMPILER_FLAGS=  -O2 -c" "EXTRA_COMPILER_FLAGS=-mcpu=cortex-a9 -mfpu=vfpv3 -mfloat-abi=hard -nost
TRACE::2026-09-21.16:53:18::SCWMssOS::artfiles -g -Wall -Wextra"

TRACE::2026-09-21.16:53:18::SCWMssOS::make -C ps7_cortexa9_0/libsrc/emacps_v3_12/src -s libs  "SHELL=/bin/sh" "COMPILER=arm-none-eabi-gcc" "ASSEMBLER=arm-none-eabi-a
TRACE::2026-09-21.16:53:18::SCWMssOS::s" "ARCHIVER=arm-none-eabi-ar" "COMPILER_FLAGS=  -O2 -c" "EXTRA_COMPILER_FLAGS=-mcpu=cortex-a9 -mfpu=vfpv3 -mfloat-abi=hard -no
TRACE::2026-09-21.16:53:18::SCWMssOS::startfiles -g -Wall -Wextra"

TRACE::2026-09-21.16:53:18::SCWMssOS::Running Make libs in ps7_cortexa9_0/libsrc/scutimer_v2_3/src

TRACE::2026-09-21.16:53:18::SCWMssOS::Running Make libs in ps7_cortexa9_0/libsrc/scugic_v4_3/src

TRACE::2026-09-21.16:53:18::SCWMssOS::make -C ps7_cortexa9_0/libsrc/scutimer_v2_3/src -s libs  "SHELL=/bin/sh" "COMPILER=arm-none-eabi-gcc" "ASSEMBLER=arm-none-eabi-
TRACE::2026-09-21.16:53:18::SCWMssOS::as" "ARCHIVER=arm-none-eabi-ar" "COMPILER_FLAGS=  -O2 -c" "EXTRA_COMPILER_FLAGS=-mcpu=cortex-a9 -mfpu=vfpv3 -mfloat-abi=hard -n
TRACE::2026-09-21.16:53:18::SCWMssOS::ostartfiles -g -Wall -Wextra"

TRACE::2026-09-21.16:53:18::SCWMssOS::Running Make libs in ps7_cortexa9_0/libsrc/scuwdt_v2_3/src

TRACE::2026-09-21.16:53:18::SCWMssOS::Running Make libs in ps7_cortexa9_0/libsrc/sdps_v3_10/src

TRACE::2026-09-21.16:53:18::SCWMssOS::make -C ps7_cortexa9_0/libsrc/scugic_v4_3/src -s libs  "SHELL=/bin/sh" "COMPILER=arm-none-eabi-gcc" "ASSEMBLER=arm-none-eabi-as
TRACE::2026-09-21.16:53:18::SCWMssOS::" "ARCHIVER=arm-none-eabi-ar" "COMPILER_FLAGS=  -O2 -c" "EXTRA_COMPILER_FLAGS=-mcpu=cortex-a9 -mfpu=vfpv3 -mfloat-abi=hard -nos
TRACE::2026-09-21.16:53:18::SCWMssOS::tartfiles -g -Wall -Wextra"

TRACE::2026-09-21.16:53:18::SCWMssOS::make -C ps7_cortexa9_0/libsrc/scuwdt_v2_3/src -s libs  "SHELL=/bin/sh" "COMPILER=arm-none-eabi-gcc" "ASSEMBLER=arm-none-eabi-as
TRACE::2026-09-21.16:53:18::SCWMssOS::" "ARCHIVER=arm-none-eabi-ar" "COMPILER_FLAGS=  -O2 -c" "EXTRA_COMPILER_FLAGS=-mcpu=cortex-a9 -mfpu=vfpv3 -mfloat-abi=hard -nos
TRACE::2026-09-21.16:53:18::SCWMssOS::tartfiles -g -Wall -Wextra"

TRACE::2026-09-21.16:53:18::SCWMssOS::make -C ps7_cortexa9_0/libsrc/sdps_v3_10/src -s libs  "SHELL=/bin/sh" "COMPILER=arm-none-eabi-gcc" "ASSEMBLER=arm-none-eabi-as"
TRACE::2026-09-21.16:53:18::SCWMssOS:: "ARCHIVER=arm-none-eabi-ar" "COMPILER_FLAGS=  -O2 -c" "EXTRA_COMPILER_FLAGS=-mcpu=cortex-a9 -mfpu=vfpv3 -mfloat-abi=hard -nost
TRACE::2026-09-21.16:53:18::SCWMssOS::artfiles -g -Wall -Wextra"

TRACE::2026-09-21.16:53:18::SCWMssOS::Running Make libs in ps7_cortexa9_0/libsrc/standalone_v7_3/src

TRACE::2026-09-21.16:53:18::SCWMssOS::make -C ps7_cortexa9_0/libsrc/standalone_v7_3/src -s libs  "SHELL=/bin/sh" "COMPILER=arm-none-eabi-gcc" "ASSEMBLER=arm-none-eab
TRACE::2026-09-21.16:53:18::SCWMssOS::i-as" "ARCHIVER=arm-none-eabi-ar" "COMPILER_FLAGS=  -O2 -c" "EXTRA_COMPILER_FLAGS=-mcpu=cortex-a9 -mfpu=vfpv3 -mfloat-abi=hard 
TRACE::2026-09-21.16:53:18::SCWMssOS::-nostartfiles -g -Wall -Wextra"

TRACE::2026-09-21.16:53:18::SCWMssOS::Running Make libs in ps7_cortexa9_0/libsrc/uartps_v3_10/src

TRACE::2026-09-21.16:53:18::SCWMssOS::Running Make libs in ps7_cortexa9_0/libsrc/video_common_v4_10/src

TRACE::2026-09-21.16:53:18::SCWMssOS::Running Make libs in ps7_cortexa9_0/libsrc/xadcps_v2_5/src

TRACE::2026-09-21.16:53:18::SCWMssOS::make -C ps7_cortexa9_0/libsrc/xadcps_v2_5/src -s libs  "SHELL=/bin/sh" "COMPILER=arm-none-eabi-gcc" "ASSEMBLER=arm-none-eabi-as
TRACE::2026-09-21.16:53:18::SCWMssOS::" "ARCHIVER=arm-none-eabi-ar" "COMPILER_FLAGS=  -O2 -c" "EXTRA_COMPILER_FLAGS=-mcpu=cortex-a9 -mfpu=vfpv3 -mfloat-abi=hard -nos
TRACE::2026-09-21.16:53:18::SCWMssOS::tartfiles -g -Wall -Wextra"

TRACE::2026-09-21.16:53:18::SCWMssOS::make -C ps7_cortexa9_0/libsrc/uartps_v3_10/src -s libs  "SHELL=/bin/sh" "COMPILER=arm-none-eabi-gcc" "ASSEMBLER=arm-none-eabi-a
TRACE::2026-09-21.16:53:18::SCWMssOS::s" "ARCHIVER=arm-none-eabi-ar" "COMPILER_FLAGS=  -O2 -c" "EXTRA_COMPILER_FLAGS=-mcpu=cortex-a9 -mfpu=vfpv3 -mfloat-abi=hard -no
TRACE::2026-09-21.16:53:18::SCWMssOS::startfiles -g -Wall -Wextra"

TRACE::2026-09-21.16:53:18::SCWMssOS::Running Make libs in ps7_cortexa9_0/libsrc/v_tpg_v8_3/src

TRACE::2026-09-21.16:53:18::SCWMssOS::make -C ps7_cortexa9_0/libsrc/video_common_v4_10/src -s libs  "SHELL=/bin/sh" "COMPILER=arm-none-eabi-gcc" "ASSEMBLER=arm-none-
TRACE::2026-09-21.16:53:18::SCWMssOS::eabi-as" "ARCHIVER=arm-none-eabi-ar" "COMPILER_FLAGS=  -O2 -c" "EXTRA_COMPILER_FLAGS=-mcpu=cortex-a9 -mfpu=vfpv3 -mfloat-abi=ha
TRACE::2026-09-21.16:53:18::SCWMssOS::rd -nostartfiles -g -Wall -Wextra"

TRACE::2026-09-21.16:53:18::SCWMssOS::make -C ps7_cortexa9_0/libsrc/v_tpg_v8_3/src -s libs  "SHELL=/bin/sh" "COMPILER=arm-none-eabi-gcc" "ASSEMBLER=arm-none-eabi-as"
TRACE::2026-09-21.16:53:18::SCWMssOS:: "ARCHIVER=arm-none-eabi-ar" "COMPILER_FLAGS=  -O2 -c" "EXTRA_COMPILER_FLAGS=-mcpu=cortex-a9 -mfpu=vfpv3 -mfloat-abi=hard -nost
TRACE::2026-09-21.16:53:18::SCWMssOS::artfiles -g -Wall -Wextra"

TRACE::2026-09-21.16:53:23::SCWMssOS::Finished building libraries parallelly.

TRACE::2026-09-21.16:53:23::SCWMssOS::make --no-print-directory archive

TRACE::2026-09-21.16:53:23::SCWMssOS::arm-none-eabi-ar -r  ps7_cortexa9_0/lib/libxil.a ps7_cortexa9_0/lib/abort.o ps7_cortexa9_0/lib/asm_vectors.o ps7_cortexa9_0/lib
TRACE::2026-09-21.16:53:23::SCWMssOS::/boot.o ps7_cortexa9_0/lib/close.o ps7_cortexa9_0/lib/cpputest_time.o ps7_cortexa9_0/lib/cpu_init.o ps7_cortexa9_0/lib/errno.o 
TRACE::2026-09-21.16:53:23::SCWMssOS::ps7_cortexa9_0/lib/_exit.o ps7_cortexa9_0/lib/fcntl.o ps7_cortexa9_0/lib/fstat.o ps7_cortexa9_0/lib/getpid.o ps7_cortexa9_0/lib
TRACE::2026-09-21.16:53:23::SCWMssOS::/inbyte.o ps7_cortexa9_0/lib/isatty.o ps7_cortexa9_0/lib/kill.o ps7_cortexa9_0/lib/lseek.o ps7_cortexa9_0/lib/_open.o ps7_corte
TRACE::2026-09-21.16:53:23::SCWMssOS::xa9_0/lib/open.o ps7_cortexa9_0/lib/outbyte.o ps7_cortexa9_0/lib/print.o ps7_cortexa9_0/lib/putnum.o ps7_cortexa9_0/lib/read.o 
TRACE::2026-09-21.16:53:23::SCWMssOS::ps7_cortexa9_0/lib/_sbrk.o ps7_cortexa9_0/lib/sbrk.o ps7_cortexa9_0/lib/sleep.o ps7_cortexa9_0/lib/translation_table.o ps7_cort
TRACE::2026-09-21.16:53:23::SCWMssOS::exa9_0/lib/unlink.o ps7_cortexa9_0/lib/usleep.o ps7_cortexa9_0/lib/vectors.o ps7_cortexa9_0/lib/write.o ps7_cortexa9_0/lib/xadc
TRACE::2026-09-21.16:53:23::SCWMssOS::ps_g.o ps7_cortexa9_0/lib/xadcps_intr.o ps7_cortexa9_0/lib/xadcps.o ps7_cortexa9_0/lib/xadcps_selftest.o ps7_cortexa9_0/lib/xad
TRACE::2026-09-21.16:53:23::SCWMssOS::cps_sinit.o ps7_cortexa9_0/lib/xaxivdma_channel.o ps7_cortexa9_0/lib/xaxivdma_g.o ps7_cortexa9_0/lib/xaxivdma_intr.o ps7_cortex
TRACE::2026-09-21.16:53:23::SCWMssOS::a9_0/lib/xaxivdma.o ps7_cortexa9_0/lib/xaxivdma_selftest.o ps7_cortexa9_0/lib/xaxivdma_sinit.o ps7_cortexa9_0/lib/xcoresightpsd
TRACE::2026-09-21.16:53:23::SCWMssOS::cc.o ps7_cortexa9_0/lib/xdevcfg_g.o ps7_cortexa9_0/lib/xdevcfg_hw.o ps7_cortexa9_0/lib/xdevcfg_intr.o ps7_cortexa9_0/lib/xdevcf
TRACE::2026-09-21.16:53:23::SCWMssOS::g.o ps7_cortexa9_0/lib/xdevcfg_selftest.o ps7_cortexa9_0/lib/xdevcfg_sinit.o ps7_cortexa9_0/lib/xdmaps_g.o ps7_cortexa9_0/lib/x
TRACE::2026-09-21.16:53:23::SCWMssOS::dmaps_hw.o ps7_cortexa9_0/lib/xdmaps.o ps7_cortexa9_0/lib/xdmaps_selftest.o ps7_cortexa9_0/lib/xdmaps_sinit.o ps7_cortexa9_0/li
TRACE::2026-09-21.16:53:23::SCWMssOS::b/xemacps_bdring.o ps7_cortexa9_0/lib/xemacps_control.o ps7_cortexa9_0/lib/xemacps_g.o ps7_cortexa9_0/lib/xemacps_hw.o ps7_cort
TRACE::2026-09-21.16:53:23::SCWMssOS::exa9_0/lib/xemacps_intr.o ps7_cortexa9_0/lib/xemacps.o ps7_cortexa9_0/lib/xemacps_sinit.o ps7_cortexa9_0/lib/xil_assert.o ps7_c
TRACE::2026-09-21.16:53:23::SCWMssOS::ortexa9_0/lib/xil_cache.o ps7_cortexa9_0/lib/xil_clocking.o ps7_cortexa9_0/lib/xil-crt0.o ps7_cortexa9_0/lib/xil_exception.o ps
TRACE::2026-09-21.16:53:23::SCWMssOS::7_cortexa9_0/lib/xil_mem.o ps7_cortexa9_0/lib/xil_misc_psreset_api.o ps7_cortexa9_0/lib/xil_mmu.o ps7_cortexa9_0/lib/xil_printf
TRACE::2026-09-21.16:53:23::SCWMssOS::.o ps7_cortexa9_0/lib/xil_sleepcommon.o ps7_cortexa9_0/lib/xil_sleeptimer.o ps7_cortexa9_0/lib/xil_testcache.o ps7_cortexa9_0/l
TRACE::2026-09-21.16:53:23::SCWMssOS::ib/xil_testio.o ps7_cortexa9_0/lib/xil_testmem.o ps7_cortexa9_0/lib/xil_util.o ps7_cortexa9_0/lib/xl2cc_counter.o ps7_cortexa9_
TRACE::2026-09-21.16:53:23::SCWMssOS::0/lib/xplatform_info.o ps7_cortexa9_0/lib/xpm_counter.o ps7_cortexa9_0/lib/xscugic_g.o ps7_cortexa9_0/lib/xscugic_hw.o ps7_cort
TRACE::2026-09-21.16:53:23::SCWMssOS::exa9_0/lib/xscugic_intr.o ps7_cortexa9_0/lib/xscugic.o ps7_cortexa9_0/lib/xscugic_selftest.o ps7_cortexa9_0/lib/xscugic_sinit.o
TRACE::2026-09-21.16:53:23::SCWMssOS:: ps7_cortexa9_0/lib/xscutimer_g.o ps7_cortexa9_0/lib/xscutimer.o ps7_cortexa9_0/lib/xscutimer_selftest.o ps7_cortexa9_0/lib/xsc
TRACE::2026-09-21.16:53:23::SCWMssOS::utimer_sinit.o ps7_cortexa9_0/lib/xscuwdt_g.o ps7_cortexa9_0/lib/xscuwdt.o ps7_cortexa9_0/lib/xscuwdt_selftest.o ps7_cortexa9_0
TRACE::2026-09-21.16:53:23::SCWMssOS::/lib/xscuwdt_sinit.o ps7_cortexa9_0/lib/xsdps_card.o ps7_cortexa9_0/lib/xsdps_g.o ps7_cortexa9_0/lib/xsdps_host.o ps7_cortexa9_
TRACE::2026-09-21.16:53:23::SCWMssOS::0/lib/xsdps.o ps7_cortexa9_0/lib/xsdps_options.o ps7_cortexa9_0/lib/xsdps_sinit.o ps7_cortexa9_0/lib/xtime_l.o ps7_cortexa9_0/l
TRACE::2026-09-21.16:53:23::SCWMssOS::ib/xuartps_g.o ps7_cortexa9_0/lib/xuartps_hw.o ps7_cortexa9_0/lib/xuartps_intr.o ps7_cortexa9_0/lib/xuartps.o ps7_cortexa9_0/li
TRACE::2026-09-21.16:53:23::SCWMssOS::b/xuartps_options.o ps7_cortexa9_0/lib/xuartps_selftest.o ps7_cortexa9_0/lib/xuartps_sinit.o ps7_cortexa9_0/lib/xvidc_edid_ext.
TRACE::2026-09-21.16:53:23::SCWMssOS::o ps7_cortexa9_0/lib/xvidc_edid.o ps7_cortexa9_0/lib/xvidc.o ps7_cortexa9_0/lib/xvidc_parse_edid.o ps7_cortexa9_0/lib/xvidc_tim
TRACE::2026-09-21.16:53:23::SCWMssOS::ings_table.o ps7_cortexa9_0/lib/xv_tpg_g.o ps7_cortexa9_0/lib/xv_tpg_linux.o ps7_cortexa9_0/lib/xv_tpg.o ps7_cortexa9_0/lib/xv_
TRACE::2026-09-21.16:53:23::SCWMssOS::tpg_sinit.o

TRACE::2026-09-21.16:53:23::SCWMssOS::Finished building libraries

TRACE::2026-09-21.16:53:24::SCWMssOS::Copying to export directory.
TRACE::2026-09-21.16:53:24::SCWMssOS:: Checking if to create the Supporting Applications
TRACE::2026-09-21.16:53:24::SCWMssOS:: No Linux domain exists, trying to generate FSBL 
LOG::2026-09-21.16:53:24::SCWSystem::Completed Processing the domain standalone_ps7_cortexa9_0
LOG::2026-09-21.16:53:24::SCWSystem::Completed Processing the sysconfig zynq_wrapper
LOG::2026-09-21.16:53:24::SCWPlatform::Completed generating the artifacts for system configuration zynq_wrapper
TRACE::2026-09-21.16:53:24::SCWPlatform::Started preparing the platform 
TRACE::2026-09-21.16:53:24::SCWSystem::Writing the bif file for system config zynq_wrapper
TRACE::2026-09-21.16:53:24::SCWSystem::dir created 
TRACE::2026-09-21.16:53:24::SCWSystem::Writing the bif 
TRACE::2026-09-21.16:53:24::SCWPlatform::Started writing the spfm file 
TRACE::2026-09-21.16:53:24::SCWPlatform::Started writing the xpfm file 
TRACE::2026-09-21.16:53:24::SCWPlatform::Completed generating the platform
TRACE::2026-09-21.16:53:24::SCWMssOS::Saving the mss changes /home/alexey/programming/systemverilog/ethernet_image_transfer/fpga/zynq_wrapper/zynq_fsbl/zynq_fsbl_bsp/system.mss
TRACE::2026-09-21.16:53:24::SCWMssOS::Found a swdesign opened with the mssfile.
TRACE::2026-09-21.16:53:24::SCWMssOS::Completed writemss as part of save.
TRACE::2026-09-21.16:53:24::SCWMssOS::Commit changes completed.
TRACE::2026-09-21.16:53:24::SCWMssOS::Saving the mss changes /home/alexey/programming/systemverilog/ethernet_image_transfer/fpga/zynq_wrapper/ps7_cortexa9_0/standalone_ps7_cortexa9_0/bsp/system.mss
TRACE::2026-09-21.16:53:24::SCWMssOS::Found a swdesign opened with the mssfile.
TRACE::2026-09-21.16:53:24::SCWMssOS::Completed writemss as part of save.
TRACE::2026-09-21.16:53:24::SCWMssOS::Commit changes completed.
TRACE::2026-09-21.16:53:24::SCWPlatform::Trying to open the hw design at /home/alexey/programming/systemverilog/ethernet_image_transfer/fpga/zynq_wrapper/hw/zynq_wrapper.xsa
TRACE::2026-09-21.16:53:24::SCWPlatform::DSA given /home/alexey/programming/systemverilog/ethernet_image_transfer/fpga/zynq_wrapper/hw/zynq_wrapper.xsa
TRACE::2026-09-21.16:53:24::SCWPlatform::DSA absoulate path /home/alexey/programming/systemverilog/ethernet_image_transfer/fpga/zynq_wrapper/hw/zynq_wrapper.xsa
TRACE::2026-09-21.16:53:24::SCWPlatform::DSA directory /home/alexey/programming/systemverilog/ethernet_image_transfer/fpga/zynq_wrapper/hw
TRACE::2026-09-21.16:53:24::SCWPlatform:: Platform Path /home/alexey/programming/systemverilog/ethernet_image_transfer/fpga/zynq_wrapper/hw/zynq_wrapper.xsa
TRACE::2026-09-21.16:53:24::SCWPlatform:: Unique name xilinx:::0.0
TRACE::2026-09-21.16:53:24::SCWPlatform::Trying to set the existing hwdb with name zynq_wrapper_3
TRACE::2026-09-21.16:53:24::SCWPlatform::Opened existing hwdb zynq_wrapper_3
TRACE::2026-09-21.16:53:24::SCWPlatform::Found the Hw Db part of the input DSA
TRACE::2026-09-21.16:53:24::SCWMssOS::Checking the sw design at  /home/alexey/programming/systemverilog/ethernet_image_transfer/fpga/zynq_wrapper/zynq_fsbl/zynq_fsbl_bsp/system.mss
TRACE::2026-09-21.16:53:24::SCWMssOS::DEBUG:  swdes dump  /home/alexey/programming/systemverilog/ethernet_image_transfer/fpga/zynq_wrapper/ps7_cortexa9_0/standalone_ps7_cortexa9_0/bsp/system.mss|system||
/home/alexey/programming/systemverilog/ethernet_image_transfer/fpga/zynq_wrapper/zynq_fsbl/zynq_fsbl_bsp/system.mss|system_0||

TRACE::2026-09-21.16:53:24::SCWMssOS::Sw design exists and opened at  /home/alexey/programming/systemverilog/ethernet_image_transfer/fpga/zynq_wrapper/zynq_fsbl/zynq_fsbl_bsp/system.mss
TRACE::2026-09-21.16:53:24::SCWPlatform::Trying to open the hw design at /home/alexey/programming/systemverilog/ethernet_image_transfer/fpga/zynq_wrapper/hw/zynq_wrapper.xsa
TRACE::2026-09-21.16:53:24::SCWPlatform::DSA given /home/alexey/programming/systemverilog/ethernet_image_transfer/fpga/zynq_wrapper/hw/zynq_wrapper.xsa
TRACE::2026-09-21.16:53:24::SCWPlatform::DSA absoulate path /home/alexey/programming/systemverilog/ethernet_image_transfer/fpga/zynq_wrapper/hw/zynq_wrapper.xsa
TRACE::2026-09-21.16:53:24::SCWPlatform::DSA directory /home/alexey/programming/systemverilog/ethernet_image_transfer/fpga/zynq_wrapper/hw
TRACE::2026-09-21.16:53:24::SCWPlatform:: Platform Path /home/alexey/programming/systemverilog/ethernet_image_transfer/fpga/zynq_wrapper/hw/zynq_wrapper.xsa
TRACE::2026-09-21.16:53:24::SCWPlatform:: Unique name xilinx:::0.0
TRACE::2026-09-21.16:53:24::SCWPlatform::Trying to set the existing hwdb with name zynq_wrapper_3
TRACE::2026-09-21.16:53:24::SCWPlatform::Opened existing hwdb zynq_wrapper_3
TRACE::2026-09-21.16:53:24::SCWPlatform::Found the Hw Db part of the input DSA
TRACE::2026-09-21.16:53:24::SCWMssOS::Checking the sw design at  /home/alexey/programming/systemverilog/ethernet_image_transfer/fpga/zynq_wrapper/ps7_cortexa9_0/standalone_ps7_cortexa9_0/bsp/system.mss
TRACE::2026-09-21.16:53:24::SCWMssOS::DEBUG:  swdes dump  /home/alexey/programming/systemverilog/ethernet_image_transfer/fpga/zynq_wrapper/ps7_cortexa9_0/standalone_ps7_cortexa9_0/bsp/system.mss|system||
/home/alexey/programming/systemverilog/ethernet_image_transfer/fpga/zynq_wrapper/zynq_fsbl/zynq_fsbl_bsp/system.mss|system_0||

TRACE::2026-09-21.16:53:24::SCWMssOS::Sw design exists and opened at  /home/alexey/programming/systemverilog/ethernet_image_transfer/fpga/zynq_wrapper/ps7_cortexa9_0/standalone_ps7_cortexa9_0/bsp/system.mss
TRACE::2026-09-21.16:53:24::SCWWriter::formatted JSON is {
	"platformName":	"zynq_wrapper",
	"sprVersion":	"2.0",
	"mode":	"gui",
	"dsaType":	"Fixed",
	"platformDesc":	"zynq_wrapper",
	"platHandOff":	"<platformDir>.xsa",
	"platIntHandOff":	"<platformDir>/hw/zynq_wrapper.xsa",
	"deviceType":	"zynq",
	"platIsPrebuiltAutogen":	"false",
	"platIsNoBootBsp":	"false",
	"hasFsblMakeHasChanges":	"false",
	"hasPmufwMakeHasChanges":	"false",
	"fsblExtraCompilerFlags":	"-MMD -MP       -mcpu=cortex-a9 -mfpu=vfpv3 -mfloat-abi=hard ",
	"platPreBuiltFlag":	false,
	"platformSamplesDir":	"",
	"platActiveSys":	"zynq_wrapper",
	"systems":	[{
			"systemName":	"zynq_wrapper",
			"systemDesc":	"zynq_wrapper",
			"sysIsBootAutoGen":	"true",
			"systemDispName":	"zynq_wrapper",
			"sysActiveDom":	"standalone_ps7_cortexa9_0",
			"sysDefaultDom":	"standalone_ps7_cortexa9_0",
			"domains":	[{
					"domainName":	"zynq_fsbl",
					"domainDispName":	"zynq_fsbl",
					"domainDesc":	"FSBL Application BSP - Auto Generated.",
					"processors":	"ps7_cortexa9_0",
					"os":	"standalone",
					"sdxOs":	"standalone",
					"debugEnable":	"",
					"domRuntimes":	["cpp"],
					"swRepo":	"",
					"mssOsVer":	"7.3",
					"mssFile":	"",
					"md5Digest":	"02611ff010f3535202adf0baa1ae5f02",
					"compatibleApp":	"zynq_fsbl",
					"domType":	"bootDomain",
					"arch":	"32-bit",
					"appSettings":	{
						"appCompilerFlags":	"",
						"appLinkerFlags":	""
					},
					"addedLibs":	["xilffs:4.4", "xilrsa:1.6", "lwip211:1.3"],
					"libOptions":	{
						"libsContainingOptions":	[]
					},
					"prebuiltLibs":	{
						"prebuiltIncPath":	[],
						"prebuiltLibPath":	[]
					},
					"isolation":	{
					}
				}, {
					"domainName":	"standalone_ps7_cortexa9_0",
					"domainDispName":	"standalone_ps7_cortexa9_0",
					"domainDesc":	"standalone_ps7_cortexa9_0",
					"processors":	"ps7_cortexa9_0",
					"os":	"standalone",
					"sdxOs":	"standalone",
					"qemuArgs":	"/home/alexey/Xilinx/Vitis/2020.2/data/emulation/platforms/zynq/sw/a9_standalone/qemu/qemu_args.txt",
					"qemuData":	"/home/alexey/Xilinx/Vitis/2020.2/data/emulation/platforms/zynq/sw/a9_standalone/qemu/",
					"debugEnable":	"False",
					"domRuntimes":	["cpp"],
					"swRepo":	"",
					"mssOsVer":	"7.3",
					"mssFile":	"",
					"md5Digest":	"d5cd93a6015e5bf266a97221ed0b6eb5",
					"compatibleApp":	"",
					"domType":	"mssDomain",
					"arch":	"32-bit",
					"appSettings":	{
						"appCompilerFlags":	"",
						"appLinkerFlags":	""
					},
					"addedLibs":	["lwip211:1.3"],
					"libOptions":	{
						"libsContainingOptions":	[]
					},
					"prebuiltLibs":	{
						"prebuiltIncPath":	[],
						"prebuiltLibPath":	[]
					},
					"isolation":	{
					}
				}]
		}]
}
KEYINFO::2026-09-21.16:53:24::SCWPlatform::updated the xpfm file.
TRACE::2026-09-21.16:53:24::SCWPlatform::Trying to open the hw design at /home/alexey/programming/systemverilog/ethernet_image_transfer/fpga/zynq_wrapper/hw/zynq_wrapper.xsa
TRACE::2026-09-21.16:53:24::SCWPlatform::DSA given /home/alexey/programming/systemverilog/ethernet_image_transfer/fpga/zynq_wrapper/hw/zynq_wrapper.xsa
TRACE::2026-09-21.16:53:24::SCWPlatform::DSA absoulate path /home/alexey/programming/systemverilog/ethernet_image_transfer/fpga/zynq_wrapper/hw/zynq_wrapper.xsa
TRACE::2026-09-21.16:53:24::SCWPlatform::DSA directory /home/alexey/programming/systemverilog/ethernet_image_transfer/fpga/zynq_wrapper/hw
TRACE::2026-09-21.16:53:24::SCWPlatform:: Platform Path /home/alexey/programming/systemverilog/ethernet_image_transfer/fpga/zynq_wrapper/hw/zynq_wrapper.xsa
TRACE::2026-09-21.16:53:24::SCWPlatform:: Unique name xilinx:::0.0
TRACE::2026-09-21.16:53:24::SCWPlatform::Trying to set the existing hwdb with name zynq_wrapper_3
TRACE::2026-09-21.16:53:24::SCWPlatform::Opened existing hwdb zynq_wrapper_3
TRACE::2026-09-21.16:53:24::SCWPlatform::Found the Hw Db part of the input DSA
TRACE::2026-09-21.16:53:24::SCWMssOS::Checking the sw design at  /home/alexey/programming/systemverilog/ethernet_image_transfer/fpga/zynq_wrapper/ps7_cortexa9_0/standalone_ps7_cortexa9_0/bsp/system.mss
TRACE::2026-09-21.16:53:24::SCWMssOS::DEBUG:  swdes dump  /home/alexey/programming/systemverilog/ethernet_image_transfer/fpga/zynq_wrapper/ps7_cortexa9_0/standalone_ps7_cortexa9_0/bsp/system.mss|system||
/home/alexey/programming/systemverilog/ethernet_image_transfer/fpga/zynq_wrapper/zynq_fsbl/zynq_fsbl_bsp/system.mss|system_0||

TRACE::2026-09-21.16:53:24::SCWMssOS::Sw design exists and opened at  /home/alexey/programming/systemverilog/ethernet_image_transfer/fpga/zynq_wrapper/ps7_cortexa9_0/standalone_ps7_cortexa9_0/bsp/system.mss
TRACE::2026-09-21.17:36:38::SCWPlatform::Trying to open the hw design at /home/alexey/programming/systemverilog/ethernet_image_transfer/fpga/zynq_wrapper/hw/zynq_wrapper.xsa
TRACE::2026-09-21.17:36:38::SCWPlatform::DSA given /home/alexey/programming/systemverilog/ethernet_image_transfer/fpga/zynq_wrapper/hw/zynq_wrapper.xsa
TRACE::2026-09-21.17:36:38::SCWPlatform::DSA absoulate path /home/alexey/programming/systemverilog/ethernet_image_transfer/fpga/zynq_wrapper/hw/zynq_wrapper.xsa
TRACE::2026-09-21.17:36:38::SCWPlatform::DSA directory /home/alexey/programming/systemverilog/ethernet_image_transfer/fpga/zynq_wrapper/hw
TRACE::2026-09-21.17:36:38::SCWPlatform:: Platform Path /home/alexey/programming/systemverilog/ethernet_image_transfer/fpga/zynq_wrapper/hw/zynq_wrapper.xsa
TRACE::2026-09-21.17:36:38::SCWPlatform:: Unique name xilinx:::0.0
TRACE::2026-09-21.17:36:38::SCWPlatform::Trying to set the existing hwdb with name zynq_wrapper_3
TRACE::2026-09-21.17:36:38::SCWPlatform::Opened existing hwdb zynq_wrapper_3
TRACE::2026-09-21.17:36:38::SCWPlatform::Found the Hw Db part of the input DSA
TRACE::2026-09-21.17:36:38::SCWMssOS::Checking the sw design at  /home/alexey/programming/systemverilog/ethernet_image_transfer/fpga/zynq_wrapper/ps7_cortexa9_0/standalone_ps7_cortexa9_0/bsp/system.mss
TRACE::2026-09-21.17:36:38::SCWMssOS::DEBUG:  swdes dump  /home/alexey/programming/systemverilog/ethernet_image_transfer/fpga/zynq_wrapper/ps7_cortexa9_0/standalone_ps7_cortexa9_0/bsp/system.mss|system||
/home/alexey/programming/systemverilog/ethernet_image_transfer/fpga/zynq_wrapper/zynq_fsbl/zynq_fsbl_bsp/system.mss|system_0||

TRACE::2026-09-21.17:36:38::SCWMssOS::Sw design exists and opened at  /home/alexey/programming/systemverilog/ethernet_image_transfer/fpga/zynq_wrapper/ps7_cortexa9_0/standalone_ps7_cortexa9_0/bsp/system.mss
TRACE::2026-09-21.17:37:54::SCWPlatform::Trying to open the hw design at /home/alexey/programming/systemverilog/ethernet_image_transfer/fpga/zynq_wrapper/hw/zynq_wrapper.xsa
TRACE::2026-09-21.17:37:54::SCWPlatform::DSA given /home/alexey/programming/systemverilog/ethernet_image_transfer/fpga/zynq_wrapper/hw/zynq_wrapper.xsa
TRACE::2026-09-21.17:37:54::SCWPlatform::DSA absoulate path /home/alexey/programming/systemverilog/ethernet_image_transfer/fpga/zynq_wrapper/hw/zynq_wrapper.xsa
TRACE::2026-09-21.17:37:54::SCWPlatform::DSA directory /home/alexey/programming/systemverilog/ethernet_image_transfer/fpga/zynq_wrapper/hw
TRACE::2026-09-21.17:37:54::SCWPlatform:: Platform Path /home/alexey/programming/systemverilog/ethernet_image_transfer/fpga/zynq_wrapper/hw/zynq_wrapper.xsa
TRACE::2026-09-21.17:37:54::SCWPlatform:: Unique name xilinx:::0.0
TRACE::2026-09-21.17:37:54::SCWPlatform::Trying to set the existing hwdb with name zynq_wrapper_3
TRACE::2026-09-21.17:37:54::SCWPlatform::Opened existing hwdb zynq_wrapper_3
TRACE::2026-09-21.17:37:54::SCWPlatform::Found the Hw Db part of the input DSA
TRACE::2026-09-21.17:37:54::SCWMssOS::Checking the sw design at  /home/alexey/programming/systemverilog/ethernet_image_transfer/fpga/zynq_wrapper/ps7_cortexa9_0/standalone_ps7_cortexa9_0/bsp/system.mss
TRACE::2026-09-21.17:37:54::SCWMssOS::DEBUG:  swdes dump  /home/alexey/programming/systemverilog/ethernet_image_transfer/fpga/zynq_wrapper/ps7_cortexa9_0/standalone_ps7_cortexa9_0/bsp/system.mss|system||
/home/alexey/programming/systemverilog/ethernet_image_transfer/fpga/zynq_wrapper/zynq_fsbl/zynq_fsbl_bsp/system.mss|system_0||

TRACE::2026-09-21.17:37:54::SCWMssOS::Sw design exists and opened at  /home/alexey/programming/systemverilog/ethernet_image_transfer/fpga/zynq_wrapper/ps7_cortexa9_0/standalone_ps7_cortexa9_0/bsp/system.mss
TRACE::2026-09-21.17:37:54::SCWPlatform::Trying to open the hw design at /home/alexey/programming/systemverilog/ethernet_image_transfer/fpga/zynq_wrapper/hw/zynq_wrapper.xsa
TRACE::2026-09-21.17:37:54::SCWPlatform::DSA given /home/alexey/programming/systemverilog/ethernet_image_transfer/fpga/zynq_wrapper/hw/zynq_wrapper.xsa
TRACE::2026-09-21.17:37:54::SCWPlatform::DSA absoulate path /home/alexey/programming/systemverilog/ethernet_image_transfer/fpga/zynq_wrapper/hw/zynq_wrapper.xsa
TRACE::2026-09-21.17:37:54::SCWPlatform::DSA directory /home/alexey/programming/systemverilog/ethernet_image_transfer/fpga/zynq_wrapper/hw
TRACE::2026-09-21.17:37:54::SCWPlatform:: Platform Path /home/alexey/programming/systemverilog/ethernet_image_transfer/fpga/zynq_wrapper/hw/zynq_wrapper.xsa
TRACE::2026-09-21.17:37:54::SCWPlatform:: Unique name xilinx:::0.0
TRACE::2026-09-21.17:37:54::SCWPlatform::Trying to set the existing hwdb with name zynq_wrapper_3
TRACE::2026-09-21.17:37:54::SCWPlatform::Opened existing hwdb zynq_wrapper_3
TRACE::2026-09-21.17:37:54::SCWPlatform::Found the Hw Db part of the input DSA
TRACE::2026-09-21.17:37:54::SCWMssOS::Checking the sw design at  /home/alexey/programming/systemverilog/ethernet_image_transfer/fpga/zynq_wrapper/ps7_cortexa9_0/standalone_ps7_cortexa9_0/bsp/system.mss
TRACE::2026-09-21.17:37:54::SCWMssOS::DEBUG:  swdes dump  /home/alexey/programming/systemverilog/ethernet_image_transfer/fpga/zynq_wrapper/ps7_cortexa9_0/standalone_ps7_cortexa9_0/bsp/system.mss|system||
/home/alexey/programming/systemverilog/ethernet_image_transfer/fpga/zynq_wrapper/zynq_fsbl/zynq_fsbl_bsp/system.mss|system_0||

TRACE::2026-09-21.17:37:54::SCWMssOS::Sw design exists and opened at  /home/alexey/programming/systemverilog/ethernet_image_transfer/fpga/zynq_wrapper/ps7_cortexa9_0/standalone_ps7_cortexa9_0/bsp/system.mss
TRACE::2026-09-21.17:37:54::SCWPlatform::Trying to open the hw design at /home/alexey/programming/systemverilog/ethernet_image_transfer/fpga/zynq_wrapper/hw/zynq_wrapper.xsa
TRACE::2026-09-21.17:37:54::SCWPlatform::DSA given /home/alexey/programming/systemverilog/ethernet_image_transfer/fpga/zynq_wrapper/hw/zynq_wrapper.xsa
TRACE::2026-09-21.17:37:54::SCWPlatform::DSA absoulate path /home/alexey/programming/systemverilog/ethernet_image_transfer/fpga/zynq_wrapper/hw/zynq_wrapper.xsa
TRACE::2026-09-21.17:37:54::SCWPlatform::DSA directory /home/alexey/programming/systemverilog/ethernet_image_transfer/fpga/zynq_wrapper/hw
TRACE::2026-09-21.17:37:54::SCWPlatform:: Platform Path /home/alexey/programming/systemverilog/ethernet_image_transfer/fpga/zynq_wrapper/hw/zynq_wrapper.xsa
TRACE::2026-09-21.17:37:54::SCWPlatform:: Unique name xilinx:::0.0
TRACE::2026-09-21.17:37:54::SCWPlatform::Trying to set the existing hwdb with name zynq_wrapper_3
TRACE::2026-09-21.17:37:54::SCWPlatform::Opened existing hwdb zynq_wrapper_3
TRACE::2026-09-21.17:37:54::SCWPlatform::Found the Hw Db part of the input DSA
TRACE::2026-09-21.17:37:54::SCWMssOS::Checking the sw design at  /home/alexey/programming/systemverilog/ethernet_image_transfer/fpga/zynq_wrapper/ps7_cortexa9_0/standalone_ps7_cortexa9_0/bsp/system.mss
TRACE::2026-09-21.17:37:54::SCWMssOS::DEBUG:  swdes dump  /home/alexey/programming/systemverilog/ethernet_image_transfer/fpga/zynq_wrapper/ps7_cortexa9_0/standalone_ps7_cortexa9_0/bsp/system.mss|system||
/home/alexey/programming/systemverilog/ethernet_image_transfer/fpga/zynq_wrapper/zynq_fsbl/zynq_fsbl_bsp/system.mss|system_0||

TRACE::2026-09-21.17:37:54::SCWMssOS::Sw design exists and opened at  /home/alexey/programming/systemverilog/ethernet_image_transfer/fpga/zynq_wrapper/ps7_cortexa9_0/standalone_ps7_cortexa9_0/bsp/system.mss
TRACE::2026-09-21.17:37:54::SCWPlatform::Trying to open the hw design at /home/alexey/programming/systemverilog/ethernet_image_transfer/fpga/zynq_wrapper/hw/zynq_wrapper.xsa
TRACE::2026-09-21.17:37:54::SCWPlatform::DSA given /home/alexey/programming/systemverilog/ethernet_image_transfer/fpga/zynq_wrapper/hw/zynq_wrapper.xsa
TRACE::2026-09-21.17:37:54::SCWPlatform::DSA absoulate path /home/alexey/programming/systemverilog/ethernet_image_transfer/fpga/zynq_wrapper/hw/zynq_wrapper.xsa
TRACE::2026-09-21.17:37:54::SCWPlatform::DSA directory /home/alexey/programming/systemverilog/ethernet_image_transfer/fpga/zynq_wrapper/hw
TRACE::2026-09-21.17:37:54::SCWPlatform:: Platform Path /home/alexey/programming/systemverilog/ethernet_image_transfer/fpga/zynq_wrapper/hw/zynq_wrapper.xsa
TRACE::2026-09-21.17:37:54::SCWPlatform:: Unique name xilinx:::0.0
TRACE::2026-09-21.17:37:54::SCWPlatform::Trying to set the existing hwdb with name zynq_wrapper_3
TRACE::2026-09-21.17:37:54::SCWPlatform::Opened existing hwdb zynq_wrapper_3
TRACE::2026-09-21.17:37:54::SCWPlatform::Found the Hw Db part of the input DSA
TRACE::2026-09-21.17:37:54::SCWMssOS::Checking the sw design at  /home/alexey/programming/systemverilog/ethernet_image_transfer/fpga/zynq_wrapper/ps7_cortexa9_0/standalone_ps7_cortexa9_0/bsp/system.mss
TRACE::2026-09-21.17:37:54::SCWMssOS::DEBUG:  swdes dump  /home/alexey/programming/systemverilog/ethernet_image_transfer/fpga/zynq_wrapper/ps7_cortexa9_0/standalone_ps7_cortexa9_0/bsp/system.mss|system||
/home/alexey/programming/systemverilog/ethernet_image_transfer/fpga/zynq_wrapper/zynq_fsbl/zynq_fsbl_bsp/system.mss|system_0||

TRACE::2026-09-21.17:37:54::SCWMssOS::Sw design exists and opened at  /home/alexey/programming/systemverilog/ethernet_image_transfer/fpga/zynq_wrapper/ps7_cortexa9_0/standalone_ps7_cortexa9_0/bsp/system.mss
TRACE::2026-09-21.17:37:54::SCWPlatform::Trying to open the hw design at /home/alexey/programming/systemverilog/ethernet_image_transfer/fpga/zynq_wrapper/hw/zynq_wrapper.xsa
TRACE::2026-09-21.17:37:54::SCWPlatform::DSA given /home/alexey/programming/systemverilog/ethernet_image_transfer/fpga/zynq_wrapper/hw/zynq_wrapper.xsa
TRACE::2026-09-21.17:37:54::SCWPlatform::DSA absoulate path /home/alexey/programming/systemverilog/ethernet_image_transfer/fpga/zynq_wrapper/hw/zynq_wrapper.xsa
TRACE::2026-09-21.17:37:54::SCWPlatform::DSA directory /home/alexey/programming/systemverilog/ethernet_image_transfer/fpga/zynq_wrapper/hw
TRACE::2026-09-21.17:37:54::SCWPlatform:: Platform Path /home/alexey/programming/systemverilog/ethernet_image_transfer/fpga/zynq_wrapper/hw/zynq_wrapper.xsa
TRACE::2026-09-21.17:37:54::SCWPlatform:: Unique name xilinx:::0.0
TRACE::2026-09-21.17:37:54::SCWPlatform::Trying to set the existing hwdb with name zynq_wrapper_3
TRACE::2026-09-21.17:37:54::SCWPlatform::Opened existing hwdb zynq_wrapper_3
TRACE::2026-09-21.17:37:54::SCWPlatform::Found the Hw Db part of the input DSA
TRACE::2026-09-21.17:37:54::SCWMssOS::Checking the sw design at  /home/alexey/programming/systemverilog/ethernet_image_transfer/fpga/zynq_wrapper/ps7_cortexa9_0/standalone_ps7_cortexa9_0/bsp/system.mss
TRACE::2026-09-21.17:37:54::SCWMssOS::DEBUG:  swdes dump  /home/alexey/programming/systemverilog/ethernet_image_transfer/fpga/zynq_wrapper/ps7_cortexa9_0/standalone_ps7_cortexa9_0/bsp/system.mss|system||
/home/alexey/programming/systemverilog/ethernet_image_transfer/fpga/zynq_wrapper/zynq_fsbl/zynq_fsbl_bsp/system.mss|system_0||

TRACE::2026-09-21.17:37:54::SCWMssOS::Sw design exists and opened at  /home/alexey/programming/systemverilog/ethernet_image_transfer/fpga/zynq_wrapper/ps7_cortexa9_0/standalone_ps7_cortexa9_0/bsp/system.mss
TRACE::2026-09-21.17:37:54::SCWPlatform::Trying to open the hw design at /home/alexey/programming/systemverilog/ethernet_image_transfer/fpga/zynq_wrapper/hw/zynq_wrapper.xsa
TRACE::2026-09-21.17:37:54::SCWPlatform::DSA given /home/alexey/programming/systemverilog/ethernet_image_transfer/fpga/zynq_wrapper/hw/zynq_wrapper.xsa
TRACE::2026-09-21.17:37:54::SCWPlatform::DSA absoulate path /home/alexey/programming/systemverilog/ethernet_image_transfer/fpga/zynq_wrapper/hw/zynq_wrapper.xsa
TRACE::2026-09-21.17:37:54::SCWPlatform::DSA directory /home/alexey/programming/systemverilog/ethernet_image_transfer/fpga/zynq_wrapper/hw
TRACE::2026-09-21.17:37:54::SCWPlatform:: Platform Path /home/alexey/programming/systemverilog/ethernet_image_transfer/fpga/zynq_wrapper/hw/zynq_wrapper.xsa
TRACE::2026-09-21.17:37:54::SCWPlatform:: Unique name xilinx:::0.0
TRACE::2026-09-21.17:37:54::SCWPlatform::Trying to set the existing hwdb with name zynq_wrapper_3
TRACE::2026-09-21.17:37:54::SCWPlatform::Opened existing hwdb zynq_wrapper_3
TRACE::2026-09-21.17:37:54::SCWPlatform::Found the Hw Db part of the input DSA
TRACE::2026-09-21.17:37:54::SCWMssOS::Checking the sw design at  /home/alexey/programming/systemverilog/ethernet_image_transfer/fpga/zynq_wrapper/ps7_cortexa9_0/standalone_ps7_cortexa9_0/bsp/system.mss
TRACE::2026-09-21.17:37:54::SCWMssOS::DEBUG:  swdes dump  /home/alexey/programming/systemverilog/ethernet_image_transfer/fpga/zynq_wrapper/ps7_cortexa9_0/standalone_ps7_cortexa9_0/bsp/system.mss|system||
/home/alexey/programming/systemverilog/ethernet_image_transfer/fpga/zynq_wrapper/zynq_fsbl/zynq_fsbl_bsp/system.mss|system_0||

TRACE::2026-09-21.17:37:54::SCWMssOS::Sw design exists and opened at  /home/alexey/programming/systemverilog/ethernet_image_transfer/fpga/zynq_wrapper/ps7_cortexa9_0/standalone_ps7_cortexa9_0/bsp/system.mss
TRACE::2026-09-21.17:38:01::SCWMssOS::Saving the mss changes /home/alexey/programming/systemverilog/ethernet_image_transfer/fpga/zynq_wrapper/zynq_fsbl/zynq_fsbl_bsp/system.mss
TRACE::2026-09-21.17:38:01::SCWMssOS::Found a swdesign opened with the mssfile.
TRACE::2026-09-21.17:38:01::SCWMssOS::Completed writemss as part of save.
TRACE::2026-09-21.17:38:01::SCWMssOS::Commit changes completed.
TRACE::2026-09-21.17:38:01::SCWMssOS::Saving the mss changes /home/alexey/programming/systemverilog/ethernet_image_transfer/fpga/zynq_wrapper/ps7_cortexa9_0/standalone_ps7_cortexa9_0/bsp/system.mss
TRACE::2026-09-21.17:38:01::SCWMssOS::Found a swdesign opened with the mssfile.
TRACE::2026-09-21.17:38:01::SCWMssOS::Completed writemss as part of save.
TRACE::2026-09-21.17:38:01::SCWMssOS::Commit changes completed.
TRACE::2026-09-21.17:38:01::SCWPlatform::Trying to open the hw design at /home/alexey/programming/systemverilog/ethernet_image_transfer/fpga/zynq_wrapper/hw/zynq_wrapper.xsa
TRACE::2026-09-21.17:38:01::SCWPlatform::DSA given /home/alexey/programming/systemverilog/ethernet_image_transfer/fpga/zynq_wrapper/hw/zynq_wrapper.xsa
TRACE::2026-09-21.17:38:01::SCWPlatform::DSA absoulate path /home/alexey/programming/systemverilog/ethernet_image_transfer/fpga/zynq_wrapper/hw/zynq_wrapper.xsa
TRACE::2026-09-21.17:38:01::SCWPlatform::DSA directory /home/alexey/programming/systemverilog/ethernet_image_transfer/fpga/zynq_wrapper/hw
TRACE::2026-09-21.17:38:01::SCWPlatform:: Platform Path /home/alexey/programming/systemverilog/ethernet_image_transfer/fpga/zynq_wrapper/hw/zynq_wrapper.xsa
TRACE::2026-09-21.17:38:01::SCWPlatform:: Unique name xilinx:::0.0
TRACE::2026-09-21.17:38:01::SCWPlatform::Trying to set the existing hwdb with name zynq_wrapper_3
TRACE::2026-09-21.17:38:01::SCWPlatform::Opened existing hwdb zynq_wrapper_3
TRACE::2026-09-21.17:38:01::SCWPlatform::Found the Hw Db part of the input DSA
TRACE::2026-09-21.17:38:01::SCWMssOS::Checking the sw design at  /home/alexey/programming/systemverilog/ethernet_image_transfer/fpga/zynq_wrapper/zynq_fsbl/zynq_fsbl_bsp/system.mss
TRACE::2026-09-21.17:38:01::SCWMssOS::DEBUG:  swdes dump  /home/alexey/programming/systemverilog/ethernet_image_transfer/fpga/zynq_wrapper/ps7_cortexa9_0/standalone_ps7_cortexa9_0/bsp/system.mss|system||
/home/alexey/programming/systemverilog/ethernet_image_transfer/fpga/zynq_wrapper/zynq_fsbl/zynq_fsbl_bsp/system.mss|system_0||

TRACE::2026-09-21.17:38:01::SCWMssOS::Sw design exists and opened at  /home/alexey/programming/systemverilog/ethernet_image_transfer/fpga/zynq_wrapper/zynq_fsbl/zynq_fsbl_bsp/system.mss
TRACE::2026-09-21.17:38:01::SCWPlatform::Trying to open the hw design at /home/alexey/programming/systemverilog/ethernet_image_transfer/fpga/zynq_wrapper/hw/zynq_wrapper.xsa
TRACE::2026-09-21.17:38:01::SCWPlatform::DSA given /home/alexey/programming/systemverilog/ethernet_image_transfer/fpga/zynq_wrapper/hw/zynq_wrapper.xsa
TRACE::2026-09-21.17:38:01::SCWPlatform::DSA absoulate path /home/alexey/programming/systemverilog/ethernet_image_transfer/fpga/zynq_wrapper/hw/zynq_wrapper.xsa
TRACE::2026-09-21.17:38:01::SCWPlatform::DSA directory /home/alexey/programming/systemverilog/ethernet_image_transfer/fpga/zynq_wrapper/hw
TRACE::2026-09-21.17:38:01::SCWPlatform:: Platform Path /home/alexey/programming/systemverilog/ethernet_image_transfer/fpga/zynq_wrapper/hw/zynq_wrapper.xsa
TRACE::2026-09-21.17:38:01::SCWPlatform:: Unique name xilinx:::0.0
TRACE::2026-09-21.17:38:01::SCWPlatform::Trying to set the existing hwdb with name zynq_wrapper_3
TRACE::2026-09-21.17:38:01::SCWPlatform::Opened existing hwdb zynq_wrapper_3
TRACE::2026-09-21.17:38:01::SCWPlatform::Found the Hw Db part of the input DSA
TRACE::2026-09-21.17:38:01::SCWMssOS::Checking the sw design at  /home/alexey/programming/systemverilog/ethernet_image_transfer/fpga/zynq_wrapper/ps7_cortexa9_0/standalone_ps7_cortexa9_0/bsp/system.mss
TRACE::2026-09-21.17:38:01::SCWMssOS::DEBUG:  swdes dump  /home/alexey/programming/systemverilog/ethernet_image_transfer/fpga/zynq_wrapper/ps7_cortexa9_0/standalone_ps7_cortexa9_0/bsp/system.mss|system||
/home/alexey/programming/systemverilog/ethernet_image_transfer/fpga/zynq_wrapper/zynq_fsbl/zynq_fsbl_bsp/system.mss|system_0||

TRACE::2026-09-21.17:38:01::SCWMssOS::Sw design exists and opened at  /home/alexey/programming/systemverilog/ethernet_image_transfer/fpga/zynq_wrapper/ps7_cortexa9_0/standalone_ps7_cortexa9_0/bsp/system.mss
TRACE::2026-09-21.17:38:01::SCWWriter::formatted JSON is {
	"platformName":	"zynq_wrapper",
	"sprVersion":	"2.0",
	"mode":	"gui",
	"dsaType":	"Fixed",
	"platformDesc":	"zynq_wrapper",
	"platHandOff":	"<platformDir>.xsa",
	"platIntHandOff":	"<platformDir>/hw/zynq_wrapper.xsa",
	"deviceType":	"zynq",
	"platIsPrebuiltAutogen":	"false",
	"platIsNoBootBsp":	"false",
	"hasFsblMakeHasChanges":	"false",
	"hasPmufwMakeHasChanges":	"false",
	"fsblExtraCompilerFlags":	"-MMD -MP       -mcpu=cortex-a9 -mfpu=vfpv3 -mfloat-abi=hard ",
	"platPreBuiltFlag":	false,
	"platformSamplesDir":	"",
	"platActiveSys":	"zynq_wrapper",
	"systems":	[{
			"systemName":	"zynq_wrapper",
			"systemDesc":	"zynq_wrapper",
			"sysIsBootAutoGen":	"true",
			"systemDispName":	"zynq_wrapper",
			"sysActiveDom":	"standalone_ps7_cortexa9_0",
			"sysDefaultDom":	"standalone_ps7_cortexa9_0",
			"domains":	[{
					"domainName":	"zynq_fsbl",
					"domainDispName":	"zynq_fsbl",
					"domainDesc":	"FSBL Application BSP - Auto Generated.",
					"processors":	"ps7_cortexa9_0",
					"os":	"standalone",
					"sdxOs":	"standalone",
					"debugEnable":	"",
					"domRuntimes":	["cpp"],
					"swRepo":	"",
					"mssOsVer":	"7.3",
					"mssFile":	"",
					"md5Digest":	"02611ff010f3535202adf0baa1ae5f02",
					"compatibleApp":	"zynq_fsbl",
					"domType":	"bootDomain",
					"arch":	"32-bit",
					"appSettings":	{
						"appCompilerFlags":	"",
						"appLinkerFlags":	""
					},
					"addedLibs":	["xilffs:4.4", "xilrsa:1.6", "lwip211:1.3"],
					"libOptions":	{
						"libsContainingOptions":	[]
					},
					"prebuiltLibs":	{
						"prebuiltIncPath":	[],
						"prebuiltLibPath":	[]
					},
					"isolation":	{
					}
				}, {
					"domainName":	"standalone_ps7_cortexa9_0",
					"domainDispName":	"standalone_ps7_cortexa9_0",
					"domainDesc":	"standalone_ps7_cortexa9_0",
					"processors":	"ps7_cortexa9_0",
					"os":	"standalone",
					"sdxOs":	"standalone",
					"qemuArgs":	"/home/alexey/Xilinx/Vitis/2020.2/data/emulation/platforms/zynq/sw/a9_standalone/qemu/qemu_args.txt",
					"qemuData":	"/home/alexey/Xilinx/Vitis/2020.2/data/emulation/platforms/zynq/sw/a9_standalone/qemu/",
					"debugEnable":	"False",
					"domRuntimes":	["cpp"],
					"swRepo":	"",
					"mssOsVer":	"7.3",
					"mssFile":	"",
					"md5Digest":	"d5cd93a6015e5bf266a97221ed0b6eb5",
					"compatibleApp":	"",
					"domType":	"mssDomain",
					"arch":	"32-bit",
					"appSettings":	{
						"appCompilerFlags":	"",
						"appLinkerFlags":	""
					},
					"addedLibs":	["lwip211:1.3"],
					"libOptions":	{
						"lwip211":	{
							"lwip_dhcp":	"true",
							"libOptionNames":	["lwip_dhcp"]
						},
						"libsContainingOptions":	["lwip211"]
					},
					"prebuiltLibs":	{
						"prebuiltIncPath":	[],
						"prebuiltLibPath":	[]
					},
					"isolation":	{
					}
				}]
		}]
}
TRACE::2026-09-21.17:38:01::SCWMssOS::Saving the mss changes /home/alexey/programming/systemverilog/ethernet_image_transfer/fpga/zynq_wrapper/ps7_cortexa9_0/standalone_ps7_cortexa9_0/bsp/system.mss
TRACE::2026-09-21.17:38:01::SCWMssOS::Found a swdesign opened with the mssfile.
TRACE::2026-09-21.17:38:01::SCWMssOS::Completed writemss as part of save.
TRACE::2026-09-21.17:38:01::SCWMssOS::Commit changes completed.
TRACE::2026-09-21.17:38:01::SCWPlatform::Trying to open the hw design at /home/alexey/programming/systemverilog/ethernet_image_transfer/fpga/zynq_wrapper/hw/zynq_wrapper.xsa
TRACE::2026-09-21.17:38:01::SCWPlatform::DSA given /home/alexey/programming/systemverilog/ethernet_image_transfer/fpga/zynq_wrapper/hw/zynq_wrapper.xsa
TRACE::2026-09-21.17:38:01::SCWPlatform::DSA absoulate path /home/alexey/programming/systemverilog/ethernet_image_transfer/fpga/zynq_wrapper/hw/zynq_wrapper.xsa
TRACE::2026-09-21.17:38:01::SCWPlatform::DSA directory /home/alexey/programming/systemverilog/ethernet_image_transfer/fpga/zynq_wrapper/hw
TRACE::2026-09-21.17:38:01::SCWPlatform:: Platform Path /home/alexey/programming/systemverilog/ethernet_image_transfer/fpga/zynq_wrapper/hw/zynq_wrapper.xsa
TRACE::2026-09-21.17:38:01::SCWPlatform:: Unique name xilinx:::0.0
TRACE::2026-09-21.17:38:01::SCWPlatform::Trying to set the existing hwdb with name zynq_wrapper_3
TRACE::2026-09-21.17:38:01::SCWPlatform::Opened existing hwdb zynq_wrapper_3
TRACE::2026-09-21.17:38:01::SCWPlatform::Found the Hw Db part of the input DSA
TRACE::2026-09-21.17:38:01::SCWMssOS::Checking the sw design at  /home/alexey/programming/systemverilog/ethernet_image_transfer/fpga/zynq_wrapper/ps7_cortexa9_0/standalone_ps7_cortexa9_0/bsp/system.mss
TRACE::2026-09-21.17:38:01::SCWMssOS::DEBUG:  swdes dump  /home/alexey/programming/systemverilog/ethernet_image_transfer/fpga/zynq_wrapper/ps7_cortexa9_0/standalone_ps7_cortexa9_0/bsp/system.mss|system||
/home/alexey/programming/systemverilog/ethernet_image_transfer/fpga/zynq_wrapper/zynq_fsbl/zynq_fsbl_bsp/system.mss|system_0||

TRACE::2026-09-21.17:38:01::SCWMssOS::Sw design exists and opened at  /home/alexey/programming/systemverilog/ethernet_image_transfer/fpga/zynq_wrapper/ps7_cortexa9_0/standalone_ps7_cortexa9_0/bsp/system.mss
TRACE::2026-09-21.17:38:01::SCWMssOS::Removing the swdes entry for  /home/alexey/programming/systemverilog/ethernet_image_transfer/fpga/zynq_wrapper/ps7_cortexa9_0/standalone_ps7_cortexa9_0/bsp/system.mss
TRACE::2026-09-21.17:38:01::SCWMssOS::In reload Mss file.
TRACE::2026-09-21.17:38:01::SCWPlatform::Trying to open the hw design at /home/alexey/programming/systemverilog/ethernet_image_transfer/fpga/zynq_wrapper/hw/zynq_wrapper.xsa
TRACE::2026-09-21.17:38:01::SCWPlatform::DSA given /home/alexey/programming/systemverilog/ethernet_image_transfer/fpga/zynq_wrapper/hw/zynq_wrapper.xsa
TRACE::2026-09-21.17:38:01::SCWPlatform::DSA absoulate path /home/alexey/programming/systemverilog/ethernet_image_transfer/fpga/zynq_wrapper/hw/zynq_wrapper.xsa
TRACE::2026-09-21.17:38:01::SCWPlatform::DSA directory /home/alexey/programming/systemverilog/ethernet_image_transfer/fpga/zynq_wrapper/hw
TRACE::2026-09-21.17:38:01::SCWPlatform:: Platform Path /home/alexey/programming/systemverilog/ethernet_image_transfer/fpga/zynq_wrapper/hw/zynq_wrapper.xsa
TRACE::2026-09-21.17:38:01::SCWPlatform:: Unique name xilinx:::0.0
TRACE::2026-09-21.17:38:01::SCWPlatform::Trying to set the existing hwdb with name zynq_wrapper_3
TRACE::2026-09-21.17:38:01::SCWPlatform::Opened existing hwdb zynq_wrapper_3
TRACE::2026-09-21.17:38:01::SCWPlatform::Found the Hw Db part of the input DSA
TRACE::2026-09-21.17:38:01::SCWMssOS::Checking the sw design at  /home/alexey/programming/systemverilog/ethernet_image_transfer/fpga/zynq_wrapper/ps7_cortexa9_0/standalone_ps7_cortexa9_0/bsp/system.mss
TRACE::2026-09-21.17:38:01::SCWMssOS::DEBUG:  swdes dump  /home/alexey/programming/systemverilog/ethernet_image_transfer/fpga/zynq_wrapper/zynq_fsbl/zynq_fsbl_bsp/system.mss|system_0||

TRACE::2026-09-21.17:38:01::SCWMssOS::No sw design opened at  /home/alexey/programming/systemverilog/ethernet_image_transfer/fpga/zynq_wrapper/ps7_cortexa9_0/standalone_ps7_cortexa9_0/bsp/system.mss
TRACE::2026-09-21.17:38:01::SCWMssOS::mss exists loading the mss file  /home/alexey/programming/systemverilog/ethernet_image_transfer/fpga/zynq_wrapper/ps7_cortexa9_0/standalone_ps7_cortexa9_0/bsp/system.mss
TRACE::2026-09-21.17:38:01::SCWMssOS::Opened the sw design from mss  /home/alexey/programming/systemverilog/ethernet_image_transfer/fpga/zynq_wrapper/ps7_cortexa9_0/standalone_ps7_cortexa9_0/bsp/system.mss
TRACE::2026-09-21.17:38:01::SCWMssOS::Adding the swdes entry /home/alexey/programming/systemverilog/ethernet_image_transfer/fpga/zynq_wrapper/ps7_cortexa9_0/standalone_ps7_cortexa9_0/bsp/system.mss with des name system
TRACE::2026-09-21.17:38:01::SCWMssOS::updating the scw layer about changes
TRACE::2026-09-21.17:38:01::SCWMssOS::Opened the sw design.  /home/alexey/programming/systemverilog/ethernet_image_transfer/fpga/zynq_wrapper/ps7_cortexa9_0/standalone_ps7_cortexa9_0/bsp/system.mss
TRACE::2026-09-21.17:38:01::SCWPlatform::Trying to open the hw design at /home/alexey/programming/systemverilog/ethernet_image_transfer/fpga/zynq_wrapper/hw/zynq_wrapper.xsa
TRACE::2026-09-21.17:38:01::SCWPlatform::DSA given /home/alexey/programming/systemverilog/ethernet_image_transfer/fpga/zynq_wrapper/hw/zynq_wrapper.xsa
TRACE::2026-09-21.17:38:01::SCWPlatform::DSA absoulate path /home/alexey/programming/systemverilog/ethernet_image_transfer/fpga/zynq_wrapper/hw/zynq_wrapper.xsa
TRACE::2026-09-21.17:38:01::SCWPlatform::DSA directory /home/alexey/programming/systemverilog/ethernet_image_transfer/fpga/zynq_wrapper/hw
TRACE::2026-09-21.17:38:01::SCWPlatform:: Platform Path /home/alexey/programming/systemverilog/ethernet_image_transfer/fpga/zynq_wrapper/hw/zynq_wrapper.xsa
TRACE::2026-09-21.17:38:01::SCWPlatform:: Unique name xilinx:::0.0
TRACE::2026-09-21.17:38:01::SCWPlatform::Trying to set the existing hwdb with name zynq_wrapper_3
TRACE::2026-09-21.17:38:01::SCWPlatform::Opened existing hwdb zynq_wrapper_3
TRACE::2026-09-21.17:38:01::SCWPlatform::Found the Hw Db part of the input DSA
TRACE::2026-09-21.17:38:01::SCWMssOS::Checking the sw design at  /home/alexey/programming/systemverilog/ethernet_image_transfer/fpga/zynq_wrapper/ps7_cortexa9_0/standalone_ps7_cortexa9_0/bsp/system.mss
TRACE::2026-09-21.17:38:01::SCWMssOS::DEBUG:  swdes dump  /home/alexey/programming/systemverilog/ethernet_image_transfer/fpga/zynq_wrapper/ps7_cortexa9_0/standalone_ps7_cortexa9_0/bsp/system.mss|system||
/home/alexey/programming/systemverilog/ethernet_image_transfer/fpga/zynq_wrapper/zynq_fsbl/zynq_fsbl_bsp/system.mss|system_0||

TRACE::2026-09-21.17:38:01::SCWMssOS::Sw design exists and opened at  /home/alexey/programming/systemverilog/ethernet_image_transfer/fpga/zynq_wrapper/ps7_cortexa9_0/standalone_ps7_cortexa9_0/bsp/system.mss
TRACE::2026-09-21.17:38:01::SCWMssOS:: library already available in sw design:  lwip211:1.3
TRACE::2026-09-21.17:38:01::SCWPlatform::Trying to open the hw design at /home/alexey/programming/systemverilog/ethernet_image_transfer/fpga/zynq_wrapper/hw/zynq_wrapper.xsa
TRACE::2026-09-21.17:38:01::SCWPlatform::DSA given /home/alexey/programming/systemverilog/ethernet_image_transfer/fpga/zynq_wrapper/hw/zynq_wrapper.xsa
TRACE::2026-09-21.17:38:01::SCWPlatform::DSA absoulate path /home/alexey/programming/systemverilog/ethernet_image_transfer/fpga/zynq_wrapper/hw/zynq_wrapper.xsa
TRACE::2026-09-21.17:38:01::SCWPlatform::DSA directory /home/alexey/programming/systemverilog/ethernet_image_transfer/fpga/zynq_wrapper/hw
TRACE::2026-09-21.17:38:01::SCWPlatform:: Platform Path /home/alexey/programming/systemverilog/ethernet_image_transfer/fpga/zynq_wrapper/hw/zynq_wrapper.xsa
TRACE::2026-09-21.17:38:01::SCWPlatform:: Unique name xilinx:::0.0
TRACE::2026-09-21.17:38:01::SCWPlatform::Trying to set the existing hwdb with name zynq_wrapper_3
TRACE::2026-09-21.17:38:01::SCWPlatform::Opened existing hwdb zynq_wrapper_3
TRACE::2026-09-21.17:38:01::SCWPlatform::Found the Hw Db part of the input DSA
TRACE::2026-09-21.17:38:01::SCWMssOS::Checking the sw design at  /home/alexey/programming/systemverilog/ethernet_image_transfer/fpga/zynq_wrapper/ps7_cortexa9_0/standalone_ps7_cortexa9_0/bsp/system.mss
TRACE::2026-09-21.17:38:01::SCWMssOS::DEBUG:  swdes dump  /home/alexey/programming/systemverilog/ethernet_image_transfer/fpga/zynq_wrapper/ps7_cortexa9_0/standalone_ps7_cortexa9_0/bsp/system.mss|system||
/home/alexey/programming/systemverilog/ethernet_image_transfer/fpga/zynq_wrapper/zynq_fsbl/zynq_fsbl_bsp/system.mss|system_0||

TRACE::2026-09-21.17:38:01::SCWMssOS::Sw design exists and opened at  /home/alexey/programming/systemverilog/ethernet_image_transfer/fpga/zynq_wrapper/ps7_cortexa9_0/standalone_ps7_cortexa9_0/bsp/system.mss
TRACE::2026-09-21.17:38:01::SCWPlatform::Trying to open the hw design at /home/alexey/programming/systemverilog/ethernet_image_transfer/fpga/zynq_wrapper/hw/zynq_wrapper.xsa
TRACE::2026-09-21.17:38:01::SCWPlatform::DSA given /home/alexey/programming/systemverilog/ethernet_image_transfer/fpga/zynq_wrapper/hw/zynq_wrapper.xsa
TRACE::2026-09-21.17:38:01::SCWPlatform::DSA absoulate path /home/alexey/programming/systemverilog/ethernet_image_transfer/fpga/zynq_wrapper/hw/zynq_wrapper.xsa
TRACE::2026-09-21.17:38:01::SCWPlatform::DSA directory /home/alexey/programming/systemverilog/ethernet_image_transfer/fpga/zynq_wrapper/hw
TRACE::2026-09-21.17:38:01::SCWPlatform:: Platform Path /home/alexey/programming/systemverilog/ethernet_image_transfer/fpga/zynq_wrapper/hw/zynq_wrapper.xsa
TRACE::2026-09-21.17:38:01::SCWPlatform:: Unique name xilinx:::0.0
TRACE::2026-09-21.17:38:01::SCWPlatform::Trying to set the existing hwdb with name zynq_wrapper_3
TRACE::2026-09-21.17:38:01::SCWPlatform::Opened existing hwdb zynq_wrapper_3
TRACE::2026-09-21.17:38:01::SCWPlatform::Found the Hw Db part of the input DSA
TRACE::2026-09-21.17:38:01::SCWMssOS::Checking the sw design at  /home/alexey/programming/systemverilog/ethernet_image_transfer/fpga/zynq_wrapper/ps7_cortexa9_0/standalone_ps7_cortexa9_0/bsp/system.mss
TRACE::2026-09-21.17:38:01::SCWMssOS::DEBUG:  swdes dump  /home/alexey/programming/systemverilog/ethernet_image_transfer/fpga/zynq_wrapper/ps7_cortexa9_0/standalone_ps7_cortexa9_0/bsp/system.mss|system||
/home/alexey/programming/systemverilog/ethernet_image_transfer/fpga/zynq_wrapper/zynq_fsbl/zynq_fsbl_bsp/system.mss|system_0||

TRACE::2026-09-21.17:38:01::SCWMssOS::Sw design exists and opened at  /home/alexey/programming/systemverilog/ethernet_image_transfer/fpga/zynq_wrapper/ps7_cortexa9_0/standalone_ps7_cortexa9_0/bsp/system.mss
TRACE::2026-09-21.17:38:01::SCWMssOS::Saving the mss changes /home/alexey/programming/systemverilog/ethernet_image_transfer/fpga/zynq_wrapper/ps7_cortexa9_0/standalone_ps7_cortexa9_0/bsp/system.mss
TRACE::2026-09-21.17:38:01::SCWMssOS::Found a swdesign opened with the mssfile.
TRACE::2026-09-21.17:38:01::SCWMssOS::Completed writemss as part of save.
TRACE::2026-09-21.17:38:01::SCWMssOS::Commit changes completed.
TRACE::2026-09-21.17:38:01::SCWPlatform::Trying to open the hw design at /home/alexey/programming/systemverilog/ethernet_image_transfer/fpga/zynq_wrapper/hw/zynq_wrapper.xsa
TRACE::2026-09-21.17:38:01::SCWPlatform::DSA given /home/alexey/programming/systemverilog/ethernet_image_transfer/fpga/zynq_wrapper/hw/zynq_wrapper.xsa
TRACE::2026-09-21.17:38:01::SCWPlatform::DSA absoulate path /home/alexey/programming/systemverilog/ethernet_image_transfer/fpga/zynq_wrapper/hw/zynq_wrapper.xsa
TRACE::2026-09-21.17:38:01::SCWPlatform::DSA directory /home/alexey/programming/systemverilog/ethernet_image_transfer/fpga/zynq_wrapper/hw
TRACE::2026-09-21.17:38:01::SCWPlatform:: Platform Path /home/alexey/programming/systemverilog/ethernet_image_transfer/fpga/zynq_wrapper/hw/zynq_wrapper.xsa
TRACE::2026-09-21.17:38:01::SCWPlatform:: Unique name xilinx:::0.0
TRACE::2026-09-21.17:38:01::SCWPlatform::Trying to set the existing hwdb with name zynq_wrapper_3
TRACE::2026-09-21.17:38:01::SCWPlatform::Opened existing hwdb zynq_wrapper_3
TRACE::2026-09-21.17:38:01::SCWPlatform::Found the Hw Db part of the input DSA
TRACE::2026-09-21.17:38:01::SCWMssOS::Checking the sw design at  /home/alexey/programming/systemverilog/ethernet_image_transfer/fpga/zynq_wrapper/ps7_cortexa9_0/standalone_ps7_cortexa9_0/bsp/system.mss
TRACE::2026-09-21.17:38:01::SCWMssOS::DEBUG:  swdes dump  /home/alexey/programming/systemverilog/ethernet_image_transfer/fpga/zynq_wrapper/ps7_cortexa9_0/standalone_ps7_cortexa9_0/bsp/system.mss|system||
/home/alexey/programming/systemverilog/ethernet_image_transfer/fpga/zynq_wrapper/zynq_fsbl/zynq_fsbl_bsp/system.mss|system_0||

TRACE::2026-09-21.17:38:01::SCWMssOS::Sw design exists and opened at  /home/alexey/programming/systemverilog/ethernet_image_transfer/fpga/zynq_wrapper/ps7_cortexa9_0/standalone_ps7_cortexa9_0/bsp/system.mss
TRACE::2026-09-21.17:38:01::SCWMssOS::Removing the swdes entry for  /home/alexey/programming/systemverilog/ethernet_image_transfer/fpga/zynq_wrapper/ps7_cortexa9_0/standalone_ps7_cortexa9_0/bsp/system.mss
TRACE::2026-09-21.17:38:02::SCWPlatform::Trying to open the hw design at /home/alexey/programming/systemverilog/ethernet_image_transfer/fpga/zynq_wrapper/hw/zynq_wrapper.xsa
TRACE::2026-09-21.17:38:02::SCWPlatform::DSA given /home/alexey/programming/systemverilog/ethernet_image_transfer/fpga/zynq_wrapper/hw/zynq_wrapper.xsa
TRACE::2026-09-21.17:38:02::SCWPlatform::DSA absoulate path /home/alexey/programming/systemverilog/ethernet_image_transfer/fpga/zynq_wrapper/hw/zynq_wrapper.xsa
TRACE::2026-09-21.17:38:02::SCWPlatform::DSA directory /home/alexey/programming/systemverilog/ethernet_image_transfer/fpga/zynq_wrapper/hw
TRACE::2026-09-21.17:38:02::SCWPlatform:: Platform Path /home/alexey/programming/systemverilog/ethernet_image_transfer/fpga/zynq_wrapper/hw/zynq_wrapper.xsa
TRACE::2026-09-21.17:38:02::SCWPlatform:: Unique name xilinx:::0.0
TRACE::2026-09-21.17:38:02::SCWPlatform::Trying to set the existing hwdb with name zynq_wrapper_3
TRACE::2026-09-21.17:38:02::SCWPlatform::Opened existing hwdb zynq_wrapper_3
TRACE::2026-09-21.17:38:02::SCWPlatform::Found the Hw Db part of the input DSA
TRACE::2026-09-21.17:38:02::SCWMssOS::Checking the sw design at  /home/alexey/programming/systemverilog/ethernet_image_transfer/fpga/zynq_wrapper/ps7_cortexa9_0/standalone_ps7_cortexa9_0/bsp/system.mss
TRACE::2026-09-21.17:38:02::SCWMssOS::DEBUG:  swdes dump  /home/alexey/programming/systemverilog/ethernet_image_transfer/fpga/zynq_wrapper/zynq_fsbl/zynq_fsbl_bsp/system.mss|system_0||

TRACE::2026-09-21.17:38:02::SCWMssOS::No sw design opened at  /home/alexey/programming/systemverilog/ethernet_image_transfer/fpga/zynq_wrapper/ps7_cortexa9_0/standalone_ps7_cortexa9_0/bsp/system.mss
TRACE::2026-09-21.17:38:02::SCWMssOS::mss exists loading the mss file  /home/alexey/programming/systemverilog/ethernet_image_transfer/fpga/zynq_wrapper/ps7_cortexa9_0/standalone_ps7_cortexa9_0/bsp/system.mss
TRACE::2026-09-21.17:38:02::SCWMssOS::Opened the sw design from mss  /home/alexey/programming/systemverilog/ethernet_image_transfer/fpga/zynq_wrapper/ps7_cortexa9_0/standalone_ps7_cortexa9_0/bsp/system.mss
TRACE::2026-09-21.17:38:02::SCWMssOS::Adding the swdes entry /home/alexey/programming/systemverilog/ethernet_image_transfer/fpga/zynq_wrapper/ps7_cortexa9_0/standalone_ps7_cortexa9_0/bsp/system.mss with des name system
TRACE::2026-09-21.17:38:02::SCWMssOS::updating the scw layer about changes
TRACE::2026-09-21.17:38:02::SCWMssOS::Opened the sw design.  /home/alexey/programming/systemverilog/ethernet_image_transfer/fpga/zynq_wrapper/ps7_cortexa9_0/standalone_ps7_cortexa9_0/bsp/system.mss
TRACE::2026-09-21.17:38:02::SCWMssOS::Completed writing the mss file at /home/alexey/programming/systemverilog/ethernet_image_transfer/fpga/zynq_wrapper/ps7_cortexa9_0/standalone_ps7_cortexa9_0/bsp
TRACE::2026-09-21.17:38:02::SCWMssOS::Forcing BSP Sources regeneration.
LOG::2026-09-21.17:38:17::SCWPlatform::Started generating the artifacts platform zynq_wrapper
TRACE::2026-09-21.17:38:17::SCWPlatform::Sanity checking of platform is completed
LOG::2026-09-21.17:38:17::SCWPlatform::Started generating the artifacts for system configuration zynq_wrapper
LOG::2026-09-21.17:38:17::SCWSystem::Checking the domain zynq_fsbl
LOG::2026-09-21.17:38:17::SCWSystem::Doing application build for :  zynq_fsbl
TRACE::2026-09-21.17:38:17::SCWBDomain::Not a forced makefile updation, No changes are present. 
TRACE::2026-09-21.17:38:17::SCWDomain::Skipping the build for domain :  zynq_fsbl
LOG::2026-09-21.17:38:17::SCWSystem::Checking the domain standalone_ps7_cortexa9_0
LOG::2026-09-21.17:38:17::SCWSystem::Not a boot domain 
LOG::2026-09-21.17:38:17::SCWSystem::Started Processing the domain standalone_ps7_cortexa9_0
TRACE::2026-09-21.17:38:17::SCWDomain::Generating domain artifcats
TRACE::2026-09-21.17:38:17::SCWMssOS::Generating standalone artifcats
TRACE::2026-09-21.17:38:17::SCWMssOS::Copying the qemu file from  /home/alexey/Xilinx/Vitis/2020.2/data/emulation/platforms/zynq/sw/a9_standalone/qemu/qemu_args.txt To /home/alexey/programming/systemverilog/ethernet_image_transfer/fpga/zynq_wrapper/export/zynq_wrapper/sw/zynq_wrapper/qemu/
TRACE::2026-09-21.17:38:17::SCWMssOS::Copying the qemu file from  /home/alexey/Xilinx/Vitis/2020.2/data/emulation/platforms/zynq/sw/a9_standalone/qemu/qemu_args.txt To /home/alexey/programming/systemverilog/ethernet_image_transfer/fpga/zynq_wrapper/export/zynq_wrapper/sw/zynq_wrapper/standalone_ps7_cortexa9_0/qemu/
TRACE::2026-09-21.17:38:17::SCWMssOS:: Copying the user libraries. 
TRACE::2026-09-21.17:38:17::SCWPlatform::Trying to open the hw design at /home/alexey/programming/systemverilog/ethernet_image_transfer/fpga/zynq_wrapper/hw/zynq_wrapper.xsa
TRACE::2026-09-21.17:38:17::SCWPlatform::DSA given /home/alexey/programming/systemverilog/ethernet_image_transfer/fpga/zynq_wrapper/hw/zynq_wrapper.xsa
TRACE::2026-09-21.17:38:17::SCWPlatform::DSA absoulate path /home/alexey/programming/systemverilog/ethernet_image_transfer/fpga/zynq_wrapper/hw/zynq_wrapper.xsa
TRACE::2026-09-21.17:38:17::SCWPlatform::DSA directory /home/alexey/programming/systemverilog/ethernet_image_transfer/fpga/zynq_wrapper/hw
TRACE::2026-09-21.17:38:17::SCWPlatform:: Platform Path /home/alexey/programming/systemverilog/ethernet_image_transfer/fpga/zynq_wrapper/hw/zynq_wrapper.xsa
TRACE::2026-09-21.17:38:17::SCWPlatform:: Unique name xilinx:::0.0
TRACE::2026-09-21.17:38:17::SCWPlatform::Trying to set the existing hwdb with name zynq_wrapper_3
TRACE::2026-09-21.17:38:17::SCWPlatform::Opened existing hwdb zynq_wrapper_3
TRACE::2026-09-21.17:38:17::SCWPlatform::Found the Hw Db part of the input DSA
TRACE::2026-09-21.17:38:17::SCWMssOS::Checking the sw design at  /home/alexey/programming/systemverilog/ethernet_image_transfer/fpga/zynq_wrapper/ps7_cortexa9_0/standalone_ps7_cortexa9_0/bsp/system.mss
TRACE::2026-09-21.17:38:17::SCWMssOS::DEBUG:  swdes dump  /home/alexey/programming/systemverilog/ethernet_image_transfer/fpga/zynq_wrapper/ps7_cortexa9_0/standalone_ps7_cortexa9_0/bsp/system.mss|system||
/home/alexey/programming/systemverilog/ethernet_image_transfer/fpga/zynq_wrapper/zynq_fsbl/zynq_fsbl_bsp/system.mss|system_0||

KEYINFO::2026-09-21.17:38:17::SCWMssOS::Could not open the swdb for system
KEYINFO::2026-09-21.17:38:17::SCWMssOS::Could not open the sw design at  system
ERROR: [Hsi 55-1558] Software Design system is not found

TRACE::2026-09-21.17:38:17::SCWMssOS::Cleared the swdb table entry
TRACE::2026-09-21.17:38:17::SCWMssOS::No sw design opened at  /home/alexey/programming/systemverilog/ethernet_image_transfer/fpga/zynq_wrapper/ps7_cortexa9_0/standalone_ps7_cortexa9_0/bsp/system.mss
TRACE::2026-09-21.17:38:17::SCWMssOS::mss exists loading the mss file  /home/alexey/programming/systemverilog/ethernet_image_transfer/fpga/zynq_wrapper/ps7_cortexa9_0/standalone_ps7_cortexa9_0/bsp/system.mss
TRACE::2026-09-21.17:38:17::SCWMssOS::Opened the sw design from mss  /home/alexey/programming/systemverilog/ethernet_image_transfer/fpga/zynq_wrapper/ps7_cortexa9_0/standalone_ps7_cortexa9_0/bsp/system.mss
TRACE::2026-09-21.17:38:17::SCWMssOS::Adding the swdes entry /home/alexey/programming/systemverilog/ethernet_image_transfer/fpga/zynq_wrapper/ps7_cortexa9_0/standalone_ps7_cortexa9_0/bsp/system.mss with des name system
TRACE::2026-09-21.17:38:17::SCWMssOS::updating the scw layer about changes
TRACE::2026-09-21.17:38:17::SCWMssOS::Opened the sw design.  /home/alexey/programming/systemverilog/ethernet_image_transfer/fpga/zynq_wrapper/ps7_cortexa9_0/standalone_ps7_cortexa9_0/bsp/system.mss
TRACE::2026-09-21.17:38:17::SCWMssOS::Completed writing the mss file at /home/alexey/programming/systemverilog/ethernet_image_transfer/fpga/zynq_wrapper/ps7_cortexa9_0/standalone_ps7_cortexa9_0/bsp
TRACE::2026-09-21.17:38:17::SCWMssOS::Mss edits present, copying mssfile into export location /home/alexey/programming/systemverilog/ethernet_image_transfer/fpga/zynq_wrapper/ps7_cortexa9_0/standalone_ps7_cortexa9_0/bsp/system.mss
TRACE::2026-09-21.17:38:17::SCWMssOS::bsp generated is upto date with the mss file. Skipping bsp generation.
TRACE::2026-09-21.17:38:17::SCWMssOS::BSP is already built. skipping the bsp build ... 
TRACE::2026-09-21.17:38:17::SCWDomain::Building the domain :  standalone_ps7_cortexa9_0
TRACE::2026-09-21.17:38:17::SCWMssOS::doing bsp build ... 
TRACE::2026-09-21.17:38:17::SCWMssOS::System Command Ran  cd  /home/alexey/programming/systemverilog/ethernet_image_transfer/fpga/zynq_wrapper/ps7_cortexa9_0/standalone_ps7_cortexa9_0/bsp ; bash -c "make  " 
TRACE::2026-09-21.17:38:17::SCWMssOS::make --no-print-directory seq_libs

TRACE::2026-09-21.17:38:17::SCWMssOS::Running Make include in ps7_cortexa9_0/libsrc/axivdma_v6_8/src

TRACE::2026-09-21.17:38:17::SCWMssOS::make -C ps7_cortexa9_0/libsrc/axivdma_v6_8/src -s include  "SHELL=/bin/sh" "COMPILER=arm-none-eabi-gcc" "ASSEMBLER=arm-none-eab
TRACE::2026-09-21.17:38:17::SCWMssOS::i-as" "ARCHIVER=arm-none-eabi-ar" "COMPILER_FLAGS=  -O2 -c" "EXTRA_COMPILER_FLAGS=-mcpu=cortex-a9 -mfpu=vfpv3 -mfloat-abi=hard 
TRACE::2026-09-21.17:38:17::SCWMssOS::-nostartfiles -g -Wall -Wextra"

TRACE::2026-09-21.17:38:17::SCWMssOS::Running Make include in ps7_cortexa9_0/libsrc/coresightps_dcc_v1_8/src

TRACE::2026-09-21.17:38:17::SCWMssOS::make -C ps7_cortexa9_0/libsrc/coresightps_dcc_v1_8/src -s include  "SHELL=/bin/sh" "COMPILER=arm-none-eabi-gcc" "ASSEMBLER=arm-
TRACE::2026-09-21.17:38:17::SCWMssOS::none-eabi-as" "ARCHIVER=arm-none-eabi-ar" "COMPILER_FLAGS=  -O2 -c" "EXTRA_COMPILER_FLAGS=-mcpu=cortex-a9 -mfpu=vfpv3 -mfloat-a
TRACE::2026-09-21.17:38:17::SCWMssOS::bi=hard -nostartfiles -g -Wall -Wextra"

TRACE::2026-09-21.17:38:17::SCWMssOS::Running Make include in ps7_cortexa9_0/libsrc/cpu_cortexa9_v2_10/src

TRACE::2026-09-21.17:38:17::SCWMssOS::make -C ps7_cortexa9_0/libsrc/cpu_cortexa9_v2_10/src -s include  "SHELL=/bin/sh" "COMPILER=arm-none-eabi-gcc" "ASSEMBLER=arm-no
TRACE::2026-09-21.17:38:17::SCWMssOS::ne-eabi-as" "ARCHIVER=arm-none-eabi-ar" "COMPILER_FLAGS=  -O2 -c" "EXTRA_COMPILER_FLAGS=-mcpu=cortex-a9 -mfpu=vfpv3 -mfloat-abi
TRACE::2026-09-21.17:38:17::SCWMssOS::=hard -nostartfiles -g -Wall -Wextra"

TRACE::2026-09-21.17:38:17::SCWMssOS::Running Make include in ps7_cortexa9_0/libsrc/ddrps_v1_2/src

TRACE::2026-09-21.17:38:17::SCWMssOS::make -C ps7_cortexa9_0/libsrc/ddrps_v1_2/src -s include  "SHELL=/bin/sh" "COMPILER=arm-none-eabi-gcc" "ASSEMBLER=arm-none-eabi-
TRACE::2026-09-21.17:38:17::SCWMssOS::as" "ARCHIVER=arm-none-eabi-ar" "COMPILER_FLAGS=  -O2 -c" "EXTRA_COMPILER_FLAGS=-mcpu=cortex-a9 -mfpu=vfpv3 -mfloat-abi=hard -n
TRACE::2026-09-21.17:38:17::SCWMssOS::ostartfiles -g -Wall -Wextra"

TRACE::2026-09-21.17:38:17::SCWMssOS::Running Make include in ps7_cortexa9_0/libsrc/devcfg_v3_7/src

TRACE::2026-09-21.17:38:17::SCWMssOS::make -C ps7_cortexa9_0/libsrc/devcfg_v3_7/src -s include  "SHELL=/bin/sh" "COMPILER=arm-none-eabi-gcc" "ASSEMBLER=arm-none-eabi
TRACE::2026-09-21.17:38:17::SCWMssOS::-as" "ARCHIVER=arm-none-eabi-ar" "COMPILER_FLAGS=  -O2 -c" "EXTRA_COMPILER_FLAGS=-mcpu=cortex-a9 -mfpu=vfpv3 -mfloat-abi=hard -
TRACE::2026-09-21.17:38:17::SCWMssOS::nostartfiles -g -Wall -Wextra"

TRACE::2026-09-21.17:38:17::SCWMssOS::Running Make include in ps7_cortexa9_0/libsrc/dmaps_v2_7/src

TRACE::2026-09-21.17:38:17::SCWMssOS::make -C ps7_cortexa9_0/libsrc/dmaps_v2_7/src -s include  "SHELL=/bin/sh" "COMPILER=arm-none-eabi-gcc" "ASSEMBLER=arm-none-eabi-
TRACE::2026-09-21.17:38:17::SCWMssOS::as" "ARCHIVER=arm-none-eabi-ar" "COMPILER_FLAGS=  -O2 -c" "EXTRA_COMPILER_FLAGS=-mcpu=cortex-a9 -mfpu=vfpv3 -mfloat-abi=hard -n
TRACE::2026-09-21.17:38:17::SCWMssOS::ostartfiles -g -Wall -Wextra"

TRACE::2026-09-21.17:38:17::SCWMssOS::Running Make include in ps7_cortexa9_0/libsrc/emacps_v3_12/src

TRACE::2026-09-21.17:38:17::SCWMssOS::make -C ps7_cortexa9_0/libsrc/emacps_v3_12/src -s include  "SHELL=/bin/sh" "COMPILER=arm-none-eabi-gcc" "ASSEMBLER=arm-none-eab
TRACE::2026-09-21.17:38:17::SCWMssOS::i-as" "ARCHIVER=arm-none-eabi-ar" "COMPILER_FLAGS=  -O2 -c" "EXTRA_COMPILER_FLAGS=-mcpu=cortex-a9 -mfpu=vfpv3 -mfloat-abi=hard 
TRACE::2026-09-21.17:38:17::SCWMssOS::-nostartfiles -g -Wall -Wextra"

TRACE::2026-09-21.17:38:17::SCWMssOS::Running Make include in ps7_cortexa9_0/libsrc/lwip211_v1_3/src

TRACE::2026-09-21.17:38:17::SCWMssOS::make -C ps7_cortexa9_0/libsrc/lwip211_v1_3/src -s include  "SHELL=/bin/sh" "COMPILER=arm-none-eabi-gcc" "ASSEMBLER=arm-none-eab
TRACE::2026-09-21.17:38:17::SCWMssOS::i-as" "ARCHIVER=arm-none-eabi-ar" "COMPILER_FLAGS=  -O2 -c" "EXTRA_COMPILER_FLAGS=-mcpu=cortex-a9 -mfpu=vfpv3 -mfloat-abi=hard 
TRACE::2026-09-21.17:38:17::SCWMssOS::-nostartfiles -g -Wall -Wextra"

TRACE::2026-09-21.17:38:17::SCWMssOS::Running Make include in ps7_cortexa9_0/libsrc/scugic_v4_3/src

TRACE::2026-09-21.17:38:17::SCWMssOS::make -C ps7_cortexa9_0/libsrc/scugic_v4_3/src -s include  "SHELL=/bin/sh" "COMPILER=arm-none-eabi-gcc" "ASSEMBLER=arm-none-eabi
TRACE::2026-09-21.17:38:17::SCWMssOS::-as" "ARCHIVER=arm-none-eabi-ar" "COMPILER_FLAGS=  -O2 -c" "EXTRA_COMPILER_FLAGS=-mcpu=cortex-a9 -mfpu=vfpv3 -mfloat-abi=hard -
TRACE::2026-09-21.17:38:17::SCWMssOS::nostartfiles -g -Wall -Wextra"

TRACE::2026-09-21.17:38:17::SCWMssOS::Running Make include in ps7_cortexa9_0/libsrc/scutimer_v2_3/src

TRACE::2026-09-21.17:38:17::SCWMssOS::make -C ps7_cortexa9_0/libsrc/scutimer_v2_3/src -s include  "SHELL=/bin/sh" "COMPILER=arm-none-eabi-gcc" "ASSEMBLER=arm-none-ea
TRACE::2026-09-21.17:38:17::SCWMssOS::bi-as" "ARCHIVER=arm-none-eabi-ar" "COMPILER_FLAGS=  -O2 -c" "EXTRA_COMPILER_FLAGS=-mcpu=cortex-a9 -mfpu=vfpv3 -mfloat-abi=hard
TRACE::2026-09-21.17:38:17::SCWMssOS:: -nostartfiles -g -Wall -Wextra"

TRACE::2026-09-21.17:38:17::SCWMssOS::Running Make include in ps7_cortexa9_0/libsrc/scuwdt_v2_3/src

TRACE::2026-09-21.17:38:17::SCWMssOS::make -C ps7_cortexa9_0/libsrc/scuwdt_v2_3/src -s include  "SHELL=/bin/sh" "COMPILER=arm-none-eabi-gcc" "ASSEMBLER=arm-none-eabi
TRACE::2026-09-21.17:38:17::SCWMssOS::-as" "ARCHIVER=arm-none-eabi-ar" "COMPILER_FLAGS=  -O2 -c" "EXTRA_COMPILER_FLAGS=-mcpu=cortex-a9 -mfpu=vfpv3 -mfloat-abi=hard -
TRACE::2026-09-21.17:38:17::SCWMssOS::nostartfiles -g -Wall -Wextra"

TRACE::2026-09-21.17:38:17::SCWMssOS::Running Make include in ps7_cortexa9_0/libsrc/sdps_v3_10/src

TRACE::2026-09-21.17:38:17::SCWMssOS::make -C ps7_cortexa9_0/libsrc/sdps_v3_10/src -s include  "SHELL=/bin/sh" "COMPILER=arm-none-eabi-gcc" "ASSEMBLER=arm-none-eabi-
TRACE::2026-09-21.17:38:17::SCWMssOS::as" "ARCHIVER=arm-none-eabi-ar" "COMPILER_FLAGS=  -O2 -c" "EXTRA_COMPILER_FLAGS=-mcpu=cortex-a9 -mfpu=vfpv3 -mfloat-abi=hard -n
TRACE::2026-09-21.17:38:17::SCWMssOS::ostartfiles -g -Wall -Wextra"

TRACE::2026-09-21.17:38:17::SCWMssOS::Running Make include in ps7_cortexa9_0/libsrc/standalone_v7_3/src

TRACE::2026-09-21.17:38:17::SCWMssOS::make -C ps7_cortexa9_0/libsrc/standalone_v7_3/src -s include  "SHELL=/bin/sh" "COMPILER=arm-none-eabi-gcc" "ASSEMBLER=arm-none-
TRACE::2026-09-21.17:38:17::SCWMssOS::eabi-as" "ARCHIVER=arm-none-eabi-ar" "COMPILER_FLAGS=  -O2 -c" "EXTRA_COMPILER_FLAGS=-mcpu=cortex-a9 -mfpu=vfpv3 -mfloat-abi=ha
TRACE::2026-09-21.17:38:17::SCWMssOS::rd -nostartfiles -g -Wall -Wextra"

TRACE::2026-09-21.17:38:17::SCWMssOS::Running Make include in ps7_cortexa9_0/libsrc/uartps_v3_10/src

TRACE::2026-09-21.17:38:17::SCWMssOS::make -C ps7_cortexa9_0/libsrc/uartps_v3_10/src -s include  "SHELL=/bin/sh" "COMPILER=arm-none-eabi-gcc" "ASSEMBLER=arm-none-eab
TRACE::2026-09-21.17:38:17::SCWMssOS::i-as" "ARCHIVER=arm-none-eabi-ar" "COMPILER_FLAGS=  -O2 -c" "EXTRA_COMPILER_FLAGS=-mcpu=cortex-a9 -mfpu=vfpv3 -mfloat-abi=hard 
TRACE::2026-09-21.17:38:17::SCWMssOS::-nostartfiles -g -Wall -Wextra"

TRACE::2026-09-21.17:38:17::SCWMssOS::Running Make include in ps7_cortexa9_0/libsrc/video_common_v4_10/src

TRACE::2026-09-21.17:38:17::SCWMssOS::make -C ps7_cortexa9_0/libsrc/video_common_v4_10/src -s include  "SHELL=/bin/sh" "COMPILER=arm-none-eabi-gcc" "ASSEMBLER=arm-no
TRACE::2026-09-21.17:38:17::SCWMssOS::ne-eabi-as" "ARCHIVER=arm-none-eabi-ar" "COMPILER_FLAGS=  -O2 -c" "EXTRA_COMPILER_FLAGS=-mcpu=cortex-a9 -mfpu=vfpv3 -mfloat-abi
TRACE::2026-09-21.17:38:17::SCWMssOS::=hard -nostartfiles -g -Wall -Wextra"

TRACE::2026-09-21.17:38:17::SCWMssOS::Running Make include in ps7_cortexa9_0/libsrc/v_tpg_v8_3/src

TRACE::2026-09-21.17:38:17::SCWMssOS::make -C ps7_cortexa9_0/libsrc/v_tpg_v8_3/src -s include  "SHELL=/bin/sh" "COMPILER=arm-none-eabi-gcc" "ASSEMBLER=arm-none-eabi-
TRACE::2026-09-21.17:38:17::SCWMssOS::as" "ARCHIVER=arm-none-eabi-ar" "COMPILER_FLAGS=  -O2 -c" "EXTRA_COMPILER_FLAGS=-mcpu=cortex-a9 -mfpu=vfpv3 -mfloat-abi=hard -n
TRACE::2026-09-21.17:38:17::SCWMssOS::ostartfiles -g -Wall -Wextra"

TRACE::2026-09-21.17:38:17::SCWMssOS::Running Make include in ps7_cortexa9_0/libsrc/xadcps_v2_5/src

TRACE::2026-09-21.17:38:17::SCWMssOS::make -C ps7_cortexa9_0/libsrc/xadcps_v2_5/src -s include  "SHELL=/bin/sh" "COMPILER=arm-none-eabi-gcc" "ASSEMBLER=arm-none-eabi
TRACE::2026-09-21.17:38:17::SCWMssOS::-as" "ARCHIVER=arm-none-eabi-ar" "COMPILER_FLAGS=  -O2 -c" "EXTRA_COMPILER_FLAGS=-mcpu=cortex-a9 -mfpu=vfpv3 -mfloat-abi=hard -
TRACE::2026-09-21.17:38:17::SCWMssOS::nostartfiles -g -Wall -Wextra"

TRACE::2026-09-21.17:38:17::SCWMssOS::Running Make libs in ps7_cortexa9_0/libsrc/lwip211_v1_3/src

TRACE::2026-09-21.17:38:17::SCWMssOS::make -C ps7_cortexa9_0/libsrc/lwip211_v1_3/src -s libs  "SHELL=/bin/sh" "COMPILER=arm-none-eabi-gcc" "ASSEMBLER=arm-none-eabi-a
TRACE::2026-09-21.17:38:17::SCWMssOS::s" "ARCHIVER=arm-none-eabi-ar" "COMPILER_FLAGS=  -O2 -c" "EXTRA_COMPILER_FLAGS=-mcpu=cortex-a9 -mfpu=vfpv3 -mfloat-abi=hard -no
TRACE::2026-09-21.17:38:17::SCWMssOS::startfiles -g -Wall -Wextra"

TRACE::2026-09-21.17:38:17::SCWMssOS::Compiling lwip src and adapter files

TRACE::2026-09-21.17:38:33::SCWMssOS::Finished building libraries sequentially.

TRACE::2026-09-21.17:38:33::SCWMssOS::make -j --no-print-directory par_libs

TRACE::2026-09-21.17:38:33::SCWMssOS::Running Make include in ps7_cortexa9_0/libsrc/coresightps_dcc_v1_8/src

TRACE::2026-09-21.17:38:33::SCWMssOS::Running Make include in ps7_cortexa9_0/libsrc/axivdma_v6_8/src

TRACE::2026-09-21.17:38:33::SCWMssOS::Running Make include in ps7_cortexa9_0/libsrc/cpu_cortexa9_v2_10/src

TRACE::2026-09-21.17:38:33::SCWMssOS::make -C ps7_cortexa9_0/libsrc/axivdma_v6_8/src -s include  "SHELL=/bin/sh" "COMPILER=arm-none-eabi-gcc" "ASSEMBLER=arm-none-eab
TRACE::2026-09-21.17:38:33::SCWMssOS::i-as" "ARCHIVER=arm-none-eabi-ar" "COMPILER_FLAGS=  -O2 -c" "EXTRA_COMPILER_FLAGS=-mcpu=cortex-a9 -mfpu=vfpv3 -mfloat-abi=hard 
TRACE::2026-09-21.17:38:33::SCWMssOS::-nostartfiles -g -Wall -Wextra"

TRACE::2026-09-21.17:38:33::SCWMssOS::Running Make include in ps7_cortexa9_0/libsrc/ddrps_v1_2/src

TRACE::2026-09-21.17:38:33::SCWMssOS::Running Make include in ps7_cortexa9_0/libsrc/devcfg_v3_7/src

TRACE::2026-09-21.17:38:33::SCWMssOS::make -C ps7_cortexa9_0/libsrc/coresightps_dcc_v1_8/src -s include  "SHELL=/bin/sh" "COMPILER=arm-none-eabi-gcc" "ASSEMBLER=arm-
TRACE::2026-09-21.17:38:33::SCWMssOS::none-eabi-as" "ARCHIVER=arm-none-eabi-ar" "COMPILER_FLAGS=  -O2 -c" "EXTRA_COMPILER_FLAGS=-mcpu=cortex-a9 -mfpu=vfpv3 -mfloat-a
TRACE::2026-09-21.17:38:33::SCWMssOS::bi=hard -nostartfiles -g -Wall -Wextra"

TRACE::2026-09-21.17:38:33::SCWMssOS::Running Make include in ps7_cortexa9_0/libsrc/dmaps_v2_7/src

TRACE::2026-09-21.17:38:33::SCWMssOS::make -C ps7_cortexa9_0/libsrc/cpu_cortexa9_v2_10/src -s include  "SHELL=/bin/sh" "COMPILER=arm-none-eabi-gcc" "ASSEMBLER=arm-no
TRACE::2026-09-21.17:38:33::SCWMssOS::ne-eabi-as" "ARCHIVER=arm-none-eabi-ar" "COMPILER_FLAGS=  -O2 -c" "EXTRA_COMPILER_FLAGS=-mcpu=cortex-a9 -mfpu=vfpv3 -mfloat-abi
TRACE::2026-09-21.17:38:33::SCWMssOS::=hard -nostartfiles -g -Wall -Wextra"

TRACE::2026-09-21.17:38:33::SCWMssOS::make -C ps7_cortexa9_0/libsrc/ddrps_v1_2/src -s include  "SHELL=/bin/sh" "COMPILER=arm-none-eabi-gcc" "ASSEMBLER=arm-none-eabi-
TRACE::2026-09-21.17:38:33::SCWMssOS::as" "ARCHIVER=arm-none-eabi-ar" "COMPILER_FLAGS=  -O2 -c" "EXTRA_COMPILER_FLAGS=-mcpu=cortex-a9 -mfpu=vfpv3 -mfloat-abi=hard -n
TRACE::2026-09-21.17:38:33::SCWMssOS::ostartfiles -g -Wall -Wextra"

TRACE::2026-09-21.17:38:33::SCWMssOS::make -C ps7_cortexa9_0/libsrc/devcfg_v3_7/src -s include  "SHELL=/bin/sh" "COMPILER=arm-none-eabi-gcc" "ASSEMBLER=arm-none-eabi
TRACE::2026-09-21.17:38:33::SCWMssOS::-as" "ARCHIVER=arm-none-eabi-ar" "COMPILER_FLAGS=  -O2 -c" "EXTRA_COMPILER_FLAGS=-mcpu=cortex-a9 -mfpu=vfpv3 -mfloat-abi=hard -
TRACE::2026-09-21.17:38:33::SCWMssOS::nostartfiles -g -Wall -Wextra"

TRACE::2026-09-21.17:38:33::SCWMssOS::make -C ps7_cortexa9_0/libsrc/dmaps_v2_7/src -s include  "SHELL=/bin/sh" "COMPILER=arm-none-eabi-gcc" "ASSEMBLER=arm-none-eabi-
TRACE::2026-09-21.17:38:33::SCWMssOS::as" "ARCHIVER=arm-none-eabi-ar" "COMPILER_FLAGS=  -O2 -c" "EXTRA_COMPILER_FLAGS=-mcpu=cortex-a9 -mfpu=vfpv3 -mfloat-abi=hard -n
TRACE::2026-09-21.17:38:33::SCWMssOS::ostartfiles -g -Wall -Wextra"

TRACE::2026-09-21.17:38:33::SCWMssOS::Running Make include in ps7_cortexa9_0/libsrc/emacps_v3_12/src

TRACE::2026-09-21.17:38:33::SCWMssOS::Running Make include in ps7_cortexa9_0/libsrc/lwip211_v1_3/src

TRACE::2026-09-21.17:38:33::SCWMssOS::make -C ps7_cortexa9_0/libsrc/emacps_v3_12/src -s include  "SHELL=/bin/sh" "COMPILER=arm-none-eabi-gcc" "ASSEMBLER=arm-none-eab
TRACE::2026-09-21.17:38:33::SCWMssOS::i-as" "ARCHIVER=arm-none-eabi-ar" "COMPILER_FLAGS=  -O2 -c" "EXTRA_COMPILER_FLAGS=-mcpu=cortex-a9 -mfpu=vfpv3 -mfloat-abi=hard 
TRACE::2026-09-21.17:38:33::SCWMssOS::-nostartfiles -g -Wall -Wextra"

TRACE::2026-09-21.17:38:33::SCWMssOS::make -C ps7_cortexa9_0/libsrc/lwip211_v1_3/src -s include  "SHELL=/bin/sh" "COMPILER=arm-none-eabi-gcc" "ASSEMBLER=arm-none-eab
TRACE::2026-09-21.17:38:33::SCWMssOS::i-as" "ARCHIVER=arm-none-eabi-ar" "COMPILER_FLAGS=  -O2 -c" "EXTRA_COMPILER_FLAGS=-mcpu=cortex-a9 -mfpu=vfpv3 -mfloat-abi=hard 
TRACE::2026-09-21.17:38:33::SCWMssOS::-nostartfiles -g -Wall -Wextra"

TRACE::2026-09-21.17:38:33::SCWMssOS::Running Make include in ps7_cortexa9_0/libsrc/scutimer_v2_3/src

TRACE::2026-09-21.17:38:33::SCWMssOS::make -C ps7_cortexa9_0/libsrc/scutimer_v2_3/src -s include  "SHELL=/bin/sh" "COMPILER=arm-none-eabi-gcc" "ASSEMBLER=arm-none-ea
TRACE::2026-09-21.17:38:33::SCWMssOS::bi-as" "ARCHIVER=arm-none-eabi-ar" "COMPILER_FLAGS=  -O2 -c" "EXTRA_COMPILER_FLAGS=-mcpu=cortex-a9 -mfpu=vfpv3 -mfloat-abi=hard
TRACE::2026-09-21.17:38:33::SCWMssOS:: -nostartfiles -g -Wall -Wextra"

TRACE::2026-09-21.17:38:33::SCWMssOS::Running Make include in ps7_cortexa9_0/libsrc/scuwdt_v2_3/src

TRACE::2026-09-21.17:38:33::SCWMssOS::Running Make include in ps7_cortexa9_0/libsrc/sdps_v3_10/src

TRACE::2026-09-21.17:38:33::SCWMssOS::make -C ps7_cortexa9_0/libsrc/scuwdt_v2_3/src -s include  "SHELL=/bin/sh" "COMPILER=arm-none-eabi-gcc" "ASSEMBLER=arm-none-eabi
TRACE::2026-09-21.17:38:33::SCWMssOS::-as" "ARCHIVER=arm-none-eabi-ar" "COMPILER_FLAGS=  -O2 -c" "EXTRA_COMPILER_FLAGS=-mcpu=cortex-a9 -mfpu=vfpv3 -mfloat-abi=hard -
TRACE::2026-09-21.17:38:33::SCWMssOS::nostartfiles -g -Wall -Wextra"

TRACE::2026-09-21.17:38:33::SCWMssOS::Running Make include in ps7_cortexa9_0/libsrc/scugic_v4_3/src

TRACE::2026-09-21.17:38:33::SCWMssOS::make -C ps7_cortexa9_0/libsrc/sdps_v3_10/src -s include  "SHELL=/bin/sh" "COMPILER=arm-none-eabi-gcc" "ASSEMBLER=arm-none-eabi-
TRACE::2026-09-21.17:38:33::SCWMssOS::as" "ARCHIVER=arm-none-eabi-ar" "COMPILER_FLAGS=  -O2 -c" "EXTRA_COMPILER_FLAGS=-mcpu=cortex-a9 -mfpu=vfpv3 -mfloat-abi=hard -n
TRACE::2026-09-21.17:38:33::SCWMssOS::ostartfiles -g -Wall -Wextra"

TRACE::2026-09-21.17:38:33::SCWMssOS::make -C ps7_cortexa9_0/libsrc/scugic_v4_3/src -s include  "SHELL=/bin/sh" "COMPILER=arm-none-eabi-gcc" "ASSEMBLER=arm-none-eabi
TRACE::2026-09-21.17:38:33::SCWMssOS::-as" "ARCHIVER=arm-none-eabi-ar" "COMPILER_FLAGS=  -O2 -c" "EXTRA_COMPILER_FLAGS=-mcpu=cortex-a9 -mfpu=vfpv3 -mfloat-abi=hard -
TRACE::2026-09-21.17:38:33::SCWMssOS::nostartfiles -g -Wall -Wextra"

TRACE::2026-09-21.17:38:33::SCWMssOS::Running Make include in ps7_cortexa9_0/libsrc/standalone_v7_3/src

TRACE::2026-09-21.17:38:33::SCWMssOS::Running Make include in ps7_cortexa9_0/libsrc/video_common_v4_10/src

TRACE::2026-09-21.17:38:33::SCWMssOS::Running Make include in ps7_cortexa9_0/libsrc/v_tpg_v8_3/src

TRACE::2026-09-21.17:38:33::SCWMssOS::make -C ps7_cortexa9_0/libsrc/standalone_v7_3/src -s include  "SHELL=/bin/sh" "COMPILER=arm-none-eabi-gcc" "ASSEMBLER=arm-none-
TRACE::2026-09-21.17:38:33::SCWMssOS::eabi-as" "ARCHIVER=arm-none-eabi-ar" "COMPILER_FLAGS=  -O2 -c" "EXTRA_COMPILER_FLAGS=-mcpu=cortex-a9 -mfpu=vfpv3 -mfloat-abi=ha
TRACE::2026-09-21.17:38:33::SCWMssOS::rd -nostartfiles -g -Wall -Wextra"

TRACE::2026-09-21.17:38:33::SCWMssOS::make -C ps7_cortexa9_0/libsrc/video_common_v4_10/src -s include  "SHELL=/bin/sh" "COMPILER=arm-none-eabi-gcc" "ASSEMBLER=arm-no
TRACE::2026-09-21.17:38:33::SCWMssOS::ne-eabi-as" "ARCHIVER=arm-none-eabi-ar" "COMPILER_FLAGS=  -O2 -c" "EXTRA_COMPILER_FLAGS=-mcpu=cortex-a9 -mfpu=vfpv3 -mfloat-abi
TRACE::2026-09-21.17:38:33::SCWMssOS::=hard -nostartfiles -g -Wall -Wextra"

TRACE::2026-09-21.17:38:33::SCWMssOS::make -C ps7_cortexa9_0/libsrc/v_tpg_v8_3/src -s include  "SHELL=/bin/sh" "COMPILER=arm-none-eabi-gcc" "ASSEMBLER=arm-none-eabi-
TRACE::2026-09-21.17:38:33::SCWMssOS::as" "ARCHIVER=arm-none-eabi-ar" "COMPILER_FLAGS=  -O2 -c" "EXTRA_COMPILER_FLAGS=-mcpu=cortex-a9 -mfpu=vfpv3 -mfloat-abi=hard -n
TRACE::2026-09-21.17:38:33::SCWMssOS::ostartfiles -g -Wall -Wextra"

TRACE::2026-09-21.17:38:33::SCWMssOS::Running Make include in ps7_cortexa9_0/libsrc/uartps_v3_10/src

TRACE::2026-09-21.17:38:33::SCWMssOS::make -C ps7_cortexa9_0/libsrc/uartps_v3_10/src -s include  "SHELL=/bin/sh" "COMPILER=arm-none-eabi-gcc" "ASSEMBLER=arm-none-eab
TRACE::2026-09-21.17:38:33::SCWMssOS::i-as" "ARCHIVER=arm-none-eabi-ar" "COMPILER_FLAGS=  -O2 -c" "EXTRA_COMPILER_FLAGS=-mcpu=cortex-a9 -mfpu=vfpv3 -mfloat-abi=hard 
TRACE::2026-09-21.17:38:33::SCWMssOS::-nostartfiles -g -Wall -Wextra"

TRACE::2026-09-21.17:38:33::SCWMssOS::Running Make include in ps7_cortexa9_0/libsrc/xadcps_v2_5/src

TRACE::2026-09-21.17:38:33::SCWMssOS::make -C ps7_cortexa9_0/libsrc/xadcps_v2_5/src -s include  "SHELL=/bin/sh" "COMPILER=arm-none-eabi-gcc" "ASSEMBLER=arm-none-eabi
TRACE::2026-09-21.17:38:33::SCWMssOS::-as" "ARCHIVER=arm-none-eabi-ar" "COMPILER_FLAGS=  -O2 -c" "EXTRA_COMPILER_FLAGS=-mcpu=cortex-a9 -mfpu=vfpv3 -mfloat-abi=hard -
TRACE::2026-09-21.17:38:33::SCWMssOS::nostartfiles -g -Wall -Wextra"

TRACE::2026-09-21.17:38:33::SCWMssOS::Running Make libs in ps7_cortexa9_0/libsrc/coresightps_dcc_v1_8/src

TRACE::2026-09-21.17:38:33::SCWMssOS::Running Make libs in ps7_cortexa9_0/libsrc/axivdma_v6_8/src

TRACE::2026-09-21.17:38:33::SCWMssOS::Running Make libs in ps7_cortexa9_0/libsrc/cpu_cortexa9_v2_10/src

TRACE::2026-09-21.17:38:33::SCWMssOS::make -C ps7_cortexa9_0/libsrc/axivdma_v6_8/src -s libs  "SHELL=/bin/sh" "COMPILER=arm-none-eabi-gcc" "ASSEMBLER=arm-none-eabi-a
TRACE::2026-09-21.17:38:33::SCWMssOS::s" "ARCHIVER=arm-none-eabi-ar" "COMPILER_FLAGS=  -O2 -c" "EXTRA_COMPILER_FLAGS=-mcpu=cortex-a9 -mfpu=vfpv3 -mfloat-abi=hard -no
TRACE::2026-09-21.17:38:33::SCWMssOS::startfiles -g -Wall -Wextra"

TRACE::2026-09-21.17:38:33::SCWMssOS::Running Make libs in ps7_cortexa9_0/libsrc/ddrps_v1_2/src

TRACE::2026-09-21.17:38:33::SCWMssOS::Running Make libs in ps7_cortexa9_0/libsrc/devcfg_v3_7/src

TRACE::2026-09-21.17:38:33::SCWMssOS::make -C ps7_cortexa9_0/libsrc/cpu_cortexa9_v2_10/src -s libs  "SHELL=/bin/sh" "COMPILER=arm-none-eabi-gcc" "ASSEMBLER=arm-none-
TRACE::2026-09-21.17:38:33::SCWMssOS::eabi-as" "ARCHIVER=arm-none-eabi-ar" "COMPILER_FLAGS=  -O2 -c" "EXTRA_COMPILER_FLAGS=-mcpu=cortex-a9 -mfpu=vfpv3 -mfloat-abi=ha
TRACE::2026-09-21.17:38:33::SCWMssOS::rd -nostartfiles -g -Wall -Wextra"

TRACE::2026-09-21.17:38:33::SCWMssOS::Running Make libs in ps7_cortexa9_0/libsrc/dmaps_v2_7/src

TRACE::2026-09-21.17:38:33::SCWMssOS::make -C ps7_cortexa9_0/libsrc/ddrps_v1_2/src -s libs  "SHELL=/bin/sh" "COMPILER=arm-none-eabi-gcc" "ASSEMBLER=arm-none-eabi-as"
TRACE::2026-09-21.17:38:33::SCWMssOS:: "ARCHIVER=arm-none-eabi-ar" "COMPILER_FLAGS=  -O2 -c" "EXTRA_COMPILER_FLAGS=-mcpu=cortex-a9 -mfpu=vfpv3 -mfloat-abi=hard -nost
TRACE::2026-09-21.17:38:33::SCWMssOS::artfiles -g -Wall -Wextra"

TRACE::2026-09-21.17:38:33::SCWMssOS::Running Make libs in ps7_cortexa9_0/libsrc/emacps_v3_12/src

TRACE::2026-09-21.17:38:33::SCWMssOS::Running Make libs in ps7_cortexa9_0/libsrc/scugic_v4_3/src

TRACE::2026-09-21.17:38:33::SCWMssOS::Running Make libs in ps7_cortexa9_0/libsrc/scutimer_v2_3/src

TRACE::2026-09-21.17:38:33::SCWMssOS::make -C ps7_cortexa9_0/libsrc/coresightps_dcc_v1_8/src -s libs  "SHELL=/bin/sh" "COMPILER=arm-none-eabi-gcc" "ASSEMBLER=arm-non
TRACE::2026-09-21.17:38:33::SCWMssOS::e-eabi-as" "ARCHIVER=arm-none-eabi-ar" "COMPILER_FLAGS=  -O2 -c" "EXTRA_COMPILER_FLAGS=-mcpu=cortex-a9 -mfpu=vfpv3 -mfloat-abi=
TRACE::2026-09-21.17:38:33::SCWMssOS::hard -nostartfiles -g -Wall -Wextra"

TRACE::2026-09-21.17:38:33::SCWMssOS::make -C ps7_cortexa9_0/libsrc/devcfg_v3_7/src -s libs  "SHELL=/bin/sh" "COMPILER=arm-none-eabi-gcc" "ASSEMBLER=arm-none-eabi-as
TRACE::2026-09-21.17:38:33::SCWMssOS::" "ARCHIVER=arm-none-eabi-ar" "COMPILER_FLAGS=  -O2 -c" "EXTRA_COMPILER_FLAGS=-mcpu=cortex-a9 -mfpu=vfpv3 -mfloat-abi=hard -nos
TRACE::2026-09-21.17:38:33::SCWMssOS::tartfiles -g -Wall -Wextra"

TRACE::2026-09-21.17:38:33::SCWMssOS::make -C ps7_cortexa9_0/libsrc/dmaps_v2_7/src -s libs  "SHELL=/bin/sh" "COMPILER=arm-none-eabi-gcc" "ASSEMBLER=arm-none-eabi-as"
TRACE::2026-09-21.17:38:33::SCWMssOS:: "ARCHIVER=arm-none-eabi-ar" "COMPILER_FLAGS=  -O2 -c" "EXTRA_COMPILER_FLAGS=-mcpu=cortex-a9 -mfpu=vfpv3 -mfloat-abi=hard -nost
TRACE::2026-09-21.17:38:33::SCWMssOS::artfiles -g -Wall -Wextra"

TRACE::2026-09-21.17:38:33::SCWMssOS::make -C ps7_cortexa9_0/libsrc/emacps_v3_12/src -s libs  "SHELL=/bin/sh" "COMPILER=arm-none-eabi-gcc" "ASSEMBLER=arm-none-eabi-a
TRACE::2026-09-21.17:38:33::SCWMssOS::s" "ARCHIVER=arm-none-eabi-ar" "COMPILER_FLAGS=  -O2 -c" "EXTRA_COMPILER_FLAGS=-mcpu=cortex-a9 -mfpu=vfpv3 -mfloat-abi=hard -no
TRACE::2026-09-21.17:38:33::SCWMssOS::startfiles -g -Wall -Wextra"

TRACE::2026-09-21.17:38:33::SCWMssOS::make -C ps7_cortexa9_0/libsrc/scugic_v4_3/src -s libs  "SHELL=/bin/sh" "COMPILER=arm-none-eabi-gcc" "ASSEMBLER=arm-none-eabi-as
TRACE::2026-09-21.17:38:33::SCWMssOS::" "ARCHIVER=arm-none-eabi-ar" "COMPILER_FLAGS=  -O2 -c" "EXTRA_COMPILER_FLAGS=-mcpu=cortex-a9 -mfpu=vfpv3 -mfloat-abi=hard -nos
TRACE::2026-09-21.17:38:33::SCWMssOS::tartfiles -g -Wall -Wextra"

TRACE::2026-09-21.17:38:33::SCWMssOS::make -C ps7_cortexa9_0/libsrc/scutimer_v2_3/src -s libs  "SHELL=/bin/sh" "COMPILER=arm-none-eabi-gcc" "ASSEMBLER=arm-none-eabi-
TRACE::2026-09-21.17:38:33::SCWMssOS::as" "ARCHIVER=arm-none-eabi-ar" "COMPILER_FLAGS=  -O2 -c" "EXTRA_COMPILER_FLAGS=-mcpu=cortex-a9 -mfpu=vfpv3 -mfloat-abi=hard -n
TRACE::2026-09-21.17:38:33::SCWMssOS::ostartfiles -g -Wall -Wextra"

TRACE::2026-09-21.17:38:33::SCWMssOS::Running Make libs in ps7_cortexa9_0/libsrc/video_common_v4_10/src

TRACE::2026-09-21.17:38:33::SCWMssOS::Running Make libs in ps7_cortexa9_0/libsrc/sdps_v3_10/src

TRACE::2026-09-21.17:38:33::SCWMssOS::make -C ps7_cortexa9_0/libsrc/video_common_v4_10/src -s libs  "SHELL=/bin/sh" "COMPILER=arm-none-eabi-gcc" "ASSEMBLER=arm-none-
TRACE::2026-09-21.17:38:33::SCWMssOS::eabi-as" "ARCHIVER=arm-none-eabi-ar" "COMPILER_FLAGS=  -O2 -c" "EXTRA_COMPILER_FLAGS=-mcpu=cortex-a9 -mfpu=vfpv3 -mfloat-abi=ha
TRACE::2026-09-21.17:38:33::SCWMssOS::rd -nostartfiles -g -Wall -Wextra"

TRACE::2026-09-21.17:38:33::SCWMssOS::Running Make libs in ps7_cortexa9_0/libsrc/standalone_v7_3/src

TRACE::2026-09-21.17:38:33::SCWMssOS::Running Make libs in ps7_cortexa9_0/libsrc/uartps_v3_10/src

TRACE::2026-09-21.17:38:33::SCWMssOS::make -C ps7_cortexa9_0/libsrc/sdps_v3_10/src -s libs  "SHELL=/bin/sh" "COMPILER=arm-none-eabi-gcc" "ASSEMBLER=arm-none-eabi-as"
TRACE::2026-09-21.17:38:33::SCWMssOS:: "ARCHIVER=arm-none-eabi-ar" "COMPILER_FLAGS=  -O2 -c" "EXTRA_COMPILER_FLAGS=-mcpu=cortex-a9 -mfpu=vfpv3 -mfloat-abi=hard -nost
TRACE::2026-09-21.17:38:33::SCWMssOS::artfiles -g -Wall -Wextra"

TRACE::2026-09-21.17:38:33::SCWMssOS::Running Make libs in ps7_cortexa9_0/libsrc/scuwdt_v2_3/src

TRACE::2026-09-21.17:38:33::SCWMssOS::make -C ps7_cortexa9_0/libsrc/scuwdt_v2_3/src -s libs  "SHELL=/bin/sh" "COMPILER=arm-none-eabi-gcc" "ASSEMBLER=arm-none-eabi-as
TRACE::2026-09-21.17:38:33::SCWMssOS::" "ARCHIVER=arm-none-eabi-ar" "COMPILER_FLAGS=  -O2 -c" "EXTRA_COMPILER_FLAGS=-mcpu=cortex-a9 -mfpu=vfpv3 -mfloat-abi=hard -nos
TRACE::2026-09-21.17:38:33::SCWMssOS::tartfiles -g -Wall -Wextra"

TRACE::2026-09-21.17:38:33::SCWMssOS::make -C ps7_cortexa9_0/libsrc/uartps_v3_10/src -s libs  "SHELL=/bin/sh" "COMPILER=arm-none-eabi-gcc" "ASSEMBLER=arm-none-eabi-a
TRACE::2026-09-21.17:38:33::SCWMssOS::s" "ARCHIVER=arm-none-eabi-ar" "COMPILER_FLAGS=  -O2 -c" "EXTRA_COMPILER_FLAGS=-mcpu=cortex-a9 -mfpu=vfpv3 -mfloat-abi=hard -no
TRACE::2026-09-21.17:38:33::SCWMssOS::startfiles -g -Wall -Wextra"

TRACE::2026-09-21.17:38:33::SCWMssOS::make -C ps7_cortexa9_0/libsrc/standalone_v7_3/src -s libs  "SHELL=/bin/sh" "COMPILER=arm-none-eabi-gcc" "ASSEMBLER=arm-none-eab
TRACE::2026-09-21.17:38:33::SCWMssOS::i-as" "ARCHIVER=arm-none-eabi-ar" "COMPILER_FLAGS=  -O2 -c" "EXTRA_COMPILER_FLAGS=-mcpu=cortex-a9 -mfpu=vfpv3 -mfloat-abi=hard 
TRACE::2026-09-21.17:38:33::SCWMssOS::-nostartfiles -g -Wall -Wextra"

TRACE::2026-09-21.17:38:33::SCWMssOS::Running Make libs in ps7_cortexa9_0/libsrc/v_tpg_v8_3/src

TRACE::2026-09-21.17:38:33::SCWMssOS::make -C ps7_cortexa9_0/libsrc/v_tpg_v8_3/src -s libs  "SHELL=/bin/sh" "COMPILER=arm-none-eabi-gcc" "ASSEMBLER=arm-none-eabi-as"
TRACE::2026-09-21.17:38:33::SCWMssOS:: "ARCHIVER=arm-none-eabi-ar" "COMPILER_FLAGS=  -O2 -c" "EXTRA_COMPILER_FLAGS=-mcpu=cortex-a9 -mfpu=vfpv3 -mfloat-abi=hard -nost
TRACE::2026-09-21.17:38:33::SCWMssOS::artfiles -g -Wall -Wextra"

TRACE::2026-09-21.17:38:33::SCWMssOS::Running Make libs in ps7_cortexa9_0/libsrc/xadcps_v2_5/src

TRACE::2026-09-21.17:38:34::SCWMssOS::make -C ps7_cortexa9_0/libsrc/xadcps_v2_5/src -s libs  "SHELL=/bin/sh" "COMPILER=arm-none-eabi-gcc" "ASSEMBLER=arm-none-eabi-as
TRACE::2026-09-21.17:38:34::SCWMssOS::" "ARCHIVER=arm-none-eabi-ar" "COMPILER_FLAGS=  -O2 -c" "EXTRA_COMPILER_FLAGS=-mcpu=cortex-a9 -mfpu=vfpv3 -mfloat-abi=hard -nos
TRACE::2026-09-21.17:38:34::SCWMssOS::tartfiles -g -Wall -Wextra"

TRACE::2026-09-21.17:38:39::SCWMssOS::Finished building libraries parallelly.

TRACE::2026-09-21.17:38:39::SCWMssOS::make --no-print-directory archive

TRACE::2026-09-21.17:38:39::SCWMssOS::arm-none-eabi-ar -r  ps7_cortexa9_0/lib/libxil.a ps7_cortexa9_0/lib/abort.o ps7_cortexa9_0/lib/asm_vectors.o ps7_cortexa9_0/lib
TRACE::2026-09-21.17:38:39::SCWMssOS::/boot.o ps7_cortexa9_0/lib/close.o ps7_cortexa9_0/lib/cpputest_time.o ps7_cortexa9_0/lib/cpu_init.o ps7_cortexa9_0/lib/errno.o 
TRACE::2026-09-21.17:38:39::SCWMssOS::ps7_cortexa9_0/lib/_exit.o ps7_cortexa9_0/lib/fcntl.o ps7_cortexa9_0/lib/fstat.o ps7_cortexa9_0/lib/getpid.o ps7_cortexa9_0/lib
TRACE::2026-09-21.17:38:39::SCWMssOS::/inbyte.o ps7_cortexa9_0/lib/isatty.o ps7_cortexa9_0/lib/kill.o ps7_cortexa9_0/lib/lseek.o ps7_cortexa9_0/lib/_open.o ps7_corte
TRACE::2026-09-21.17:38:39::SCWMssOS::xa9_0/lib/open.o ps7_cortexa9_0/lib/outbyte.o ps7_cortexa9_0/lib/print.o ps7_cortexa9_0/lib/putnum.o ps7_cortexa9_0/lib/read.o 
TRACE::2026-09-21.17:38:39::SCWMssOS::ps7_cortexa9_0/lib/_sbrk.o ps7_cortexa9_0/lib/sbrk.o ps7_cortexa9_0/lib/sleep.o ps7_cortexa9_0/lib/translation_table.o ps7_cort
TRACE::2026-09-21.17:38:39::SCWMssOS::exa9_0/lib/unlink.o ps7_cortexa9_0/lib/usleep.o ps7_cortexa9_0/lib/vectors.o ps7_cortexa9_0/lib/write.o ps7_cortexa9_0/lib/xadc
TRACE::2026-09-21.17:38:39::SCWMssOS::ps_g.o ps7_cortexa9_0/lib/xadcps_intr.o ps7_cortexa9_0/lib/xadcps.o ps7_cortexa9_0/lib/xadcps_selftest.o ps7_cortexa9_0/lib/xad
TRACE::2026-09-21.17:38:39::SCWMssOS::cps_sinit.o ps7_cortexa9_0/lib/xaxivdma_channel.o ps7_cortexa9_0/lib/xaxivdma_g.o ps7_cortexa9_0/lib/xaxivdma_intr.o ps7_cortex
TRACE::2026-09-21.17:38:39::SCWMssOS::a9_0/lib/xaxivdma.o ps7_cortexa9_0/lib/xaxivdma_selftest.o ps7_cortexa9_0/lib/xaxivdma_sinit.o ps7_cortexa9_0/lib/xcoresightpsd
TRACE::2026-09-21.17:38:39::SCWMssOS::cc.o ps7_cortexa9_0/lib/xdevcfg_g.o ps7_cortexa9_0/lib/xdevcfg_hw.o ps7_cortexa9_0/lib/xdevcfg_intr.o ps7_cortexa9_0/lib/xdevcf
TRACE::2026-09-21.17:38:39::SCWMssOS::g.o ps7_cortexa9_0/lib/xdevcfg_selftest.o ps7_cortexa9_0/lib/xdevcfg_sinit.o ps7_cortexa9_0/lib/xdmaps_g.o ps7_cortexa9_0/lib/x
TRACE::2026-09-21.17:38:39::SCWMssOS::dmaps_hw.o ps7_cortexa9_0/lib/xdmaps.o ps7_cortexa9_0/lib/xdmaps_selftest.o ps7_cortexa9_0/lib/xdmaps_sinit.o ps7_cortexa9_0/li
TRACE::2026-09-21.17:38:39::SCWMssOS::b/xemacps_bdring.o ps7_cortexa9_0/lib/xemacps_control.o ps7_cortexa9_0/lib/xemacps_g.o ps7_cortexa9_0/lib/xemacps_hw.o ps7_cort
TRACE::2026-09-21.17:38:39::SCWMssOS::exa9_0/lib/xemacps_intr.o ps7_cortexa9_0/lib/xemacps.o ps7_cortexa9_0/lib/xemacps_sinit.o ps7_cortexa9_0/lib/xil_assert.o ps7_c
TRACE::2026-09-21.17:38:39::SCWMssOS::ortexa9_0/lib/xil_cache.o ps7_cortexa9_0/lib/xil_clocking.o ps7_cortexa9_0/lib/xil-crt0.o ps7_cortexa9_0/lib/xil_exception.o ps
TRACE::2026-09-21.17:38:39::SCWMssOS::7_cortexa9_0/lib/xil_mem.o ps7_cortexa9_0/lib/xil_misc_psreset_api.o ps7_cortexa9_0/lib/xil_mmu.o ps7_cortexa9_0/lib/xil_printf
TRACE::2026-09-21.17:38:39::SCWMssOS::.o ps7_cortexa9_0/lib/xil_sleepcommon.o ps7_cortexa9_0/lib/xil_sleeptimer.o ps7_cortexa9_0/lib/xil_testcache.o ps7_cortexa9_0/l
TRACE::2026-09-21.17:38:39::SCWMssOS::ib/xil_testio.o ps7_cortexa9_0/lib/xil_testmem.o ps7_cortexa9_0/lib/xil_util.o ps7_cortexa9_0/lib/xl2cc_counter.o ps7_cortexa9_
TRACE::2026-09-21.17:38:39::SCWMssOS::0/lib/xplatform_info.o ps7_cortexa9_0/lib/xpm_counter.o ps7_cortexa9_0/lib/xscugic_g.o ps7_cortexa9_0/lib/xscugic_hw.o ps7_cort
TRACE::2026-09-21.17:38:39::SCWMssOS::exa9_0/lib/xscugic_intr.o ps7_cortexa9_0/lib/xscugic.o ps7_cortexa9_0/lib/xscugic_selftest.o ps7_cortexa9_0/lib/xscugic_sinit.o
TRACE::2026-09-21.17:38:39::SCWMssOS:: ps7_cortexa9_0/lib/xscutimer_g.o ps7_cortexa9_0/lib/xscutimer.o ps7_cortexa9_0/lib/xscutimer_selftest.o ps7_cortexa9_0/lib/xsc
TRACE::2026-09-21.17:38:39::SCWMssOS::utimer_sinit.o ps7_cortexa9_0/lib/xscuwdt_g.o ps7_cortexa9_0/lib/xscuwdt.o ps7_cortexa9_0/lib/xscuwdt_selftest.o ps7_cortexa9_0
TRACE::2026-09-21.17:38:39::SCWMssOS::/lib/xscuwdt_sinit.o ps7_cortexa9_0/lib/xsdps_card.o ps7_cortexa9_0/lib/xsdps_g.o ps7_cortexa9_0/lib/xsdps_host.o ps7_cortexa9_
TRACE::2026-09-21.17:38:39::SCWMssOS::0/lib/xsdps.o ps7_cortexa9_0/lib/xsdps_options.o ps7_cortexa9_0/lib/xsdps_sinit.o ps7_cortexa9_0/lib/xtime_l.o ps7_cortexa9_0/l
TRACE::2026-09-21.17:38:39::SCWMssOS::ib/xuartps_g.o ps7_cortexa9_0/lib/xuartps_hw.o ps7_cortexa9_0/lib/xuartps_intr.o ps7_cortexa9_0/lib/xuartps.o ps7_cortexa9_0/li
TRACE::2026-09-21.17:38:39::SCWMssOS::b/xuartps_options.o ps7_cortexa9_0/lib/xuartps_selftest.o ps7_cortexa9_0/lib/xuartps_sinit.o ps7_cortexa9_0/lib/xvidc_edid_ext.
TRACE::2026-09-21.17:38:39::SCWMssOS::o ps7_cortexa9_0/lib/xvidc_edid.o ps7_cortexa9_0/lib/xvidc.o ps7_cortexa9_0/lib/xvidc_parse_edid.o ps7_cortexa9_0/lib/xvidc_tim
TRACE::2026-09-21.17:38:39::SCWMssOS::ings_table.o ps7_cortexa9_0/lib/xv_tpg_g.o ps7_cortexa9_0/lib/xv_tpg_linux.o ps7_cortexa9_0/lib/xv_tpg.o ps7_cortexa9_0/lib/xv_
TRACE::2026-09-21.17:38:39::SCWMssOS::tpg_sinit.o

TRACE::2026-09-21.17:38:39::SCWMssOS::Finished building libraries

TRACE::2026-09-21.17:38:39::SCWMssOS::Copying to export directory.
TRACE::2026-09-21.17:38:39::SCWMssOS:: Checking if to create the Supporting Applications
TRACE::2026-09-21.17:38:39::SCWMssOS:: No Linux domain exists, trying to generate FSBL 
LOG::2026-09-21.17:38:39::SCWSystem::Completed Processing the domain standalone_ps7_cortexa9_0
LOG::2026-09-21.17:38:39::SCWSystem::Completed Processing the sysconfig zynq_wrapper
LOG::2026-09-21.17:38:39::SCWPlatform::Completed generating the artifacts for system configuration zynq_wrapper
TRACE::2026-09-21.17:38:39::SCWPlatform::Started preparing the platform 
TRACE::2026-09-21.17:38:39::SCWSystem::Writing the bif file for system config zynq_wrapper
TRACE::2026-09-21.17:38:39::SCWSystem::dir created 
TRACE::2026-09-21.17:38:39::SCWSystem::Writing the bif 
TRACE::2026-09-21.17:38:39::SCWPlatform::Started writing the spfm file 
TRACE::2026-09-21.17:38:39::SCWPlatform::Started writing the xpfm file 
TRACE::2026-09-21.17:38:39::SCWPlatform::Completed generating the platform
TRACE::2026-09-21.17:38:39::SCWMssOS::Saving the mss changes /home/alexey/programming/systemverilog/ethernet_image_transfer/fpga/zynq_wrapper/zynq_fsbl/zynq_fsbl_bsp/system.mss
TRACE::2026-09-21.17:38:39::SCWMssOS::Found a swdesign opened with the mssfile.
TRACE::2026-09-21.17:38:39::SCWMssOS::Completed writemss as part of save.
TRACE::2026-09-21.17:38:39::SCWMssOS::Commit changes completed.
TRACE::2026-09-21.17:38:39::SCWMssOS::Saving the mss changes /home/alexey/programming/systemverilog/ethernet_image_transfer/fpga/zynq_wrapper/ps7_cortexa9_0/standalone_ps7_cortexa9_0/bsp/system.mss
TRACE::2026-09-21.17:38:39::SCWMssOS::Found a swdesign opened with the mssfile.
TRACE::2026-09-21.17:38:39::SCWMssOS::Completed writemss as part of save.
TRACE::2026-09-21.17:38:39::SCWMssOS::Commit changes completed.
TRACE::2026-09-21.17:38:39::SCWPlatform::Trying to open the hw design at /home/alexey/programming/systemverilog/ethernet_image_transfer/fpga/zynq_wrapper/hw/zynq_wrapper.xsa
TRACE::2026-09-21.17:38:39::SCWPlatform::DSA given /home/alexey/programming/systemverilog/ethernet_image_transfer/fpga/zynq_wrapper/hw/zynq_wrapper.xsa
TRACE::2026-09-21.17:38:39::SCWPlatform::DSA absoulate path /home/alexey/programming/systemverilog/ethernet_image_transfer/fpga/zynq_wrapper/hw/zynq_wrapper.xsa
TRACE::2026-09-21.17:38:39::SCWPlatform::DSA directory /home/alexey/programming/systemverilog/ethernet_image_transfer/fpga/zynq_wrapper/hw
TRACE::2026-09-21.17:38:39::SCWPlatform:: Platform Path /home/alexey/programming/systemverilog/ethernet_image_transfer/fpga/zynq_wrapper/hw/zynq_wrapper.xsa
TRACE::2026-09-21.17:38:39::SCWPlatform:: Unique name xilinx:::0.0
TRACE::2026-09-21.17:38:39::SCWPlatform::Trying to set the existing hwdb with name zynq_wrapper_3
TRACE::2026-09-21.17:38:39::SCWPlatform::Opened existing hwdb zynq_wrapper_3
TRACE::2026-09-21.17:38:39::SCWPlatform::Found the Hw Db part of the input DSA
TRACE::2026-09-21.17:38:39::SCWMssOS::Checking the sw design at  /home/alexey/programming/systemverilog/ethernet_image_transfer/fpga/zynq_wrapper/zynq_fsbl/zynq_fsbl_bsp/system.mss
TRACE::2026-09-21.17:38:39::SCWMssOS::DEBUG:  swdes dump  /home/alexey/programming/systemverilog/ethernet_image_transfer/fpga/zynq_wrapper/ps7_cortexa9_0/standalone_ps7_cortexa9_0/bsp/system.mss|system||
/home/alexey/programming/systemverilog/ethernet_image_transfer/fpga/zynq_wrapper/zynq_fsbl/zynq_fsbl_bsp/system.mss|system_0||

TRACE::2026-09-21.17:38:39::SCWMssOS::Sw design exists and opened at  /home/alexey/programming/systemverilog/ethernet_image_transfer/fpga/zynq_wrapper/zynq_fsbl/zynq_fsbl_bsp/system.mss
TRACE::2026-09-21.17:38:39::SCWPlatform::Trying to open the hw design at /home/alexey/programming/systemverilog/ethernet_image_transfer/fpga/zynq_wrapper/hw/zynq_wrapper.xsa
TRACE::2026-09-21.17:38:39::SCWPlatform::DSA given /home/alexey/programming/systemverilog/ethernet_image_transfer/fpga/zynq_wrapper/hw/zynq_wrapper.xsa
TRACE::2026-09-21.17:38:39::SCWPlatform::DSA absoulate path /home/alexey/programming/systemverilog/ethernet_image_transfer/fpga/zynq_wrapper/hw/zynq_wrapper.xsa
TRACE::2026-09-21.17:38:39::SCWPlatform::DSA directory /home/alexey/programming/systemverilog/ethernet_image_transfer/fpga/zynq_wrapper/hw
TRACE::2026-09-21.17:38:39::SCWPlatform:: Platform Path /home/alexey/programming/systemverilog/ethernet_image_transfer/fpga/zynq_wrapper/hw/zynq_wrapper.xsa
TRACE::2026-09-21.17:38:39::SCWPlatform:: Unique name xilinx:::0.0
TRACE::2026-09-21.17:38:39::SCWPlatform::Trying to set the existing hwdb with name zynq_wrapper_3
TRACE::2026-09-21.17:38:39::SCWPlatform::Opened existing hwdb zynq_wrapper_3
TRACE::2026-09-21.17:38:39::SCWPlatform::Found the Hw Db part of the input DSA
TRACE::2026-09-21.17:38:39::SCWMssOS::Checking the sw design at  /home/alexey/programming/systemverilog/ethernet_image_transfer/fpga/zynq_wrapper/ps7_cortexa9_0/standalone_ps7_cortexa9_0/bsp/system.mss
TRACE::2026-09-21.17:38:39::SCWMssOS::DEBUG:  swdes dump  /home/alexey/programming/systemverilog/ethernet_image_transfer/fpga/zynq_wrapper/ps7_cortexa9_0/standalone_ps7_cortexa9_0/bsp/system.mss|system||
/home/alexey/programming/systemverilog/ethernet_image_transfer/fpga/zynq_wrapper/zynq_fsbl/zynq_fsbl_bsp/system.mss|system_0||

TRACE::2026-09-21.17:38:39::SCWMssOS::Sw design exists and opened at  /home/alexey/programming/systemverilog/ethernet_image_transfer/fpga/zynq_wrapper/ps7_cortexa9_0/standalone_ps7_cortexa9_0/bsp/system.mss
TRACE::2026-09-21.17:38:39::SCWWriter::formatted JSON is {
	"platformName":	"zynq_wrapper",
	"sprVersion":	"2.0",
	"mode":	"gui",
	"dsaType":	"Fixed",
	"platformDesc":	"zynq_wrapper",
	"platHandOff":	"<platformDir>.xsa",
	"platIntHandOff":	"<platformDir>/hw/zynq_wrapper.xsa",
	"deviceType":	"zynq",
	"platIsPrebuiltAutogen":	"false",
	"platIsNoBootBsp":	"false",
	"hasFsblMakeHasChanges":	"false",
	"hasPmufwMakeHasChanges":	"false",
	"fsblExtraCompilerFlags":	"-MMD -MP       -mcpu=cortex-a9 -mfpu=vfpv3 -mfloat-abi=hard ",
	"platPreBuiltFlag":	false,
	"platformSamplesDir":	"",
	"platActiveSys":	"zynq_wrapper",
	"systems":	[{
			"systemName":	"zynq_wrapper",
			"systemDesc":	"zynq_wrapper",
			"sysIsBootAutoGen":	"true",
			"systemDispName":	"zynq_wrapper",
			"sysActiveDom":	"standalone_ps7_cortexa9_0",
			"sysDefaultDom":	"standalone_ps7_cortexa9_0",
			"domains":	[{
					"domainName":	"zynq_fsbl",
					"domainDispName":	"zynq_fsbl",
					"domainDesc":	"FSBL Application BSP - Auto Generated.",
					"processors":	"ps7_cortexa9_0",
					"os":	"standalone",
					"sdxOs":	"standalone",
					"debugEnable":	"",
					"domRuntimes":	["cpp"],
					"swRepo":	"",
					"mssOsVer":	"7.3",
					"mssFile":	"",
					"md5Digest":	"02611ff010f3535202adf0baa1ae5f02",
					"compatibleApp":	"zynq_fsbl",
					"domType":	"bootDomain",
					"arch":	"32-bit",
					"appSettings":	{
						"appCompilerFlags":	"",
						"appLinkerFlags":	""
					},
					"addedLibs":	["xilffs:4.4", "xilrsa:1.6", "lwip211:1.3"],
					"libOptions":	{
						"libsContainingOptions":	[]
					},
					"prebuiltLibs":	{
						"prebuiltIncPath":	[],
						"prebuiltLibPath":	[]
					},
					"isolation":	{
					}
				}, {
					"domainName":	"standalone_ps7_cortexa9_0",
					"domainDispName":	"standalone_ps7_cortexa9_0",
					"domainDesc":	"standalone_ps7_cortexa9_0",
					"processors":	"ps7_cortexa9_0",
					"os":	"standalone",
					"sdxOs":	"standalone",
					"qemuArgs":	"/home/alexey/Xilinx/Vitis/2020.2/data/emulation/platforms/zynq/sw/a9_standalone/qemu/qemu_args.txt",
					"qemuData":	"/home/alexey/Xilinx/Vitis/2020.2/data/emulation/platforms/zynq/sw/a9_standalone/qemu/",
					"debugEnable":	"False",
					"domRuntimes":	["cpp"],
					"swRepo":	"",
					"mssOsVer":	"7.3",
					"mssFile":	"",
					"md5Digest":	"5fc0195c11530ffad44adb8ec51b3e49",
					"compatibleApp":	"",
					"domType":	"mssDomain",
					"arch":	"32-bit",
					"appSettings":	{
						"appCompilerFlags":	"",
						"appLinkerFlags":	""
					},
					"addedLibs":	["lwip211:1.3"],
					"libOptions":	{
						"lwip211":	{
							"lwip_dhcp":	"true",
							"libOptionNames":	["lwip_dhcp"]
						},
						"libsContainingOptions":	["lwip211"]
					},
					"prebuiltLibs":	{
						"prebuiltIncPath":	[],
						"prebuiltLibPath":	[]
					},
					"isolation":	{
					}
				}]
		}]
}
KEYINFO::2026-09-21.17:38:39::SCWPlatform::updated the xpfm file.
TRACE::2026-09-21.17:38:39::SCWPlatform::Trying to open the hw design at /home/alexey/programming/systemverilog/ethernet_image_transfer/fpga/zynq_wrapper/hw/zynq_wrapper.xsa
TRACE::2026-09-21.17:38:39::SCWPlatform::DSA given /home/alexey/programming/systemverilog/ethernet_image_transfer/fpga/zynq_wrapper/hw/zynq_wrapper.xsa
TRACE::2026-09-21.17:38:39::SCWPlatform::DSA absoulate path /home/alexey/programming/systemverilog/ethernet_image_transfer/fpga/zynq_wrapper/hw/zynq_wrapper.xsa
TRACE::2026-09-21.17:38:39::SCWPlatform::DSA directory /home/alexey/programming/systemverilog/ethernet_image_transfer/fpga/zynq_wrapper/hw
TRACE::2026-09-21.17:38:39::SCWPlatform:: Platform Path /home/alexey/programming/systemverilog/ethernet_image_transfer/fpga/zynq_wrapper/hw/zynq_wrapper.xsa
TRACE::2026-09-21.17:38:39::SCWPlatform:: Unique name xilinx:::0.0
TRACE::2026-09-21.17:38:39::SCWPlatform::Trying to set the existing hwdb with name zynq_wrapper_3
TRACE::2026-09-21.17:38:39::SCWPlatform::Opened existing hwdb zynq_wrapper_3
TRACE::2026-09-21.17:38:39::SCWPlatform::Found the Hw Db part of the input DSA
TRACE::2026-09-21.17:38:39::SCWMssOS::Checking the sw design at  /home/alexey/programming/systemverilog/ethernet_image_transfer/fpga/zynq_wrapper/ps7_cortexa9_0/standalone_ps7_cortexa9_0/bsp/system.mss
TRACE::2026-09-21.17:38:39::SCWMssOS::DEBUG:  swdes dump  /home/alexey/programming/systemverilog/ethernet_image_transfer/fpga/zynq_wrapper/ps7_cortexa9_0/standalone_ps7_cortexa9_0/bsp/system.mss|system||
/home/alexey/programming/systemverilog/ethernet_image_transfer/fpga/zynq_wrapper/zynq_fsbl/zynq_fsbl_bsp/system.mss|system_0||

TRACE::2026-09-21.17:38:39::SCWMssOS::Sw design exists and opened at  /home/alexey/programming/systemverilog/ethernet_image_transfer/fpga/zynq_wrapper/ps7_cortexa9_0/standalone_ps7_cortexa9_0/bsp/system.mss
TRACE::2026-09-21.18:18:18::SCWPlatform::Trying to open the hw design at /home/alexey/programming/systemverilog/ethernet_image_transfer/fpga/zynq_wrapper/hw/zynq_wrapper.xsa
TRACE::2026-09-21.18:18:18::SCWPlatform::DSA given /home/alexey/programming/systemverilog/ethernet_image_transfer/fpga/zynq_wrapper/hw/zynq_wrapper.xsa
TRACE::2026-09-21.18:18:18::SCWPlatform::DSA absoulate path /home/alexey/programming/systemverilog/ethernet_image_transfer/fpga/zynq_wrapper/hw/zynq_wrapper.xsa
TRACE::2026-09-21.18:18:18::SCWPlatform::DSA directory /home/alexey/programming/systemverilog/ethernet_image_transfer/fpga/zynq_wrapper/hw
TRACE::2026-09-21.18:18:18::SCWPlatform:: Platform Path /home/alexey/programming/systemverilog/ethernet_image_transfer/fpga/zynq_wrapper/hw/zynq_wrapper.xsa
TRACE::2026-09-21.18:18:18::SCWPlatform:: Unique name xilinx:::0.0
TRACE::2026-09-21.18:18:18::SCWPlatform::Trying to set the existing hwdb with name zynq_wrapper_3
TRACE::2026-09-21.18:18:18::SCWPlatform::Opened existing hwdb zynq_wrapper_3
TRACE::2026-09-21.18:18:18::SCWPlatform::Found the Hw Db part of the input DSA
TRACE::2026-09-21.18:18:18::SCWMssOS::Checking the sw design at  /home/alexey/programming/systemverilog/ethernet_image_transfer/fpga/zynq_wrapper/ps7_cortexa9_0/standalone_ps7_cortexa9_0/bsp/system.mss
TRACE::2026-09-21.18:18:18::SCWMssOS::DEBUG:  swdes dump  /home/alexey/programming/systemverilog/ethernet_image_transfer/fpga/zynq_wrapper/ps7_cortexa9_0/standalone_ps7_cortexa9_0/bsp/system.mss|system||
/home/alexey/programming/systemverilog/ethernet_image_transfer/fpga/zynq_wrapper/zynq_fsbl/zynq_fsbl_bsp/system.mss|system_0||

TRACE::2026-09-21.18:18:18::SCWMssOS::Sw design exists and opened at  /home/alexey/programming/systemverilog/ethernet_image_transfer/fpga/zynq_wrapper/ps7_cortexa9_0/standalone_ps7_cortexa9_0/bsp/system.mss
TRACE::2026-09-21.18:19:03::SCWMssOS::In reload Mss file.
TRACE::2026-09-21.18:19:03::SCWPlatform::Trying to open the hw design at /home/alexey/programming/systemverilog/ethernet_image_transfer/fpga/zynq_wrapper/hw/zynq_wrapper.xsa
TRACE::2026-09-21.18:19:03::SCWPlatform::DSA given /home/alexey/programming/systemverilog/ethernet_image_transfer/fpga/zynq_wrapper/hw/zynq_wrapper.xsa
TRACE::2026-09-21.18:19:03::SCWPlatform::DSA absoulate path /home/alexey/programming/systemverilog/ethernet_image_transfer/fpga/zynq_wrapper/hw/zynq_wrapper.xsa
TRACE::2026-09-21.18:19:03::SCWPlatform::DSA directory /home/alexey/programming/systemverilog/ethernet_image_transfer/fpga/zynq_wrapper/hw
TRACE::2026-09-21.18:19:03::SCWPlatform:: Platform Path /home/alexey/programming/systemverilog/ethernet_image_transfer/fpga/zynq_wrapper/hw/zynq_wrapper.xsa
TRACE::2026-09-21.18:19:03::SCWPlatform:: Unique name xilinx:::0.0
TRACE::2026-09-21.18:19:03::SCWPlatform::Trying to set the existing hwdb with name zynq_wrapper_3
TRACE::2026-09-21.18:19:03::SCWPlatform::Opened existing hwdb zynq_wrapper_3
TRACE::2026-09-21.18:19:03::SCWPlatform::Found the Hw Db part of the input DSA
TRACE::2026-09-21.18:19:03::SCWMssOS::Checking the sw design at  /home/alexey/programming/systemverilog/ethernet_image_transfer/fpga/zynq_wrapper/ps7_cortexa9_0/standalone_ps7_cortexa9_0/bsp/system.mss
TRACE::2026-09-21.18:19:03::SCWMssOS::DEBUG:  swdes dump  /home/alexey/programming/systemverilog/ethernet_image_transfer/fpga/zynq_wrapper/ps7_cortexa9_0/standalone_ps7_cortexa9_0/bsp/system.mss|system||
/home/alexey/programming/systemverilog/ethernet_image_transfer/fpga/zynq_wrapper/zynq_fsbl/zynq_fsbl_bsp/system.mss|system_0||

KEYINFO::2026-09-21.18:19:03::SCWMssOS::Could not open the swdb for system
KEYINFO::2026-09-21.18:19:03::SCWMssOS::Could not open the sw design at  system
ERROR: [Hsi 55-1558] Software Design system is not found

TRACE::2026-09-21.18:19:03::SCWMssOS::Cleared the swdb table entry
TRACE::2026-09-21.18:19:03::SCWMssOS::No sw design opened at  /home/alexey/programming/systemverilog/ethernet_image_transfer/fpga/zynq_wrapper/ps7_cortexa9_0/standalone_ps7_cortexa9_0/bsp/system.mss
TRACE::2026-09-21.18:19:03::SCWMssOS::mss exists loading the mss file  /home/alexey/programming/systemverilog/ethernet_image_transfer/fpga/zynq_wrapper/ps7_cortexa9_0/standalone_ps7_cortexa9_0/bsp/system.mss
TRACE::2026-09-21.18:19:03::SCWMssOS::Opened the sw design from mss  /home/alexey/programming/systemverilog/ethernet_image_transfer/fpga/zynq_wrapper/ps7_cortexa9_0/standalone_ps7_cortexa9_0/bsp/system.mss
TRACE::2026-09-21.18:19:03::SCWMssOS::Adding the swdes entry /home/alexey/programming/systemverilog/ethernet_image_transfer/fpga/zynq_wrapper/ps7_cortexa9_0/standalone_ps7_cortexa9_0/bsp/system.mss with des name system
TRACE::2026-09-21.18:19:03::SCWMssOS::updating the scw layer about changes
TRACE::2026-09-21.18:19:03::SCWMssOS::Opened the sw design.  /home/alexey/programming/systemverilog/ethernet_image_transfer/fpga/zynq_wrapper/ps7_cortexa9_0/standalone_ps7_cortexa9_0/bsp/system.mss
TRACE::2026-09-21.18:19:03::SCWPlatform::Trying to open the hw design at /home/alexey/programming/systemverilog/ethernet_image_transfer/fpga/zynq_wrapper/hw/zynq_wrapper.xsa
TRACE::2026-09-21.18:19:03::SCWPlatform::DSA given /home/alexey/programming/systemverilog/ethernet_image_transfer/fpga/zynq_wrapper/hw/zynq_wrapper.xsa
TRACE::2026-09-21.18:19:04::SCWPlatform::DSA absoulate path /home/alexey/programming/systemverilog/ethernet_image_transfer/fpga/zynq_wrapper/hw/zynq_wrapper.xsa
TRACE::2026-09-21.18:19:04::SCWPlatform::DSA directory /home/alexey/programming/systemverilog/ethernet_image_transfer/fpga/zynq_wrapper/hw
TRACE::2026-09-21.18:19:04::SCWPlatform:: Platform Path /home/alexey/programming/systemverilog/ethernet_image_transfer/fpga/zynq_wrapper/hw/zynq_wrapper.xsa
TRACE::2026-09-21.18:19:04::SCWPlatform:: Unique name xilinx:::0.0
TRACE::2026-09-21.18:19:04::SCWPlatform::Trying to set the existing hwdb with name zynq_wrapper_3
TRACE::2026-09-21.18:19:04::SCWPlatform::Opened existing hwdb zynq_wrapper_3
TRACE::2026-09-21.18:19:04::SCWPlatform::Found the Hw Db part of the input DSA
TRACE::2026-09-21.18:19:04::SCWMssOS::Checking the sw design at  /home/alexey/programming/systemverilog/ethernet_image_transfer/fpga/zynq_wrapper/ps7_cortexa9_0/standalone_ps7_cortexa9_0/bsp/system.mss
TRACE::2026-09-21.18:19:04::SCWMssOS::DEBUG:  swdes dump  /home/alexey/programming/systemverilog/ethernet_image_transfer/fpga/zynq_wrapper/ps7_cortexa9_0/standalone_ps7_cortexa9_0/bsp/system.mss|system||
/home/alexey/programming/systemverilog/ethernet_image_transfer/fpga/zynq_wrapper/zynq_fsbl/zynq_fsbl_bsp/system.mss|system_0||

TRACE::2026-09-21.18:19:04::SCWMssOS::Sw design exists and opened at  /home/alexey/programming/systemverilog/ethernet_image_transfer/fpga/zynq_wrapper/ps7_cortexa9_0/standalone_ps7_cortexa9_0/bsp/system.mss
TRACE::2026-09-21.18:19:04::SCWMssOS:: library already available in sw design:  lwip211:1.3
TRACE::2026-09-21.18:19:04::SCWPlatform::Trying to open the hw design at /home/alexey/programming/systemverilog/ethernet_image_transfer/fpga/zynq_wrapper/hw/zynq_wrapper.xsa
TRACE::2026-09-21.18:19:04::SCWPlatform::DSA given /home/alexey/programming/systemverilog/ethernet_image_transfer/fpga/zynq_wrapper/hw/zynq_wrapper.xsa
TRACE::2026-09-21.18:19:04::SCWPlatform::DSA absoulate path /home/alexey/programming/systemverilog/ethernet_image_transfer/fpga/zynq_wrapper/hw/zynq_wrapper.xsa
TRACE::2026-09-21.18:19:04::SCWPlatform::DSA directory /home/alexey/programming/systemverilog/ethernet_image_transfer/fpga/zynq_wrapper/hw
TRACE::2026-09-21.18:19:04::SCWPlatform:: Platform Path /home/alexey/programming/systemverilog/ethernet_image_transfer/fpga/zynq_wrapper/hw/zynq_wrapper.xsa
TRACE::2026-09-21.18:19:04::SCWPlatform:: Unique name xilinx:::0.0
TRACE::2026-09-21.18:19:04::SCWPlatform::Trying to set the existing hwdb with name zynq_wrapper_3
TRACE::2026-09-21.18:19:04::SCWPlatform::Opened existing hwdb zynq_wrapper_3
TRACE::2026-09-21.18:19:04::SCWPlatform::Found the Hw Db part of the input DSA
TRACE::2026-09-21.18:19:04::SCWMssOS::Checking the sw design at  /home/alexey/programming/systemverilog/ethernet_image_transfer/fpga/zynq_wrapper/ps7_cortexa9_0/standalone_ps7_cortexa9_0/bsp/system.mss
TRACE::2026-09-21.18:19:04::SCWMssOS::DEBUG:  swdes dump  /home/alexey/programming/systemverilog/ethernet_image_transfer/fpga/zynq_wrapper/ps7_cortexa9_0/standalone_ps7_cortexa9_0/bsp/system.mss|system||
/home/alexey/programming/systemverilog/ethernet_image_transfer/fpga/zynq_wrapper/zynq_fsbl/zynq_fsbl_bsp/system.mss|system_0||

TRACE::2026-09-21.18:19:04::SCWMssOS::Sw design exists and opened at  /home/alexey/programming/systemverilog/ethernet_image_transfer/fpga/zynq_wrapper/ps7_cortexa9_0/standalone_ps7_cortexa9_0/bsp/system.mss
TRACE::2026-09-21.18:19:04::SCWPlatform::Trying to open the hw design at /home/alexey/programming/systemverilog/ethernet_image_transfer/fpga/zynq_wrapper/hw/zynq_wrapper.xsa
TRACE::2026-09-21.18:19:04::SCWPlatform::DSA given /home/alexey/programming/systemverilog/ethernet_image_transfer/fpga/zynq_wrapper/hw/zynq_wrapper.xsa
TRACE::2026-09-21.18:19:04::SCWPlatform::DSA absoulate path /home/alexey/programming/systemverilog/ethernet_image_transfer/fpga/zynq_wrapper/hw/zynq_wrapper.xsa
TRACE::2026-09-21.18:19:04::SCWPlatform::DSA directory /home/alexey/programming/systemverilog/ethernet_image_transfer/fpga/zynq_wrapper/hw
TRACE::2026-09-21.18:19:04::SCWPlatform:: Platform Path /home/alexey/programming/systemverilog/ethernet_image_transfer/fpga/zynq_wrapper/hw/zynq_wrapper.xsa
TRACE::2026-09-21.18:19:04::SCWPlatform:: Unique name xilinx:::0.0
TRACE::2026-09-21.18:19:04::SCWPlatform::Trying to set the existing hwdb with name zynq_wrapper_3
TRACE::2026-09-21.18:19:04::SCWPlatform::Opened existing hwdb zynq_wrapper_3
TRACE::2026-09-21.18:19:04::SCWPlatform::Found the Hw Db part of the input DSA
TRACE::2026-09-21.18:19:04::SCWMssOS::Checking the sw design at  /home/alexey/programming/systemverilog/ethernet_image_transfer/fpga/zynq_wrapper/ps7_cortexa9_0/standalone_ps7_cortexa9_0/bsp/system.mss
TRACE::2026-09-21.18:19:04::SCWMssOS::DEBUG:  swdes dump  /home/alexey/programming/systemverilog/ethernet_image_transfer/fpga/zynq_wrapper/ps7_cortexa9_0/standalone_ps7_cortexa9_0/bsp/system.mss|system||
/home/alexey/programming/systemverilog/ethernet_image_transfer/fpga/zynq_wrapper/zynq_fsbl/zynq_fsbl_bsp/system.mss|system_0||

TRACE::2026-09-21.18:19:04::SCWMssOS::Sw design exists and opened at  /home/alexey/programming/systemverilog/ethernet_image_transfer/fpga/zynq_wrapper/ps7_cortexa9_0/standalone_ps7_cortexa9_0/bsp/system.mss
TRACE::2026-09-21.18:19:04::SCWMssOS::Saving the mss changes /home/alexey/programming/systemverilog/ethernet_image_transfer/fpga/zynq_wrapper/ps7_cortexa9_0/standalone_ps7_cortexa9_0/bsp/system.mss
TRACE::2026-09-21.18:19:04::SCWMssOS::Found a swdesign opened with the mssfile.
TRACE::2026-09-21.18:19:04::SCWMssOS::Completed writemss as part of save.
TRACE::2026-09-21.18:19:04::SCWMssOS::Commit changes completed.
TRACE::2026-09-21.18:19:04::SCWPlatform::Trying to open the hw design at /home/alexey/programming/systemverilog/ethernet_image_transfer/fpga/zynq_wrapper/hw/zynq_wrapper.xsa
TRACE::2026-09-21.18:19:04::SCWPlatform::DSA given /home/alexey/programming/systemverilog/ethernet_image_transfer/fpga/zynq_wrapper/hw/zynq_wrapper.xsa
TRACE::2026-09-21.18:19:04::SCWPlatform::DSA absoulate path /home/alexey/programming/systemverilog/ethernet_image_transfer/fpga/zynq_wrapper/hw/zynq_wrapper.xsa
TRACE::2026-09-21.18:19:04::SCWPlatform::DSA directory /home/alexey/programming/systemverilog/ethernet_image_transfer/fpga/zynq_wrapper/hw
TRACE::2026-09-21.18:19:04::SCWPlatform:: Platform Path /home/alexey/programming/systemverilog/ethernet_image_transfer/fpga/zynq_wrapper/hw/zynq_wrapper.xsa
TRACE::2026-09-21.18:19:04::SCWPlatform:: Unique name xilinx:::0.0
TRACE::2026-09-21.18:19:04::SCWPlatform::Trying to set the existing hwdb with name zynq_wrapper_3
TRACE::2026-09-21.18:19:04::SCWPlatform::Opened existing hwdb zynq_wrapper_3
TRACE::2026-09-21.18:19:04::SCWPlatform::Found the Hw Db part of the input DSA
TRACE::2026-09-21.18:19:04::SCWMssOS::Checking the sw design at  /home/alexey/programming/systemverilog/ethernet_image_transfer/fpga/zynq_wrapper/ps7_cortexa9_0/standalone_ps7_cortexa9_0/bsp/system.mss
TRACE::2026-09-21.18:19:04::SCWMssOS::DEBUG:  swdes dump  /home/alexey/programming/systemverilog/ethernet_image_transfer/fpga/zynq_wrapper/ps7_cortexa9_0/standalone_ps7_cortexa9_0/bsp/system.mss|system||
/home/alexey/programming/systemverilog/ethernet_image_transfer/fpga/zynq_wrapper/zynq_fsbl/zynq_fsbl_bsp/system.mss|system_0||

TRACE::2026-09-21.18:19:04::SCWMssOS::Sw design exists and opened at  /home/alexey/programming/systemverilog/ethernet_image_transfer/fpga/zynq_wrapper/ps7_cortexa9_0/standalone_ps7_cortexa9_0/bsp/system.mss
TRACE::2026-09-21.18:19:04::SCWMssOS::Removing the swdes entry for  /home/alexey/programming/systemverilog/ethernet_image_transfer/fpga/zynq_wrapper/ps7_cortexa9_0/standalone_ps7_cortexa9_0/bsp/system.mss
TRACE::2026-09-21.18:19:49::SCWPlatform::Trying to open the hw design at /home/alexey/programming/systemverilog/ethernet_image_transfer/fpga/zynq_wrapper/hw/zynq_wrapper.xsa
TRACE::2026-09-21.18:19:49::SCWPlatform::DSA given /home/alexey/programming/systemverilog/ethernet_image_transfer/fpga/zynq_wrapper/hw/zynq_wrapper.xsa
TRACE::2026-09-21.18:19:49::SCWPlatform::DSA absoulate path /home/alexey/programming/systemverilog/ethernet_image_transfer/fpga/zynq_wrapper/hw/zynq_wrapper.xsa
TRACE::2026-09-21.18:19:49::SCWPlatform::DSA directory /home/alexey/programming/systemverilog/ethernet_image_transfer/fpga/zynq_wrapper/hw
TRACE::2026-09-21.18:19:49::SCWPlatform:: Platform Path /home/alexey/programming/systemverilog/ethernet_image_transfer/fpga/zynq_wrapper/hw/zynq_wrapper.xsa
TRACE::2026-09-21.18:19:49::SCWPlatform:: Unique name xilinx:::0.0
TRACE::2026-09-21.18:19:49::SCWPlatform::Trying to set the existing hwdb with name zynq_wrapper_3
TRACE::2026-09-21.18:19:49::SCWPlatform::Opened existing hwdb zynq_wrapper_3
TRACE::2026-09-21.18:19:49::SCWPlatform::Found the Hw Db part of the input DSA
TRACE::2026-09-21.18:19:49::SCWMssOS::Checking the sw design at  /home/alexey/programming/systemverilog/ethernet_image_transfer/fpga/zynq_wrapper/zynq_fsbl/zynq_fsbl_bsp/system.mss
TRACE::2026-09-21.18:19:49::SCWMssOS::DEBUG:  swdes dump  /home/alexey/programming/systemverilog/ethernet_image_transfer/fpga/zynq_wrapper/zynq_fsbl/zynq_fsbl_bsp/system.mss|system_0||

TRACE::2026-09-21.18:19:49::SCWMssOS::Sw design exists and opened at  /home/alexey/programming/systemverilog/ethernet_image_transfer/fpga/zynq_wrapper/zynq_fsbl/zynq_fsbl_bsp/system.mss
TRACE::2026-09-21.18:20:02::SCWMssOS::In reload Mss file.
TRACE::2026-09-21.18:20:02::SCWPlatform::Trying to open the hw design at /home/alexey/programming/systemverilog/ethernet_image_transfer/fpga/zynq_wrapper/hw/zynq_wrapper.xsa
TRACE::2026-09-21.18:20:02::SCWPlatform::DSA given /home/alexey/programming/systemverilog/ethernet_image_transfer/fpga/zynq_wrapper/hw/zynq_wrapper.xsa
TRACE::2026-09-21.18:20:02::SCWPlatform::DSA absoulate path /home/alexey/programming/systemverilog/ethernet_image_transfer/fpga/zynq_wrapper/hw/zynq_wrapper.xsa
TRACE::2026-09-21.18:20:02::SCWPlatform::DSA directory /home/alexey/programming/systemverilog/ethernet_image_transfer/fpga/zynq_wrapper/hw
TRACE::2026-09-21.18:20:02::SCWPlatform:: Platform Path /home/alexey/programming/systemverilog/ethernet_image_transfer/fpga/zynq_wrapper/hw/zynq_wrapper.xsa
TRACE::2026-09-21.18:20:02::SCWPlatform:: Unique name xilinx:::0.0
TRACE::2026-09-21.18:20:02::SCWPlatform::Trying to set the existing hwdb with name zynq_wrapper_3
TRACE::2026-09-21.18:20:02::SCWPlatform::Opened existing hwdb zynq_wrapper_3
TRACE::2026-09-21.18:20:02::SCWPlatform::Found the Hw Db part of the input DSA
TRACE::2026-09-21.18:20:02::SCWMssOS::Checking the sw design at  /home/alexey/programming/systemverilog/ethernet_image_transfer/fpga/zynq_wrapper/zynq_fsbl/zynq_fsbl_bsp/system.mss
TRACE::2026-09-21.18:20:02::SCWMssOS::DEBUG:  swdes dump  /home/alexey/programming/systemverilog/ethernet_image_transfer/fpga/zynq_wrapper/zynq_fsbl/zynq_fsbl_bsp/system.mss|system_0||

KEYINFO::2026-09-21.18:20:02::SCWMssOS::Could not open the swdb for system_0
KEYINFO::2026-09-21.18:20:02::SCWMssOS::Could not open the sw design at  system_0
ERROR: [Hsi 55-1558] Software Design system_0 is not found

TRACE::2026-09-21.18:20:02::SCWMssOS::Cleared the swdb table entry
TRACE::2026-09-21.18:20:02::SCWMssOS::No sw design opened at  /home/alexey/programming/systemverilog/ethernet_image_transfer/fpga/zynq_wrapper/zynq_fsbl/zynq_fsbl_bsp/system.mss
TRACE::2026-09-21.18:20:02::SCWMssOS::mss exists loading the mss file  /home/alexey/programming/systemverilog/ethernet_image_transfer/fpga/zynq_wrapper/zynq_fsbl/zynq_fsbl_bsp/system.mss
TRACE::2026-09-21.18:20:02::SCWMssOS::Opened the sw design from mss  /home/alexey/programming/systemverilog/ethernet_image_transfer/fpga/zynq_wrapper/zynq_fsbl/zynq_fsbl_bsp/system.mss
TRACE::2026-09-21.18:20:02::SCWMssOS::Adding the swdes entry /home/alexey/programming/systemverilog/ethernet_image_transfer/fpga/zynq_wrapper/zynq_fsbl/zynq_fsbl_bsp/system.mss with des name system
TRACE::2026-09-21.18:20:02::SCWMssOS::updating the scw layer about changes
TRACE::2026-09-21.18:20:02::SCWMssOS::Opened the sw design.  /home/alexey/programming/systemverilog/ethernet_image_transfer/fpga/zynq_wrapper/zynq_fsbl/zynq_fsbl_bsp/system.mss
TRACE::2026-09-21.18:20:02::SCWPlatform::Trying to open the hw design at /home/alexey/programming/systemverilog/ethernet_image_transfer/fpga/zynq_wrapper/hw/zynq_wrapper.xsa
TRACE::2026-09-21.18:20:02::SCWPlatform::DSA given /home/alexey/programming/systemverilog/ethernet_image_transfer/fpga/zynq_wrapper/hw/zynq_wrapper.xsa
TRACE::2026-09-21.18:20:02::SCWPlatform::DSA absoulate path /home/alexey/programming/systemverilog/ethernet_image_transfer/fpga/zynq_wrapper/hw/zynq_wrapper.xsa
TRACE::2026-09-21.18:20:02::SCWPlatform::DSA directory /home/alexey/programming/systemverilog/ethernet_image_transfer/fpga/zynq_wrapper/hw
TRACE::2026-09-21.18:20:02::SCWPlatform:: Platform Path /home/alexey/programming/systemverilog/ethernet_image_transfer/fpga/zynq_wrapper/hw/zynq_wrapper.xsa
TRACE::2026-09-21.18:20:02::SCWPlatform:: Unique name xilinx:::0.0
TRACE::2026-09-21.18:20:02::SCWPlatform::Trying to set the existing hwdb with name zynq_wrapper_3
TRACE::2026-09-21.18:20:02::SCWPlatform::Opened existing hwdb zynq_wrapper_3
TRACE::2026-09-21.18:20:02::SCWPlatform::Found the Hw Db part of the input DSA
TRACE::2026-09-21.18:20:02::SCWMssOS::Checking the sw design at  /home/alexey/programming/systemverilog/ethernet_image_transfer/fpga/zynq_wrapper/zynq_fsbl/zynq_fsbl_bsp/system.mss
TRACE::2026-09-21.18:20:02::SCWMssOS::DEBUG:  swdes dump  /home/alexey/programming/systemverilog/ethernet_image_transfer/fpga/zynq_wrapper/zynq_fsbl/zynq_fsbl_bsp/system.mss|system||

TRACE::2026-09-21.18:20:02::SCWMssOS::Sw design exists and opened at  /home/alexey/programming/systemverilog/ethernet_image_transfer/fpga/zynq_wrapper/zynq_fsbl/zynq_fsbl_bsp/system.mss
TRACE::2026-09-21.18:20:02::SCWMssOS:: library already available in sw design:  xilffs:4.4
TRACE::2026-09-21.18:20:02::SCWPlatform::Trying to open the hw design at /home/alexey/programming/systemverilog/ethernet_image_transfer/fpga/zynq_wrapper/hw/zynq_wrapper.xsa
TRACE::2026-09-21.18:20:02::SCWPlatform::DSA given /home/alexey/programming/systemverilog/ethernet_image_transfer/fpga/zynq_wrapper/hw/zynq_wrapper.xsa
TRACE::2026-09-21.18:20:02::SCWPlatform::DSA absoulate path /home/alexey/programming/systemverilog/ethernet_image_transfer/fpga/zynq_wrapper/hw/zynq_wrapper.xsa
TRACE::2026-09-21.18:20:02::SCWPlatform::DSA directory /home/alexey/programming/systemverilog/ethernet_image_transfer/fpga/zynq_wrapper/hw
TRACE::2026-09-21.18:20:02::SCWPlatform:: Platform Path /home/alexey/programming/systemverilog/ethernet_image_transfer/fpga/zynq_wrapper/hw/zynq_wrapper.xsa
TRACE::2026-09-21.18:20:02::SCWPlatform:: Unique name xilinx:::0.0
TRACE::2026-09-21.18:20:02::SCWPlatform::Trying to set the existing hwdb with name zynq_wrapper_3
TRACE::2026-09-21.18:20:02::SCWPlatform::Opened existing hwdb zynq_wrapper_3
TRACE::2026-09-21.18:20:02::SCWPlatform::Found the Hw Db part of the input DSA
TRACE::2026-09-21.18:20:02::SCWMssOS::Checking the sw design at  /home/alexey/programming/systemverilog/ethernet_image_transfer/fpga/zynq_wrapper/zynq_fsbl/zynq_fsbl_bsp/system.mss
TRACE::2026-09-21.18:20:02::SCWMssOS::DEBUG:  swdes dump  /home/alexey/programming/systemverilog/ethernet_image_transfer/fpga/zynq_wrapper/zynq_fsbl/zynq_fsbl_bsp/system.mss|system||

TRACE::2026-09-21.18:20:02::SCWMssOS::Sw design exists and opened at  /home/alexey/programming/systemverilog/ethernet_image_transfer/fpga/zynq_wrapper/zynq_fsbl/zynq_fsbl_bsp/system.mss
TRACE::2026-09-21.18:20:02::SCWMssOS:: library already available in sw design:  xilrsa:1.6
TRACE::2026-09-21.18:20:02::SCWPlatform::Trying to open the hw design at /home/alexey/programming/systemverilog/ethernet_image_transfer/fpga/zynq_wrapper/hw/zynq_wrapper.xsa
TRACE::2026-09-21.18:20:02::SCWPlatform::DSA given /home/alexey/programming/systemverilog/ethernet_image_transfer/fpga/zynq_wrapper/hw/zynq_wrapper.xsa
TRACE::2026-09-21.18:20:02::SCWPlatform::DSA absoulate path /home/alexey/programming/systemverilog/ethernet_image_transfer/fpga/zynq_wrapper/hw/zynq_wrapper.xsa
TRACE::2026-09-21.18:20:02::SCWPlatform::DSA directory /home/alexey/programming/systemverilog/ethernet_image_transfer/fpga/zynq_wrapper/hw
TRACE::2026-09-21.18:20:02::SCWPlatform:: Platform Path /home/alexey/programming/systemverilog/ethernet_image_transfer/fpga/zynq_wrapper/hw/zynq_wrapper.xsa
TRACE::2026-09-21.18:20:02::SCWPlatform:: Unique name xilinx:::0.0
TRACE::2026-09-21.18:20:02::SCWPlatform::Trying to set the existing hwdb with name zynq_wrapper_3
TRACE::2026-09-21.18:20:02::SCWPlatform::Opened existing hwdb zynq_wrapper_3
TRACE::2026-09-21.18:20:02::SCWPlatform::Found the Hw Db part of the input DSA
TRACE::2026-09-21.18:20:02::SCWMssOS::Checking the sw design at  /home/alexey/programming/systemverilog/ethernet_image_transfer/fpga/zynq_wrapper/zynq_fsbl/zynq_fsbl_bsp/system.mss
TRACE::2026-09-21.18:20:02::SCWMssOS::DEBUG:  swdes dump  /home/alexey/programming/systemverilog/ethernet_image_transfer/fpga/zynq_wrapper/zynq_fsbl/zynq_fsbl_bsp/system.mss|system||

TRACE::2026-09-21.18:20:02::SCWMssOS::Sw design exists and opened at  /home/alexey/programming/systemverilog/ethernet_image_transfer/fpga/zynq_wrapper/zynq_fsbl/zynq_fsbl_bsp/system.mss
TRACE::2026-09-21.18:20:02::SCWMssOS:: library already available in sw design:  lwip211:1.3
TRACE::2026-09-21.18:20:02::SCWMssOS::Saving the mss changes /home/alexey/programming/systemverilog/ethernet_image_transfer/fpga/zynq_wrapper/zynq_fsbl/zynq_fsbl_bsp/system.mss
TRACE::2026-09-21.18:20:02::SCWMssOS::Found a swdesign opened with the mssfile.
TRACE::2026-09-21.18:20:02::SCWMssOS::Completed writemss as part of save.
TRACE::2026-09-21.18:20:02::SCWMssOS::Commit changes completed.
TRACE::2026-09-21.18:20:02::SCWPlatform::Trying to open the hw design at /home/alexey/programming/systemverilog/ethernet_image_transfer/fpga/zynq_wrapper/hw/zynq_wrapper.xsa
TRACE::2026-09-21.18:20:02::SCWPlatform::DSA given /home/alexey/programming/systemverilog/ethernet_image_transfer/fpga/zynq_wrapper/hw/zynq_wrapper.xsa
TRACE::2026-09-21.18:20:02::SCWPlatform::DSA absoulate path /home/alexey/programming/systemverilog/ethernet_image_transfer/fpga/zynq_wrapper/hw/zynq_wrapper.xsa
TRACE::2026-09-21.18:20:02::SCWPlatform::DSA directory /home/alexey/programming/systemverilog/ethernet_image_transfer/fpga/zynq_wrapper/hw
TRACE::2026-09-21.18:20:02::SCWPlatform:: Platform Path /home/alexey/programming/systemverilog/ethernet_image_transfer/fpga/zynq_wrapper/hw/zynq_wrapper.xsa
TRACE::2026-09-21.18:20:02::SCWPlatform:: Unique name xilinx:::0.0
TRACE::2026-09-21.18:20:02::SCWPlatform::Trying to set the existing hwdb with name zynq_wrapper_3
TRACE::2026-09-21.18:20:02::SCWPlatform::Opened existing hwdb zynq_wrapper_3
TRACE::2026-09-21.18:20:02::SCWPlatform::Found the Hw Db part of the input DSA
TRACE::2026-09-21.18:20:02::SCWMssOS::Checking the sw design at  /home/alexey/programming/systemverilog/ethernet_image_transfer/fpga/zynq_wrapper/zynq_fsbl/zynq_fsbl_bsp/system.mss
TRACE::2026-09-21.18:20:02::SCWMssOS::DEBUG:  swdes dump  /home/alexey/programming/systemverilog/ethernet_image_transfer/fpga/zynq_wrapper/zynq_fsbl/zynq_fsbl_bsp/system.mss|system||

TRACE::2026-09-21.18:20:02::SCWMssOS::Sw design exists and opened at  /home/alexey/programming/systemverilog/ethernet_image_transfer/fpga/zynq_wrapper/zynq_fsbl/zynq_fsbl_bsp/system.mss
TRACE::2026-09-21.18:20:02::SCWMssOS::Removing the swdes entry for  /home/alexey/programming/systemverilog/ethernet_image_transfer/fpga/zynq_wrapper/zynq_fsbl/zynq_fsbl_bsp/system.mss
TRACE::2026-09-28.16:52:24::SCWPlatform::Trying to open the hw design at /home/alexey/programming/systemverilog/ethernet_image_transfer/fpga/zynq_wrapper/hw/zynq_wrapper.xsa
TRACE::2026-09-28.16:52:24::SCWPlatform::DSA given /home/alexey/programming/systemverilog/ethernet_image_transfer/fpga/zynq_wrapper/hw/zynq_wrapper.xsa
TRACE::2026-09-28.16:52:24::SCWPlatform::DSA absoulate path /home/alexey/programming/systemverilog/ethernet_image_transfer/fpga/zynq_wrapper/hw/zynq_wrapper.xsa
TRACE::2026-09-28.16:52:30::SCWPlatform::DSA directory /home/alexey/programming/systemverilog/ethernet_image_transfer/fpga/zynq_wrapper/hw
TRACE::2026-09-28.16:52:30::SCWPlatform:: Platform Path /home/alexey/programming/systemverilog/ethernet_image_transfer/fpga/zynq_wrapper/hw/zynq_wrapper.xsa
TRACE::2026-09-28.16:52:30::SCWPlatform:: Unique name xilinx:::0.0
TRACE::2026-09-28.16:52:30::SCWPlatform::Do not have an existing db opened. 
TRACE::2026-09-28.16:52:33::SCWPlatform::Opened new HwDB with name zynq_wrapper
TRACE::2026-09-28.16:52:33::SCWReader::Active system found as  zynq_wrapper
TRACE::2026-09-28.16:52:33::SCWReader::Handling sysconfig zynq_wrapper
TRACE::2026-09-28.16:52:33::SCWDomain::checking for install qemu data   : 
TRACE::2026-09-28.16:52:33::SCWDomain:: Using the QEMU Data from install at  : /home/alexey/Xilinx/Vitis/2020.2/data/emulation/platforms/zynq/sw/a9_standalone/qemu/
TRACE::2026-09-28.16:52:33::SCWDomain:: Using the QEMU args  from install at  : /home/alexey/Xilinx/Vitis/2020.2/data/emulation/platforms/zynq/sw/a9_standalone/qemu/qemu_args.txt
TRACE::2026-09-28.16:52:33::SCWPlatform::Trying to open the hw design at /home/alexey/programming/systemverilog/ethernet_image_transfer/fpga/zynq_wrapper/hw/zynq_wrapper.xsa
TRACE::2026-09-28.16:52:33::SCWPlatform::DSA given /home/alexey/programming/systemverilog/ethernet_image_transfer/fpga/zynq_wrapper/hw/zynq_wrapper.xsa
TRACE::2026-09-28.16:52:33::SCWPlatform::DSA absoulate path /home/alexey/programming/systemverilog/ethernet_image_transfer/fpga/zynq_wrapper/hw/zynq_wrapper.xsa
TRACE::2026-09-28.16:52:33::SCWPlatform::DSA directory /home/alexey/programming/systemverilog/ethernet_image_transfer/fpga/zynq_wrapper/hw
TRACE::2026-09-28.16:52:33::SCWPlatform:: Platform Path /home/alexey/programming/systemverilog/ethernet_image_transfer/fpga/zynq_wrapper/hw/zynq_wrapper.xsa
TRACE::2026-09-28.16:52:33::SCWPlatform:: Unique name xilinx:::0.0
TRACE::2026-09-28.16:52:33::SCWPlatform::Trying to set the existing hwdb with name zynq_wrapper
TRACE::2026-09-28.16:52:33::SCWPlatform::Opened existing hwdb zynq_wrapper
TRACE::2026-09-28.16:52:33::SCWPlatform::Found the Hw Db part of the input DSA
TRACE::2026-09-28.16:52:33::SCWPlatform::Trying to open the hw design at /home/alexey/programming/systemverilog/ethernet_image_transfer/fpga/zynq_wrapper/hw/zynq_wrapper.xsa
TRACE::2026-09-28.16:52:33::SCWPlatform::DSA given /home/alexey/programming/systemverilog/ethernet_image_transfer/fpga/zynq_wrapper/hw/zynq_wrapper.xsa
TRACE::2026-09-28.16:52:33::SCWPlatform::DSA absoulate path /home/alexey/programming/systemverilog/ethernet_image_transfer/fpga/zynq_wrapper/hw/zynq_wrapper.xsa
TRACE::2026-09-28.16:52:33::SCWPlatform::DSA directory /home/alexey/programming/systemverilog/ethernet_image_transfer/fpga/zynq_wrapper/hw
TRACE::2026-09-28.16:52:33::SCWPlatform:: Platform Path /home/alexey/programming/systemverilog/ethernet_image_transfer/fpga/zynq_wrapper/hw/zynq_wrapper.xsa
TRACE::2026-09-28.16:52:33::SCWPlatform:: Unique name xilinx:::0.0
TRACE::2026-09-28.16:52:33::SCWPlatform::Trying to set the existing hwdb with name zynq_wrapper
TRACE::2026-09-28.16:52:33::SCWPlatform::Opened existing hwdb zynq_wrapper
TRACE::2026-09-28.16:52:33::SCWPlatform::Found the Hw Db part of the input DSA
TRACE::2026-09-28.16:52:33::SCWPlatform::Trying to open the hw design at /home/alexey/programming/systemverilog/ethernet_image_transfer/fpga/zynq_wrapper/hw/zynq_wrapper.xsa
TRACE::2026-09-28.16:52:33::SCWPlatform::DSA given /home/alexey/programming/systemverilog/ethernet_image_transfer/fpga/zynq_wrapper/hw/zynq_wrapper.xsa
TRACE::2026-09-28.16:52:33::SCWPlatform::DSA absoulate path /home/alexey/programming/systemverilog/ethernet_image_transfer/fpga/zynq_wrapper/hw/zynq_wrapper.xsa
TRACE::2026-09-28.16:52:33::SCWPlatform::DSA directory /home/alexey/programming/systemverilog/ethernet_image_transfer/fpga/zynq_wrapper/hw
TRACE::2026-09-28.16:52:33::SCWPlatform:: Platform Path /home/alexey/programming/systemverilog/ethernet_image_transfer/fpga/zynq_wrapper/hw/zynq_wrapper.xsa
TRACE::2026-09-28.16:52:33::SCWPlatform:: Unique name xilinx:::0.0
TRACE::2026-09-28.16:52:33::SCWPlatform::Trying to set the existing hwdb with name zynq_wrapper
TRACE::2026-09-28.16:52:33::SCWPlatform::Opened existing hwdb zynq_wrapper
TRACE::2026-09-28.16:52:33::SCWPlatform::Found the Hw Db part of the input DSA
TRACE::2026-09-28.16:52:33::SCWReader::Boot application domain added for zynq_fsbl
TRACE::2026-09-28.16:52:33::SCWPlatform::Trying to open the hw design at /home/alexey/programming/systemverilog/ethernet_image_transfer/fpga/zynq_wrapper/hw/zynq_wrapper.xsa
TRACE::2026-09-28.16:52:33::SCWPlatform::DSA given /home/alexey/programming/systemverilog/ethernet_image_transfer/fpga/zynq_wrapper/hw/zynq_wrapper.xsa
TRACE::2026-09-28.16:52:33::SCWPlatform::DSA absoulate path /home/alexey/programming/systemverilog/ethernet_image_transfer/fpga/zynq_wrapper/hw/zynq_wrapper.xsa
TRACE::2026-09-28.16:52:33::SCWPlatform::DSA directory /home/alexey/programming/systemverilog/ethernet_image_transfer/fpga/zynq_wrapper/hw
TRACE::2026-09-28.16:52:33::SCWPlatform:: Platform Path /home/alexey/programming/systemverilog/ethernet_image_transfer/fpga/zynq_wrapper/hw/zynq_wrapper.xsa
TRACE::2026-09-28.16:52:33::SCWPlatform:: Unique name xilinx:::0.0
TRACE::2026-09-28.16:52:33::SCWPlatform::Trying to set the existing hwdb with name zynq_wrapper
TRACE::2026-09-28.16:52:33::SCWPlatform::Opened existing hwdb zynq_wrapper
TRACE::2026-09-28.16:52:33::SCWPlatform::Found the Hw Db part of the input DSA
TRACE::2026-09-28.16:52:33::SCWMssOS::Checking the sw design at  /home/alexey/programming/systemverilog/ethernet_image_transfer/fpga/zynq_wrapper/zynq_fsbl/zynq_fsbl_bsp/system.mss
TRACE::2026-09-28.16:52:33::SCWMssOS::DEBUG:  swdes dump  
TRACE::2026-09-28.16:52:33::SCWMssOS::No sw design opened at  /home/alexey/programming/systemverilog/ethernet_image_transfer/fpga/zynq_wrapper/zynq_fsbl/zynq_fsbl_bsp/system.mss
TRACE::2026-09-28.16:52:33::SCWMssOS::mss exists loading the mss file  /home/alexey/programming/systemverilog/ethernet_image_transfer/fpga/zynq_wrapper/zynq_fsbl/zynq_fsbl_bsp/system.mss
TRACE::2026-09-28.16:52:33::SCWMssOS::Opened the sw design from mss  /home/alexey/programming/systemverilog/ethernet_image_transfer/fpga/zynq_wrapper/zynq_fsbl/zynq_fsbl_bsp/system.mss
TRACE::2026-09-28.16:52:33::SCWMssOS::Adding the swdes entry /home/alexey/programming/systemverilog/ethernet_image_transfer/fpga/zynq_wrapper/zynq_fsbl/zynq_fsbl_bsp/system.mss with des name system
TRACE::2026-09-28.16:52:33::SCWMssOS::updating the scw layer about changes
TRACE::2026-09-28.16:52:33::SCWMssOS::Opened the sw design.  /home/alexey/programming/systemverilog/ethernet_image_transfer/fpga/zynq_wrapper/zynq_fsbl/zynq_fsbl_bsp/system.mss
TRACE::2026-09-28.16:52:33::SCWPlatform::Trying to open the hw design at /home/alexey/programming/systemverilog/ethernet_image_transfer/fpga/zynq_wrapper/hw/zynq_wrapper.xsa
TRACE::2026-09-28.16:52:33::SCWPlatform::DSA given /home/alexey/programming/systemverilog/ethernet_image_transfer/fpga/zynq_wrapper/hw/zynq_wrapper.xsa
TRACE::2026-09-28.16:52:33::SCWPlatform::DSA absoulate path /home/alexey/programming/systemverilog/ethernet_image_transfer/fpga/zynq_wrapper/hw/zynq_wrapper.xsa
TRACE::2026-09-28.16:52:33::SCWPlatform::DSA directory /home/alexey/programming/systemverilog/ethernet_image_transfer/fpga/zynq_wrapper/hw
TRACE::2026-09-28.16:52:33::SCWPlatform:: Platform Path /home/alexey/programming/systemverilog/ethernet_image_transfer/fpga/zynq_wrapper/hw/zynq_wrapper.xsa
TRACE::2026-09-28.16:52:33::SCWPlatform:: Unique name xilinx:::0.0
TRACE::2026-09-28.16:52:33::SCWPlatform::Trying to set the existing hwdb with name zynq_wrapper
TRACE::2026-09-28.16:52:33::SCWPlatform::Opened existing hwdb zynq_wrapper
TRACE::2026-09-28.16:52:33::SCWPlatform::Found the Hw Db part of the input DSA
TRACE::2026-09-28.16:52:33::SCWMssOS::Checking the sw design at  /home/alexey/programming/systemverilog/ethernet_image_transfer/fpga/zynq_wrapper/zynq_fsbl/zynq_fsbl_bsp/system.mss
TRACE::2026-09-28.16:52:33::SCWMssOS::DEBUG:  swdes dump  /home/alexey/programming/systemverilog/ethernet_image_transfer/fpga/zynq_wrapper/zynq_fsbl/zynq_fsbl_bsp/system.mss|system||

TRACE::2026-09-28.16:52:33::SCWMssOS::Sw design exists and opened at  /home/alexey/programming/systemverilog/ethernet_image_transfer/fpga/zynq_wrapper/zynq_fsbl/zynq_fsbl_bsp/system.mss
TRACE::2026-09-28.16:52:33::SCWMssOS:: library already available in sw design:  xilffs:4.4
TRACE::2026-09-28.16:52:33::SCWPlatform::Trying to open the hw design at /home/alexey/programming/systemverilog/ethernet_image_transfer/fpga/zynq_wrapper/hw/zynq_wrapper.xsa
TRACE::2026-09-28.16:52:33::SCWPlatform::DSA given /home/alexey/programming/systemverilog/ethernet_image_transfer/fpga/zynq_wrapper/hw/zynq_wrapper.xsa
TRACE::2026-09-28.16:52:33::SCWPlatform::DSA absoulate path /home/alexey/programming/systemverilog/ethernet_image_transfer/fpga/zynq_wrapper/hw/zynq_wrapper.xsa
TRACE::2026-09-28.16:52:33::SCWPlatform::DSA directory /home/alexey/programming/systemverilog/ethernet_image_transfer/fpga/zynq_wrapper/hw
TRACE::2026-09-28.16:52:33::SCWPlatform:: Platform Path /home/alexey/programming/systemverilog/ethernet_image_transfer/fpga/zynq_wrapper/hw/zynq_wrapper.xsa
TRACE::2026-09-28.16:52:33::SCWPlatform:: Unique name xilinx:::0.0
TRACE::2026-09-28.16:52:33::SCWPlatform::Trying to set the existing hwdb with name zynq_wrapper
TRACE::2026-09-28.16:52:33::SCWPlatform::Opened existing hwdb zynq_wrapper
TRACE::2026-09-28.16:52:33::SCWPlatform::Found the Hw Db part of the input DSA
TRACE::2026-09-28.16:52:33::SCWMssOS::Checking the sw design at  /home/alexey/programming/systemverilog/ethernet_image_transfer/fpga/zynq_wrapper/zynq_fsbl/zynq_fsbl_bsp/system.mss
TRACE::2026-09-28.16:52:33::SCWMssOS::DEBUG:  swdes dump  /home/alexey/programming/systemverilog/ethernet_image_transfer/fpga/zynq_wrapper/zynq_fsbl/zynq_fsbl_bsp/system.mss|system||

TRACE::2026-09-28.16:52:33::SCWMssOS::Sw design exists and opened at  /home/alexey/programming/systemverilog/ethernet_image_transfer/fpga/zynq_wrapper/zynq_fsbl/zynq_fsbl_bsp/system.mss
TRACE::2026-09-28.16:52:33::SCWMssOS:: library already available in sw design:  xilrsa:1.6
TRACE::2026-09-28.16:52:33::SCWPlatform::Trying to open the hw design at /home/alexey/programming/systemverilog/ethernet_image_transfer/fpga/zynq_wrapper/hw/zynq_wrapper.xsa
TRACE::2026-09-28.16:52:33::SCWPlatform::DSA given /home/alexey/programming/systemverilog/ethernet_image_transfer/fpga/zynq_wrapper/hw/zynq_wrapper.xsa
TRACE::2026-09-28.16:52:33::SCWPlatform::DSA absoulate path /home/alexey/programming/systemverilog/ethernet_image_transfer/fpga/zynq_wrapper/hw/zynq_wrapper.xsa
TRACE::2026-09-28.16:52:33::SCWPlatform::DSA directory /home/alexey/programming/systemverilog/ethernet_image_transfer/fpga/zynq_wrapper/hw
TRACE::2026-09-28.16:52:33::SCWPlatform:: Platform Path /home/alexey/programming/systemverilog/ethernet_image_transfer/fpga/zynq_wrapper/hw/zynq_wrapper.xsa
TRACE::2026-09-28.16:52:33::SCWPlatform:: Unique name xilinx:::0.0
TRACE::2026-09-28.16:52:33::SCWPlatform::Trying to set the existing hwdb with name zynq_wrapper
TRACE::2026-09-28.16:52:33::SCWPlatform::Opened existing hwdb zynq_wrapper
TRACE::2026-09-28.16:52:33::SCWPlatform::Found the Hw Db part of the input DSA
TRACE::2026-09-28.16:52:33::SCWMssOS::Checking the sw design at  /home/alexey/programming/systemverilog/ethernet_image_transfer/fpga/zynq_wrapper/zynq_fsbl/zynq_fsbl_bsp/system.mss
TRACE::2026-09-28.16:52:33::SCWMssOS::DEBUG:  swdes dump  /home/alexey/programming/systemverilog/ethernet_image_transfer/fpga/zynq_wrapper/zynq_fsbl/zynq_fsbl_bsp/system.mss|system||

TRACE::2026-09-28.16:52:33::SCWMssOS::Sw design exists and opened at  /home/alexey/programming/systemverilog/ethernet_image_transfer/fpga/zynq_wrapper/zynq_fsbl/zynq_fsbl_bsp/system.mss
TRACE::2026-09-28.16:52:33::SCWMssOS:: library already available in sw design:  lwip211:1.3
TRACE::2026-09-28.16:52:33::SCWMssOS::Saving the mss changes /home/alexey/programming/systemverilog/ethernet_image_transfer/fpga/zynq_wrapper/zynq_fsbl/zynq_fsbl_bsp/system.mss
TRACE::2026-09-28.16:52:33::SCWMssOS::Found a swdesign opened with the mssfile.
TRACE::2026-09-28.16:52:33::SCWMssOS::Completed writemss as part of save.
TRACE::2026-09-28.16:52:33::SCWMssOS::Commit changes completed.
TRACE::2026-09-28.16:52:33::SCWReader::Adding prebuilt librarypaths as   
TRACE::2026-09-28.16:52:33::SCWReader::Adding prebuilt incpaths  as   
TRACE::2026-09-28.16:52:33::SCWPlatform::Trying to open the hw design at /home/alexey/programming/systemverilog/ethernet_image_transfer/fpga/zynq_wrapper/hw/zynq_wrapper.xsa
TRACE::2026-09-28.16:52:33::SCWPlatform::DSA given /home/alexey/programming/systemverilog/ethernet_image_transfer/fpga/zynq_wrapper/hw/zynq_wrapper.xsa
TRACE::2026-09-28.16:52:33::SCWPlatform::DSA absoulate path /home/alexey/programming/systemverilog/ethernet_image_transfer/fpga/zynq_wrapper/hw/zynq_wrapper.xsa
TRACE::2026-09-28.16:52:33::SCWPlatform::DSA directory /home/alexey/programming/systemverilog/ethernet_image_transfer/fpga/zynq_wrapper/hw
TRACE::2026-09-28.16:52:33::SCWPlatform:: Platform Path /home/alexey/programming/systemverilog/ethernet_image_transfer/fpga/zynq_wrapper/hw/zynq_wrapper.xsa
TRACE::2026-09-28.16:52:33::SCWPlatform:: Unique name xilinx:::0.0
TRACE::2026-09-28.16:52:33::SCWPlatform::Trying to set the existing hwdb with name zynq_wrapper
TRACE::2026-09-28.16:52:33::SCWPlatform::Opened existing hwdb zynq_wrapper
TRACE::2026-09-28.16:52:33::SCWPlatform::Found the Hw Db part of the input DSA
TRACE::2026-09-28.16:52:33::SCWMssOS::Checking the sw design at  /home/alexey/programming/systemverilog/ethernet_image_transfer/fpga/zynq_wrapper/zynq_fsbl/zynq_fsbl_bsp/system.mss
TRACE::2026-09-28.16:52:33::SCWMssOS::DEBUG:  swdes dump  /home/alexey/programming/systemverilog/ethernet_image_transfer/fpga/zynq_wrapper/zynq_fsbl/zynq_fsbl_bsp/system.mss|system||

TRACE::2026-09-28.16:52:33::SCWMssOS::Sw design exists and opened at  /home/alexey/programming/systemverilog/ethernet_image_transfer/fpga/zynq_wrapper/zynq_fsbl/zynq_fsbl_bsp/system.mss
TRACE::2026-09-28.16:52:33::SCWReader::No isolation master present  
TRACE::2026-09-28.16:52:33::SCWDomain::checking for install qemu data   : 
TRACE::2026-09-28.16:52:33::SCWDomain:: Using the QEMU Data from install at  : /home/alexey/Xilinx/Vitis/2020.2/data/emulation/platforms/zynq/sw/a9_standalone/qemu/
TRACE::2026-09-28.16:52:33::SCWDomain:: Using the QEMU args  from install at  : /home/alexey/Xilinx/Vitis/2020.2/data/emulation/platforms/zynq/sw/a9_standalone/qemu/qemu_args.txt
TRACE::2026-09-28.16:52:33::SCWPlatform::Trying to open the hw design at /home/alexey/programming/systemverilog/ethernet_image_transfer/fpga/zynq_wrapper/hw/zynq_wrapper.xsa
TRACE::2026-09-28.16:52:33::SCWPlatform::DSA given /home/alexey/programming/systemverilog/ethernet_image_transfer/fpga/zynq_wrapper/hw/zynq_wrapper.xsa
TRACE::2026-09-28.16:52:33::SCWPlatform::DSA absoulate path /home/alexey/programming/systemverilog/ethernet_image_transfer/fpga/zynq_wrapper/hw/zynq_wrapper.xsa
TRACE::2026-09-28.16:52:33::SCWPlatform::DSA directory /home/alexey/programming/systemverilog/ethernet_image_transfer/fpga/zynq_wrapper/hw
TRACE::2026-09-28.16:52:33::SCWPlatform:: Platform Path /home/alexey/programming/systemverilog/ethernet_image_transfer/fpga/zynq_wrapper/hw/zynq_wrapper.xsa
TRACE::2026-09-28.16:52:33::SCWPlatform:: Unique name xilinx:::0.0
TRACE::2026-09-28.16:52:33::SCWPlatform::Trying to set the existing hwdb with name zynq_wrapper
TRACE::2026-09-28.16:52:33::SCWPlatform::Opened existing hwdb zynq_wrapper
TRACE::2026-09-28.16:52:33::SCWPlatform::Found the Hw Db part of the input DSA
TRACE::2026-09-28.16:52:33::SCWPlatform::Trying to open the hw design at /home/alexey/programming/systemverilog/ethernet_image_transfer/fpga/zynq_wrapper/hw/zynq_wrapper.xsa
TRACE::2026-09-28.16:52:33::SCWPlatform::DSA given /home/alexey/programming/systemverilog/ethernet_image_transfer/fpga/zynq_wrapper/hw/zynq_wrapper.xsa
TRACE::2026-09-28.16:52:33::SCWPlatform::DSA absoulate path /home/alexey/programming/systemverilog/ethernet_image_transfer/fpga/zynq_wrapper/hw/zynq_wrapper.xsa
TRACE::2026-09-28.16:52:33::SCWPlatform::DSA directory /home/alexey/programming/systemverilog/ethernet_image_transfer/fpga/zynq_wrapper/hw
TRACE::2026-09-28.16:52:33::SCWPlatform:: Platform Path /home/alexey/programming/systemverilog/ethernet_image_transfer/fpga/zynq_wrapper/hw/zynq_wrapper.xsa
TRACE::2026-09-28.16:52:33::SCWPlatform:: Unique name xilinx:::0.0
TRACE::2026-09-28.16:52:33::SCWPlatform::Trying to set the existing hwdb with name zynq_wrapper
TRACE::2026-09-28.16:52:33::SCWPlatform::Opened existing hwdb zynq_wrapper
TRACE::2026-09-28.16:52:33::SCWPlatform::Found the Hw Db part of the input DSA
TRACE::2026-09-28.16:52:33::SCWPlatform::Trying to open the hw design at /home/alexey/programming/systemverilog/ethernet_image_transfer/fpga/zynq_wrapper/hw/zynq_wrapper.xsa
TRACE::2026-09-28.16:52:33::SCWPlatform::DSA given /home/alexey/programming/systemverilog/ethernet_image_transfer/fpga/zynq_wrapper/hw/zynq_wrapper.xsa
TRACE::2026-09-28.16:52:33::SCWPlatform::DSA absoulate path /home/alexey/programming/systemverilog/ethernet_image_transfer/fpga/zynq_wrapper/hw/zynq_wrapper.xsa
TRACE::2026-09-28.16:52:33::SCWPlatform::DSA directory /home/alexey/programming/systemverilog/ethernet_image_transfer/fpga/zynq_wrapper/hw
TRACE::2026-09-28.16:52:33::SCWPlatform:: Platform Path /home/alexey/programming/systemverilog/ethernet_image_transfer/fpga/zynq_wrapper/hw/zynq_wrapper.xsa
TRACE::2026-09-28.16:52:33::SCWPlatform:: Unique name xilinx:::0.0
TRACE::2026-09-28.16:52:33::SCWPlatform::Trying to set the existing hwdb with name zynq_wrapper
TRACE::2026-09-28.16:52:33::SCWPlatform::Opened existing hwdb zynq_wrapper
TRACE::2026-09-28.16:52:33::SCWPlatform::Found the Hw Db part of the input DSA
TRACE::2026-09-28.16:52:33::SCWMssOS::Checking the sw design at  /home/alexey/programming/systemverilog/ethernet_image_transfer/fpga/zynq_wrapper/ps7_cortexa9_0/standalone_ps7_cortexa9_0/bsp/system.mss
TRACE::2026-09-28.16:52:33::SCWMssOS::DEBUG:  swdes dump  /home/alexey/programming/systemverilog/ethernet_image_transfer/fpga/zynq_wrapper/zynq_fsbl/zynq_fsbl_bsp/system.mss|system||

TRACE::2026-09-28.16:52:33::SCWMssOS::No sw design opened at  /home/alexey/programming/systemverilog/ethernet_image_transfer/fpga/zynq_wrapper/ps7_cortexa9_0/standalone_ps7_cortexa9_0/bsp/system.mss
TRACE::2026-09-28.16:52:33::SCWMssOS::mss exists loading the mss file  /home/alexey/programming/systemverilog/ethernet_image_transfer/fpga/zynq_wrapper/ps7_cortexa9_0/standalone_ps7_cortexa9_0/bsp/system.mss
TRACE::2026-09-28.16:52:33::SCWMssOS::Opened the sw design from mss  /home/alexey/programming/systemverilog/ethernet_image_transfer/fpga/zynq_wrapper/ps7_cortexa9_0/standalone_ps7_cortexa9_0/bsp/system.mss
TRACE::2026-09-28.16:52:33::SCWMssOS::Adding the swdes entry /home/alexey/programming/systemverilog/ethernet_image_transfer/fpga/zynq_wrapper/ps7_cortexa9_0/standalone_ps7_cortexa9_0/bsp/system.mss with des name system_0
TRACE::2026-09-28.16:52:33::SCWMssOS::updating the scw layer about changes
TRACE::2026-09-28.16:52:33::SCWMssOS::Opened the sw design.  /home/alexey/programming/systemverilog/ethernet_image_transfer/fpga/zynq_wrapper/ps7_cortexa9_0/standalone_ps7_cortexa9_0/bsp/system.mss
TRACE::2026-09-28.16:52:33::SCWPlatform::Trying to open the hw design at /home/alexey/programming/systemverilog/ethernet_image_transfer/fpga/zynq_wrapper/hw/zynq_wrapper.xsa
TRACE::2026-09-28.16:52:33::SCWPlatform::DSA given /home/alexey/programming/systemverilog/ethernet_image_transfer/fpga/zynq_wrapper/hw/zynq_wrapper.xsa
TRACE::2026-09-28.16:52:33::SCWPlatform::DSA absoulate path /home/alexey/programming/systemverilog/ethernet_image_transfer/fpga/zynq_wrapper/hw/zynq_wrapper.xsa
TRACE::2026-09-28.16:52:33::SCWPlatform::DSA directory /home/alexey/programming/systemverilog/ethernet_image_transfer/fpga/zynq_wrapper/hw
TRACE::2026-09-28.16:52:33::SCWPlatform:: Platform Path /home/alexey/programming/systemverilog/ethernet_image_transfer/fpga/zynq_wrapper/hw/zynq_wrapper.xsa
TRACE::2026-09-28.16:52:33::SCWPlatform:: Unique name xilinx:::0.0
TRACE::2026-09-28.16:52:33::SCWPlatform::Trying to set the existing hwdb with name zynq_wrapper
TRACE::2026-09-28.16:52:33::SCWPlatform::Opened existing hwdb zynq_wrapper
TRACE::2026-09-28.16:52:33::SCWPlatform::Found the Hw Db part of the input DSA
TRACE::2026-09-28.16:52:33::SCWMssOS::Checking the sw design at  /home/alexey/programming/systemverilog/ethernet_image_transfer/fpga/zynq_wrapper/ps7_cortexa9_0/standalone_ps7_cortexa9_0/bsp/system.mss
TRACE::2026-09-28.16:52:33::SCWMssOS::DEBUG:  swdes dump  /home/alexey/programming/systemverilog/ethernet_image_transfer/fpga/zynq_wrapper/ps7_cortexa9_0/standalone_ps7_cortexa9_0/bsp/system.mss|system_0||
/home/alexey/programming/systemverilog/ethernet_image_transfer/fpga/zynq_wrapper/zynq_fsbl/zynq_fsbl_bsp/system.mss|system||

TRACE::2026-09-28.16:52:33::SCWMssOS::Sw design exists and opened at  /home/alexey/programming/systemverilog/ethernet_image_transfer/fpga/zynq_wrapper/ps7_cortexa9_0/standalone_ps7_cortexa9_0/bsp/system.mss
TRACE::2026-09-28.16:52:33::SCWMssOS:: library already available in sw design:  lwip211:1.3
TRACE::2026-09-28.16:52:33::SCWPlatform::Trying to open the hw design at /home/alexey/programming/systemverilog/ethernet_image_transfer/fpga/zynq_wrapper/hw/zynq_wrapper.xsa
TRACE::2026-09-28.16:52:33::SCWPlatform::DSA given /home/alexey/programming/systemverilog/ethernet_image_transfer/fpga/zynq_wrapper/hw/zynq_wrapper.xsa
TRACE::2026-09-28.16:52:33::SCWPlatform::DSA absoulate path /home/alexey/programming/systemverilog/ethernet_image_transfer/fpga/zynq_wrapper/hw/zynq_wrapper.xsa
TRACE::2026-09-28.16:52:33::SCWPlatform::DSA directory /home/alexey/programming/systemverilog/ethernet_image_transfer/fpga/zynq_wrapper/hw
TRACE::2026-09-28.16:52:33::SCWPlatform:: Platform Path /home/alexey/programming/systemverilog/ethernet_image_transfer/fpga/zynq_wrapper/hw/zynq_wrapper.xsa
TRACE::2026-09-28.16:52:33::SCWPlatform:: Unique name xilinx:::0.0
TRACE::2026-09-28.16:52:33::SCWPlatform::Trying to set the existing hwdb with name zynq_wrapper
TRACE::2026-09-28.16:52:33::SCWPlatform::Opened existing hwdb zynq_wrapper
TRACE::2026-09-28.16:52:33::SCWPlatform::Found the Hw Db part of the input DSA
TRACE::2026-09-28.16:52:33::SCWMssOS::Checking the sw design at  /home/alexey/programming/systemverilog/ethernet_image_transfer/fpga/zynq_wrapper/ps7_cortexa9_0/standalone_ps7_cortexa9_0/bsp/system.mss
TRACE::2026-09-28.16:52:33::SCWMssOS::DEBUG:  swdes dump  /home/alexey/programming/systemverilog/ethernet_image_transfer/fpga/zynq_wrapper/ps7_cortexa9_0/standalone_ps7_cortexa9_0/bsp/system.mss|system_0||
/home/alexey/programming/systemverilog/ethernet_image_transfer/fpga/zynq_wrapper/zynq_fsbl/zynq_fsbl_bsp/system.mss|system||

TRACE::2026-09-28.16:52:33::SCWMssOS::Sw design exists and opened at  /home/alexey/programming/systemverilog/ethernet_image_transfer/fpga/zynq_wrapper/ps7_cortexa9_0/standalone_ps7_cortexa9_0/bsp/system.mss
TRACE::2026-09-28.16:52:33::SCWPlatform::Trying to open the hw design at /home/alexey/programming/systemverilog/ethernet_image_transfer/fpga/zynq_wrapper/hw/zynq_wrapper.xsa
TRACE::2026-09-28.16:52:33::SCWPlatform::DSA given /home/alexey/programming/systemverilog/ethernet_image_transfer/fpga/zynq_wrapper/hw/zynq_wrapper.xsa
TRACE::2026-09-28.16:52:33::SCWPlatform::DSA absoulate path /home/alexey/programming/systemverilog/ethernet_image_transfer/fpga/zynq_wrapper/hw/zynq_wrapper.xsa
TRACE::2026-09-28.16:52:33::SCWPlatform::DSA directory /home/alexey/programming/systemverilog/ethernet_image_transfer/fpga/zynq_wrapper/hw
TRACE::2026-09-28.16:52:33::SCWPlatform:: Platform Path /home/alexey/programming/systemverilog/ethernet_image_transfer/fpga/zynq_wrapper/hw/zynq_wrapper.xsa
TRACE::2026-09-28.16:52:33::SCWPlatform:: Unique name xilinx:::0.0
TRACE::2026-09-28.16:52:33::SCWPlatform::Trying to set the existing hwdb with name zynq_wrapper
TRACE::2026-09-28.16:52:33::SCWPlatform::Opened existing hwdb zynq_wrapper
TRACE::2026-09-28.16:52:33::SCWPlatform::Found the Hw Db part of the input DSA
TRACE::2026-09-28.16:52:33::SCWMssOS::Checking the sw design at  /home/alexey/programming/systemverilog/ethernet_image_transfer/fpga/zynq_wrapper/ps7_cortexa9_0/standalone_ps7_cortexa9_0/bsp/system.mss
TRACE::2026-09-28.16:52:33::SCWMssOS::DEBUG:  swdes dump  /home/alexey/programming/systemverilog/ethernet_image_transfer/fpga/zynq_wrapper/ps7_cortexa9_0/standalone_ps7_cortexa9_0/bsp/system.mss|system_0||
/home/alexey/programming/systemverilog/ethernet_image_transfer/fpga/zynq_wrapper/zynq_fsbl/zynq_fsbl_bsp/system.mss|system||

TRACE::2026-09-28.16:52:33::SCWMssOS::Sw design exists and opened at  /home/alexey/programming/systemverilog/ethernet_image_transfer/fpga/zynq_wrapper/ps7_cortexa9_0/standalone_ps7_cortexa9_0/bsp/system.mss
TRACE::2026-09-28.16:52:33::SCWMssOS::Saving the mss changes /home/alexey/programming/systemverilog/ethernet_image_transfer/fpga/zynq_wrapper/ps7_cortexa9_0/standalone_ps7_cortexa9_0/bsp/system.mss
TRACE::2026-09-28.16:52:33::SCWMssOS::Found a swdesign opened with the mssfile.
TRACE::2026-09-28.16:52:33::SCWMssOS::Completed writemss as part of save.
TRACE::2026-09-28.16:52:33::SCWMssOS::Commit changes completed.
TRACE::2026-09-28.16:52:33::SCWReader::Adding prebuilt librarypaths as   
TRACE::2026-09-28.16:52:33::SCWReader::Adding prebuilt incpaths  as   
TRACE::2026-09-28.16:52:33::SCWPlatform::Trying to open the hw design at /home/alexey/programming/systemverilog/ethernet_image_transfer/fpga/zynq_wrapper/hw/zynq_wrapper.xsa
TRACE::2026-09-28.16:52:33::SCWPlatform::DSA given /home/alexey/programming/systemverilog/ethernet_image_transfer/fpga/zynq_wrapper/hw/zynq_wrapper.xsa
TRACE::2026-09-28.16:52:33::SCWPlatform::DSA absoulate path /home/alexey/programming/systemverilog/ethernet_image_transfer/fpga/zynq_wrapper/hw/zynq_wrapper.xsa
TRACE::2026-09-28.16:52:33::SCWPlatform::DSA directory /home/alexey/programming/systemverilog/ethernet_image_transfer/fpga/zynq_wrapper/hw
TRACE::2026-09-28.16:52:33::SCWPlatform:: Platform Path /home/alexey/programming/systemverilog/ethernet_image_transfer/fpga/zynq_wrapper/hw/zynq_wrapper.xsa
TRACE::2026-09-28.16:52:33::SCWPlatform:: Unique name xilinx:::0.0
TRACE::2026-09-28.16:52:33::SCWPlatform::Trying to set the existing hwdb with name zynq_wrapper
TRACE::2026-09-28.16:52:33::SCWPlatform::Opened existing hwdb zynq_wrapper
TRACE::2026-09-28.16:52:33::SCWPlatform::Found the Hw Db part of the input DSA
TRACE::2026-09-28.16:52:33::SCWMssOS::Checking the sw design at  /home/alexey/programming/systemverilog/ethernet_image_transfer/fpga/zynq_wrapper/ps7_cortexa9_0/standalone_ps7_cortexa9_0/bsp/system.mss
TRACE::2026-09-28.16:52:33::SCWMssOS::DEBUG:  swdes dump  /home/alexey/programming/systemverilog/ethernet_image_transfer/fpga/zynq_wrapper/ps7_cortexa9_0/standalone_ps7_cortexa9_0/bsp/system.mss|system_0||
/home/alexey/programming/systemverilog/ethernet_image_transfer/fpga/zynq_wrapper/zynq_fsbl/zynq_fsbl_bsp/system.mss|system||

TRACE::2026-09-28.16:52:33::SCWMssOS::Sw design exists and opened at  /home/alexey/programming/systemverilog/ethernet_image_transfer/fpga/zynq_wrapper/ps7_cortexa9_0/standalone_ps7_cortexa9_0/bsp/system.mss
TRACE::2026-09-28.16:52:33::SCWReader::No isolation master present  
LOG::2026-09-28.16:52:33::SCWPlatform::Started generating the artifacts platform zynq_wrapper
TRACE::2026-09-28.16:52:33::SCWPlatform::Sanity checking of platform is completed
LOG::2026-09-28.16:52:33::SCWPlatform::Started generating the artifacts for system configuration zynq_wrapper
LOG::2026-09-28.16:52:33::SCWSystem::Checking the domain zynq_fsbl
LOG::2026-09-28.16:52:33::SCWSystem::Doing application build for :  zynq_fsbl
TRACE::2026-09-28.16:52:33::SCWBDomain::Not a forced makefile updation, No changes are present. 
TRACE::2026-09-28.16:52:33::SCWDomain::Building the domain as part of full build :  zynq_fsbl
TRACE::2026-09-28.16:52:33::SCWPlatform::Trying to open the hw design at /home/alexey/programming/systemverilog/ethernet_image_transfer/fpga/zynq_wrapper/hw/zynq_wrapper.xsa
TRACE::2026-09-28.16:52:33::SCWPlatform::DSA given /home/alexey/programming/systemverilog/ethernet_image_transfer/fpga/zynq_wrapper/hw/zynq_wrapper.xsa
TRACE::2026-09-28.16:52:33::SCWPlatform::DSA absoulate path /home/alexey/programming/systemverilog/ethernet_image_transfer/fpga/zynq_wrapper/hw/zynq_wrapper.xsa
TRACE::2026-09-28.16:52:33::SCWPlatform::DSA directory /home/alexey/programming/systemverilog/ethernet_image_transfer/fpga/zynq_wrapper/hw
TRACE::2026-09-28.16:52:33::SCWPlatform:: Platform Path /home/alexey/programming/systemverilog/ethernet_image_transfer/fpga/zynq_wrapper/hw/zynq_wrapper.xsa
TRACE::2026-09-28.16:52:33::SCWPlatform:: Unique name xilinx:::0.0
TRACE::2026-09-28.16:52:33::SCWPlatform::Trying to set the existing hwdb with name zynq_wrapper
TRACE::2026-09-28.16:52:33::SCWPlatform::Opened existing hwdb zynq_wrapper
TRACE::2026-09-28.16:52:33::SCWPlatform::Found the Hw Db part of the input DSA
TRACE::2026-09-28.16:52:33::SCWMssOS::Checking the sw design at  /home/alexey/programming/systemverilog/ethernet_image_transfer/fpga/zynq_wrapper/zynq_fsbl/zynq_fsbl_bsp/system.mss
TRACE::2026-09-28.16:52:33::SCWMssOS::DEBUG:  swdes dump  /home/alexey/programming/systemverilog/ethernet_image_transfer/fpga/zynq_wrapper/ps7_cortexa9_0/standalone_ps7_cortexa9_0/bsp/system.mss|system_0||
/home/alexey/programming/systemverilog/ethernet_image_transfer/fpga/zynq_wrapper/zynq_fsbl/zynq_fsbl_bsp/system.mss|system||

TRACE::2026-09-28.16:52:33::SCWMssOS::Sw design exists and opened at  /home/alexey/programming/systemverilog/ethernet_image_transfer/fpga/zynq_wrapper/zynq_fsbl/zynq_fsbl_bsp/system.mss
TRACE::2026-09-28.16:52:33::SCWBDomain::Completed writing the mss file at /home/alexey/programming/systemverilog/ethernet_image_transfer/fpga/zynq_wrapper/zynq_fsbl/zynq_fsbl_bsp
TRACE::2026-09-28.16:52:33::SCWBDomain::bsp generated is upto date with the mss file. Skipping bsp generation.
TRACE::2026-09-28.16:52:33::SCWBDomain::Not a forced makefile updation, No changes are present. 
TRACE::2026-09-28.16:52:33::SCWBDomain::System Command Ran  cd  /home/alexey/programming/systemverilog/ethernet_image_transfer/fpga/zynq_wrapper/zynq_fsbl ; bash -c " make -C zynq_fsbl_bsp ; make  " 
TRACE::2026-09-28.16:52:33::SCWBDomain::make: вход в каталог «/home/alexey/programming/systemverilog/ethernet_image_transfer/fpga/zynq_wrapper/zynq_fsbl/z
TRACE::2026-09-28.16:52:33::SCWBDomain::ynq_fsbl_bsp»

TRACE::2026-09-28.16:52:33::SCWBDomain::make --no-print-directory seq_libs

TRACE::2026-09-28.16:52:33::SCWBDomain::Running Make include in ps7_cortexa9_0/libsrc/axivdma_v6_8/src

TRACE::2026-09-28.16:52:33::SCWBDomain::make -C ps7_cortexa9_0/libsrc/axivdma_v6_8/src -s include  "SHELL=/bin/sh" "COMPILER=arm-none-eabi-gcc" "ASSEMBLER=arm-none-eab
TRACE::2026-09-28.16:52:33::SCWBDomain::i-as" "ARCHIVER=arm-none-eabi-ar" "COMPILER_FLAGS=  -O2 -c" "EXTRA_COMPILER_FLAGS=-mcpu=cortex-a9 -mfpu=vfpv3 -mfloat-abi=hard 
TRACE::2026-09-28.16:52:33::SCWBDomain::-nostartfiles -g -Wall -Wextra"

TRACE::2026-09-28.16:52:33::SCWBDomain::Running Make include in ps7_cortexa9_0/libsrc/coresightps_dcc_v1_8/src

TRACE::2026-09-28.16:52:33::SCWBDomain::make -C ps7_cortexa9_0/libsrc/coresightps_dcc_v1_8/src -s include  "SHELL=/bin/sh" "COMPILER=arm-none-eabi-gcc" "ASSEMBLER=arm-
TRACE::2026-09-28.16:52:33::SCWBDomain::none-eabi-as" "ARCHIVER=arm-none-eabi-ar" "COMPILER_FLAGS=  -O2 -c" "EXTRA_COMPILER_FLAGS=-mcpu=cortex-a9 -mfpu=vfpv3 -mfloat-a
TRACE::2026-09-28.16:52:33::SCWBDomain::bi=hard -nostartfiles -g -Wall -Wextra"

TRACE::2026-09-28.16:52:33::SCWBDomain::Running Make include in ps7_cortexa9_0/libsrc/cpu_cortexa9_v2_10/src

TRACE::2026-09-28.16:52:33::SCWBDomain::make -C ps7_cortexa9_0/libsrc/cpu_cortexa9_v2_10/src -s include  "SHELL=/bin/sh" "COMPILER=arm-none-eabi-gcc" "ASSEMBLER=arm-no
TRACE::2026-09-28.16:52:33::SCWBDomain::ne-eabi-as" "ARCHIVER=arm-none-eabi-ar" "COMPILER_FLAGS=  -O2 -c" "EXTRA_COMPILER_FLAGS=-mcpu=cortex-a9 -mfpu=vfpv3 -mfloat-abi
TRACE::2026-09-28.16:52:33::SCWBDomain::=hard -nostartfiles -g -Wall -Wextra"

TRACE::2026-09-28.16:52:33::SCWBDomain::Running Make include in ps7_cortexa9_0/libsrc/ddrps_v1_2/src

TRACE::2026-09-28.16:52:33::SCWBDomain::make -C ps7_cortexa9_0/libsrc/ddrps_v1_2/src -s include  "SHELL=/bin/sh" "COMPILER=arm-none-eabi-gcc" "ASSEMBLER=arm-none-eabi-
TRACE::2026-09-28.16:52:33::SCWBDomain::as" "ARCHIVER=arm-none-eabi-ar" "COMPILER_FLAGS=  -O2 -c" "EXTRA_COMPILER_FLAGS=-mcpu=cortex-a9 -mfpu=vfpv3 -mfloat-abi=hard -n
TRACE::2026-09-28.16:52:33::SCWBDomain::ostartfiles -g -Wall -Wextra"

TRACE::2026-09-28.16:52:33::SCWBDomain::Running Make include in ps7_cortexa9_0/libsrc/devcfg_v3_7/src

TRACE::2026-09-28.16:52:33::SCWBDomain::make -C ps7_cortexa9_0/libsrc/devcfg_v3_7/src -s include  "SHELL=/bin/sh" "COMPILER=arm-none-eabi-gcc" "ASSEMBLER=arm-none-eabi
TRACE::2026-09-28.16:52:33::SCWBDomain::-as" "ARCHIVER=arm-none-eabi-ar" "COMPILER_FLAGS=  -O2 -c" "EXTRA_COMPILER_FLAGS=-mcpu=cortex-a9 -mfpu=vfpv3 -mfloat-abi=hard -
TRACE::2026-09-28.16:52:33::SCWBDomain::nostartfiles -g -Wall -Wextra"

TRACE::2026-09-28.16:52:33::SCWBDomain::Running Make include in ps7_cortexa9_0/libsrc/dmaps_v2_7/src

TRACE::2026-09-28.16:52:33::SCWBDomain::make -C ps7_cortexa9_0/libsrc/dmaps_v2_7/src -s include  "SHELL=/bin/sh" "COMPILER=arm-none-eabi-gcc" "ASSEMBLER=arm-none-eabi-
TRACE::2026-09-28.16:52:33::SCWBDomain::as" "ARCHIVER=arm-none-eabi-ar" "COMPILER_FLAGS=  -O2 -c" "EXTRA_COMPILER_FLAGS=-mcpu=cortex-a9 -mfpu=vfpv3 -mfloat-abi=hard -n
TRACE::2026-09-28.16:52:33::SCWBDomain::ostartfiles -g -Wall -Wextra"

TRACE::2026-09-28.16:52:33::SCWBDomain::Running Make include in ps7_cortexa9_0/libsrc/emacps_v3_12/src

TRACE::2026-09-28.16:52:33::SCWBDomain::make -C ps7_cortexa9_0/libsrc/emacps_v3_12/src -s include  "SHELL=/bin/sh" "COMPILER=arm-none-eabi-gcc" "ASSEMBLER=arm-none-eab
TRACE::2026-09-28.16:52:33::SCWBDomain::i-as" "ARCHIVER=arm-none-eabi-ar" "COMPILER_FLAGS=  -O2 -c" "EXTRA_COMPILER_FLAGS=-mcpu=cortex-a9 -mfpu=vfpv3 -mfloat-abi=hard 
TRACE::2026-09-28.16:52:33::SCWBDomain::-nostartfiles -g -Wall -Wextra"

TRACE::2026-09-28.16:52:33::SCWBDomain::Running Make include in ps7_cortexa9_0/libsrc/lwip211_v1_3/src

TRACE::2026-09-28.16:52:33::SCWBDomain::make -C ps7_cortexa9_0/libsrc/lwip211_v1_3/src -s include  "SHELL=/bin/sh" "COMPILER=arm-none-eabi-gcc" "ASSEMBLER=arm-none-eab
TRACE::2026-09-28.16:52:33::SCWBDomain::i-as" "ARCHIVER=arm-none-eabi-ar" "COMPILER_FLAGS=  -O2 -c" "EXTRA_COMPILER_FLAGS=-mcpu=cortex-a9 -mfpu=vfpv3 -mfloat-abi=hard 
TRACE::2026-09-28.16:52:33::SCWBDomain::-nostartfiles -g -Wall -Wextra"

TRACE::2026-09-28.16:52:33::SCWBDomain::Running Make include in ps7_cortexa9_0/libsrc/scugic_v4_3/src

TRACE::2026-09-28.16:52:33::SCWBDomain::make -C ps7_cortexa9_0/libsrc/scugic_v4_3/src -s include  "SHELL=/bin/sh" "COMPILER=arm-none-eabi-gcc" "ASSEMBLER=arm-none-eabi
TRACE::2026-09-28.16:52:33::SCWBDomain::-as" "ARCHIVER=arm-none-eabi-ar" "COMPILER_FLAGS=  -O2 -c" "EXTRA_COMPILER_FLAGS=-mcpu=cortex-a9 -mfpu=vfpv3 -mfloat-abi=hard -
TRACE::2026-09-28.16:52:33::SCWBDomain::nostartfiles -g -Wall -Wextra"

TRACE::2026-09-28.16:52:33::SCWBDomain::Running Make include in ps7_cortexa9_0/libsrc/scutimer_v2_3/src

TRACE::2026-09-28.16:52:33::SCWBDomain::make -C ps7_cortexa9_0/libsrc/scutimer_v2_3/src -s include  "SHELL=/bin/sh" "COMPILER=arm-none-eabi-gcc" "ASSEMBLER=arm-none-ea
TRACE::2026-09-28.16:52:33::SCWBDomain::bi-as" "ARCHIVER=arm-none-eabi-ar" "COMPILER_FLAGS=  -O2 -c" "EXTRA_COMPILER_FLAGS=-mcpu=cortex-a9 -mfpu=vfpv3 -mfloat-abi=hard
TRACE::2026-09-28.16:52:33::SCWBDomain:: -nostartfiles -g -Wall -Wextra"

TRACE::2026-09-28.16:52:33::SCWBDomain::Running Make include in ps7_cortexa9_0/libsrc/scuwdt_v2_3/src

TRACE::2026-09-28.16:52:33::SCWBDomain::make -C ps7_cortexa9_0/libsrc/scuwdt_v2_3/src -s include  "SHELL=/bin/sh" "COMPILER=arm-none-eabi-gcc" "ASSEMBLER=arm-none-eabi
TRACE::2026-09-28.16:52:33::SCWBDomain::-as" "ARCHIVER=arm-none-eabi-ar" "COMPILER_FLAGS=  -O2 -c" "EXTRA_COMPILER_FLAGS=-mcpu=cortex-a9 -mfpu=vfpv3 -mfloat-abi=hard -
TRACE::2026-09-28.16:52:33::SCWBDomain::nostartfiles -g -Wall -Wextra"

TRACE::2026-09-28.16:52:34::SCWBDomain::Running Make include in ps7_cortexa9_0/libsrc/sdps_v3_10/src

TRACE::2026-09-28.16:52:34::SCWBDomain::make -C ps7_cortexa9_0/libsrc/sdps_v3_10/src -s include  "SHELL=/bin/sh" "COMPILER=arm-none-eabi-gcc" "ASSEMBLER=arm-none-eabi-
TRACE::2026-09-28.16:52:34::SCWBDomain::as" "ARCHIVER=arm-none-eabi-ar" "COMPILER_FLAGS=  -O2 -c" "EXTRA_COMPILER_FLAGS=-mcpu=cortex-a9 -mfpu=vfpv3 -mfloat-abi=hard -n
TRACE::2026-09-28.16:52:34::SCWBDomain::ostartfiles -g -Wall -Wextra"

TRACE::2026-09-28.16:52:34::SCWBDomain::Running Make include in ps7_cortexa9_0/libsrc/standalone_v7_3/src

TRACE::2026-09-28.16:52:34::SCWBDomain::make -C ps7_cortexa9_0/libsrc/standalone_v7_3/src -s include  "SHELL=/bin/sh" "COMPILER=arm-none-eabi-gcc" "ASSEMBLER=arm-none-
TRACE::2026-09-28.16:52:34::SCWBDomain::eabi-as" "ARCHIVER=arm-none-eabi-ar" "COMPILER_FLAGS=  -O2 -c" "EXTRA_COMPILER_FLAGS=-mcpu=cortex-a9 -mfpu=vfpv3 -mfloat-abi=ha
TRACE::2026-09-28.16:52:34::SCWBDomain::rd -nostartfiles -g -Wall -Wextra"

TRACE::2026-09-28.16:52:34::SCWBDomain::Running Make include in ps7_cortexa9_0/libsrc/uartps_v3_10/src

TRACE::2026-09-28.16:52:34::SCWBDomain::make -C ps7_cortexa9_0/libsrc/uartps_v3_10/src -s include  "SHELL=/bin/sh" "COMPILER=arm-none-eabi-gcc" "ASSEMBLER=arm-none-eab
TRACE::2026-09-28.16:52:34::SCWBDomain::i-as" "ARCHIVER=arm-none-eabi-ar" "COMPILER_FLAGS=  -O2 -c" "EXTRA_COMPILER_FLAGS=-mcpu=cortex-a9 -mfpu=vfpv3 -mfloat-abi=hard 
TRACE::2026-09-28.16:52:34::SCWBDomain::-nostartfiles -g -Wall -Wextra"

TRACE::2026-09-28.16:52:34::SCWBDomain::Running Make include in ps7_cortexa9_0/libsrc/video_common_v4_10/src

TRACE::2026-09-28.16:52:34::SCWBDomain::make -C ps7_cortexa9_0/libsrc/video_common_v4_10/src -s include  "SHELL=/bin/sh" "COMPILER=arm-none-eabi-gcc" "ASSEMBLER=arm-no
TRACE::2026-09-28.16:52:34::SCWBDomain::ne-eabi-as" "ARCHIVER=arm-none-eabi-ar" "COMPILER_FLAGS=  -O2 -c" "EXTRA_COMPILER_FLAGS=-mcpu=cortex-a9 -mfpu=vfpv3 -mfloat-abi
TRACE::2026-09-28.16:52:34::SCWBDomain::=hard -nostartfiles -g -Wall -Wextra"

TRACE::2026-09-28.16:52:34::SCWBDomain::Running Make include in ps7_cortexa9_0/libsrc/v_tpg_v8_3/src

TRACE::2026-09-28.16:52:34::SCWBDomain::make -C ps7_cortexa9_0/libsrc/v_tpg_v8_3/src -s include  "SHELL=/bin/sh" "COMPILER=arm-none-eabi-gcc" "ASSEMBLER=arm-none-eabi-
TRACE::2026-09-28.16:52:34::SCWBDomain::as" "ARCHIVER=arm-none-eabi-ar" "COMPILER_FLAGS=  -O2 -c" "EXTRA_COMPILER_FLAGS=-mcpu=cortex-a9 -mfpu=vfpv3 -mfloat-abi=hard -n
TRACE::2026-09-28.16:52:34::SCWBDomain::ostartfiles -g -Wall -Wextra"

TRACE::2026-09-28.16:52:34::SCWBDomain::Running Make include in ps7_cortexa9_0/libsrc/xadcps_v2_5/src

TRACE::2026-09-28.16:52:34::SCWBDomain::make -C ps7_cortexa9_0/libsrc/xadcps_v2_5/src -s include  "SHELL=/bin/sh" "COMPILER=arm-none-eabi-gcc" "ASSEMBLER=arm-none-eabi
TRACE::2026-09-28.16:52:34::SCWBDomain::-as" "ARCHIVER=arm-none-eabi-ar" "COMPILER_FLAGS=  -O2 -c" "EXTRA_COMPILER_FLAGS=-mcpu=cortex-a9 -mfpu=vfpv3 -mfloat-abi=hard -
TRACE::2026-09-28.16:52:34::SCWBDomain::nostartfiles -g -Wall -Wextra"

TRACE::2026-09-28.16:52:34::SCWBDomain::Running Make include in ps7_cortexa9_0/libsrc/xilffs_v4_4/src

TRACE::2026-09-28.16:52:34::SCWBDomain::make -C ps7_cortexa9_0/libsrc/xilffs_v4_4/src -s include  "SHELL=/bin/sh" "COMPILER=arm-none-eabi-gcc" "ASSEMBLER=arm-none-eabi
TRACE::2026-09-28.16:52:34::SCWBDomain::-as" "ARCHIVER=arm-none-eabi-ar" "COMPILER_FLAGS=  -O2 -c" "EXTRA_COMPILER_FLAGS=-mcpu=cortex-a9 -mfpu=vfpv3 -mfloat-abi=hard -
TRACE::2026-09-28.16:52:34::SCWBDomain::nostartfiles -g -Wall -Wextra"

TRACE::2026-09-28.16:52:34::SCWBDomain::Running Make include in ps7_cortexa9_0/libsrc/xilrsa_v1_6/src

TRACE::2026-09-28.16:52:34::SCWBDomain::make -C ps7_cortexa9_0/libsrc/xilrsa_v1_6/src -s include  "SHELL=/bin/sh" "COMPILER=arm-none-eabi-gcc" "ASSEMBLER=arm-none-eabi
TRACE::2026-09-28.16:52:34::SCWBDomain::-as" "ARCHIVER=arm-none-eabi-ar" "COMPILER_FLAGS=  -O2 -c" "EXTRA_COMPILER_FLAGS=-mcpu=cortex-a9 -mfpu=vfpv3 -mfloat-abi=hard -
TRACE::2026-09-28.16:52:34::SCWBDomain::nostartfiles -g -Wall -Wextra"

TRACE::2026-09-28.16:52:34::SCWBDomain::Running Make libs in ps7_cortexa9_0/libsrc/xilrsa_v1_6/src

TRACE::2026-09-28.16:52:34::SCWBDomain::make -C ps7_cortexa9_0/libsrc/xilrsa_v1_6/src -s libs  "SHELL=/bin/sh" "COMPILER=arm-none-eabi-gcc" "ASSEMBLER=arm-none-eabi-as
TRACE::2026-09-28.16:52:34::SCWBDomain::" "ARCHIVER=arm-none-eabi-ar" "COMPILER_FLAGS=  -O2 -c" "EXTRA_COMPILER_FLAGS=-mcpu=cortex-a9 -mfpu=vfpv3 -mfloat-abi=hard -nos
TRACE::2026-09-28.16:52:34::SCWBDomain::tartfiles -g -Wall -Wextra"

TRACE::2026-09-28.16:52:34::SCWBDomain::Running Make libs in ps7_cortexa9_0/libsrc/lwip211_v1_3/src

TRACE::2026-09-28.16:52:34::SCWBDomain::make -C ps7_cortexa9_0/libsrc/lwip211_v1_3/src -s libs  "SHELL=/bin/sh" "COMPILER=arm-none-eabi-gcc" "ASSEMBLER=arm-none-eabi-a
TRACE::2026-09-28.16:52:34::SCWBDomain::s" "ARCHIVER=arm-none-eabi-ar" "COMPILER_FLAGS=  -O2 -c" "EXTRA_COMPILER_FLAGS=-mcpu=cortex-a9 -mfpu=vfpv3 -mfloat-abi=hard -no
TRACE::2026-09-28.16:52:34::SCWBDomain::startfiles -g -Wall -Wextra"

TRACE::2026-09-28.16:52:34::SCWBDomain::Compiling lwip src and adapter files

TRACE::2026-09-28.16:52:34::SCWBDomain::Finished building libraries sequentially.

TRACE::2026-09-28.16:52:34::SCWBDomain::make -j --no-print-directory par_libs

TRACE::2026-09-28.16:52:34::SCWBDomain::Running Make include in ps7_cortexa9_0/libsrc/axivdma_v6_8/src

TRACE::2026-09-28.16:52:34::SCWBDomain::Running Make include in ps7_cortexa9_0/libsrc/coresightps_dcc_v1_8/src

TRACE::2026-09-28.16:52:34::SCWBDomain::make -C ps7_cortexa9_0/libsrc/coresightps_dcc_v1_8/src -s include  "SHELL=/bin/sh" "COMPILER=arm-none-eabi-gcc" "ASSEMBLER=arm-
TRACE::2026-09-28.16:52:34::SCWBDomain::none-eabi-as" "ARCHIVER=arm-none-eabi-ar" "COMPILER_FLAGS=  -O2 -c" "EXTRA_COMPILER_FLAGS=-mcpu=cortex-a9 -mfpu=vfpv3 -mfloat-a
TRACE::2026-09-28.16:52:34::SCWBDomain::bi=hard -nostartfiles -g -Wall -Wextra"

TRACE::2026-09-28.16:52:34::SCWBDomain::Running Make include in ps7_cortexa9_0/libsrc/cpu_cortexa9_v2_10/src

TRACE::2026-09-28.16:52:34::SCWBDomain::Running Make include in ps7_cortexa9_0/libsrc/ddrps_v1_2/src

TRACE::2026-09-28.16:52:34::SCWBDomain::Running Make include in ps7_cortexa9_0/libsrc/devcfg_v3_7/src

TRACE::2026-09-28.16:52:34::SCWBDomain::make -C ps7_cortexa9_0/libsrc/axivdma_v6_8/src -s include  "SHELL=/bin/sh" "COMPILER=arm-none-eabi-gcc" "ASSEMBLER=arm-none-eab
TRACE::2026-09-28.16:52:34::SCWBDomain::i-as" "ARCHIVER=arm-none-eabi-ar" "COMPILER_FLAGS=  -O2 -c" "EXTRA_COMPILER_FLAGS=-mcpu=cortex-a9 -mfpu=vfpv3 -mfloat-abi=hard 
TRACE::2026-09-28.16:52:34::SCWBDomain::-nostartfiles -g -Wall -Wextra"

TRACE::2026-09-28.16:52:34::SCWBDomain::make -C ps7_cortexa9_0/libsrc/cpu_cortexa9_v2_10/src -s include  "SHELL=/bin/sh" "COMPILER=arm-none-eabi-gcc" "ASSEMBLER=arm-no
TRACE::2026-09-28.16:52:34::SCWBDomain::ne-eabi-as" "ARCHIVER=arm-none-eabi-ar" "COMPILER_FLAGS=  -O2 -c" "EXTRA_COMPILER_FLAGS=-mcpu=cortex-a9 -mfpu=vfpv3 -mfloat-abi
TRACE::2026-09-28.16:52:34::SCWBDomain::=hard -nostartfiles -g -Wall -Wextra"

TRACE::2026-09-28.16:52:34::SCWBDomain::make -C ps7_cortexa9_0/libsrc/ddrps_v1_2/src -s include  "SHELL=/bin/sh" "COMPILER=arm-none-eabi-gcc" "ASSEMBLER=arm-none-eabi-
TRACE::2026-09-28.16:52:34::SCWBDomain::as" "ARCHIVER=arm-none-eabi-ar" "COMPILER_FLAGS=  -O2 -c" "EXTRA_COMPILER_FLAGS=-mcpu=cortex-a9 -mfpu=vfpv3 -mfloat-abi=hard -n
TRACE::2026-09-28.16:52:34::SCWBDomain::ostartfiles -g -Wall -Wextra"

TRACE::2026-09-28.16:52:34::SCWBDomain::Running Make include in ps7_cortexa9_0/libsrc/lwip211_v1_3/src

TRACE::2026-09-28.16:52:34::SCWBDomain::Running Make include in ps7_cortexa9_0/libsrc/dmaps_v2_7/src

TRACE::2026-09-28.16:52:34::SCWBDomain::make -C ps7_cortexa9_0/libsrc/devcfg_v3_7/src -s include  "SHELL=/bin/sh" "COMPILER=arm-none-eabi-gcc" "ASSEMBLER=arm-none-eabi
TRACE::2026-09-28.16:52:34::SCWBDomain::-as" "ARCHIVER=arm-none-eabi-ar" "COMPILER_FLAGS=  -O2 -c" "EXTRA_COMPILER_FLAGS=-mcpu=cortex-a9 -mfpu=vfpv3 -mfloat-abi=hard -
TRACE::2026-09-28.16:52:34::SCWBDomain::nostartfiles -g -Wall -Wextra"

TRACE::2026-09-28.16:52:34::SCWBDomain::make -C ps7_cortexa9_0/libsrc/dmaps_v2_7/src -s include  "SHELL=/bin/sh" "COMPILER=arm-none-eabi-gcc" "ASSEMBLER=arm-none-eabi-
TRACE::2026-09-28.16:52:34::SCWBDomain::as" "ARCHIVER=arm-none-eabi-ar" "COMPILER_FLAGS=  -O2 -c" "EXTRA_COMPILER_FLAGS=-mcpu=cortex-a9 -mfpu=vfpv3 -mfloat-abi=hard -n
TRACE::2026-09-28.16:52:34::SCWBDomain::ostartfiles -g -Wall -Wextra"

TRACE::2026-09-28.16:52:34::SCWBDomain::Running Make include in ps7_cortexa9_0/libsrc/emacps_v3_12/src

TRACE::2026-09-28.16:52:34::SCWBDomain::make -C ps7_cortexa9_0/libsrc/emacps_v3_12/src -s include  "SHELL=/bin/sh" "COMPILER=arm-none-eabi-gcc" "ASSEMBLER=arm-none-eab
TRACE::2026-09-28.16:52:34::SCWBDomain::i-as" "ARCHIVER=arm-none-eabi-ar" "COMPILER_FLAGS=  -O2 -c" "EXTRA_COMPILER_FLAGS=-mcpu=cortex-a9 -mfpu=vfpv3 -mfloat-abi=hard 
TRACE::2026-09-28.16:52:34::SCWBDomain::-nostartfiles -g -Wall -Wextra"

TRACE::2026-09-28.16:52:34::SCWBDomain::make -C ps7_cortexa9_0/libsrc/lwip211_v1_3/src -s include  "SHELL=/bin/sh" "COMPILER=arm-none-eabi-gcc" "ASSEMBLER=arm-none-eab
TRACE::2026-09-28.16:52:34::SCWBDomain::i-as" "ARCHIVER=arm-none-eabi-ar" "COMPILER_FLAGS=  -O2 -c" "EXTRA_COMPILER_FLAGS=-mcpu=cortex-a9 -mfpu=vfpv3 -mfloat-abi=hard 
TRACE::2026-09-28.16:52:34::SCWBDomain::-nostartfiles -g -Wall -Wextra"

TRACE::2026-09-28.16:52:34::SCWBDomain::Running Make include in ps7_cortexa9_0/libsrc/scuwdt_v2_3/src

TRACE::2026-09-28.16:52:34::SCWBDomain::Running Make include in ps7_cortexa9_0/libsrc/scutimer_v2_3/src

TRACE::2026-09-28.16:52:34::SCWBDomain::Running Make include in ps7_cortexa9_0/libsrc/scugic_v4_3/src

TRACE::2026-09-28.16:52:34::SCWBDomain::Running Make include in ps7_cortexa9_0/libsrc/sdps_v3_10/src

TRACE::2026-09-28.16:52:34::SCWBDomain::make -C ps7_cortexa9_0/libsrc/scugic_v4_3/src -s include  "SHELL=/bin/sh" "COMPILER=arm-none-eabi-gcc" "ASSEMBLER=arm-none-eabi
TRACE::2026-09-28.16:52:34::SCWBDomain::-as" "ARCHIVER=arm-none-eabi-ar" "COMPILER_FLAGS=  -O2 -c" "EXTRA_COMPILER_FLAGS=-mcpu=cortex-a9 -mfpu=vfpv3 -mfloat-abi=hard -
TRACE::2026-09-28.16:52:34::SCWBDomain::nostartfiles -g -Wall -Wextra"

TRACE::2026-09-28.16:52:34::SCWBDomain::make -C ps7_cortexa9_0/libsrc/scutimer_v2_3/src -s include  "SHELL=/bin/sh" "COMPILER=arm-none-eabi-gcc" "ASSEMBLER=arm-none-ea
TRACE::2026-09-28.16:52:34::SCWBDomain::bi-as" "ARCHIVER=arm-none-eabi-ar" "COMPILER_FLAGS=  -O2 -c" "EXTRA_COMPILER_FLAGS=-mcpu=cortex-a9 -mfpu=vfpv3 -mfloat-abi=hard
TRACE::2026-09-28.16:52:34::SCWBDomain:: -nostartfiles -g -Wall -Wextra"

TRACE::2026-09-28.16:52:34::SCWBDomain::make -C ps7_cortexa9_0/libsrc/scuwdt_v2_3/src -s include  "SHELL=/bin/sh" "COMPILER=arm-none-eabi-gcc" "ASSEMBLER=arm-none-eabi
TRACE::2026-09-28.16:52:34::SCWBDomain::-as" "ARCHIVER=arm-none-eabi-ar" "COMPILER_FLAGS=  -O2 -c" "EXTRA_COMPILER_FLAGS=-mcpu=cortex-a9 -mfpu=vfpv3 -mfloat-abi=hard -
TRACE::2026-09-28.16:52:34::SCWBDomain::nostartfiles -g -Wall -Wextra"

TRACE::2026-09-28.16:52:34::SCWBDomain::make -C ps7_cortexa9_0/libsrc/sdps_v3_10/src -s include  "SHELL=/bin/sh" "COMPILER=arm-none-eabi-gcc" "ASSEMBLER=arm-none-eabi-
TRACE::2026-09-28.16:52:34::SCWBDomain::as" "ARCHIVER=arm-none-eabi-ar" "COMPILER_FLAGS=  -O2 -c" "EXTRA_COMPILER_FLAGS=-mcpu=cortex-a9 -mfpu=vfpv3 -mfloat-abi=hard -n
TRACE::2026-09-28.16:52:34::SCWBDomain::ostartfiles -g -Wall -Wextra"

TRACE::2026-09-28.16:52:34::SCWBDomain::Running Make include in ps7_cortexa9_0/libsrc/standalone_v7_3/src

TRACE::2026-09-28.16:52:34::SCWBDomain::make -C ps7_cortexa9_0/libsrc/standalone_v7_3/src -s include  "SHELL=/bin/sh" "COMPILER=arm-none-eabi-gcc" "ASSEMBLER=arm-none-
TRACE::2026-09-28.16:52:34::SCWBDomain::eabi-as" "ARCHIVER=arm-none-eabi-ar" "COMPILER_FLAGS=  -O2 -c" "EXTRA_COMPILER_FLAGS=-mcpu=cortex-a9 -mfpu=vfpv3 -mfloat-abi=ha
TRACE::2026-09-28.16:52:34::SCWBDomain::rd -nostartfiles -g -Wall -Wextra"

TRACE::2026-09-28.16:52:34::SCWBDomain::Running Make include in ps7_cortexa9_0/libsrc/video_common_v4_10/src

TRACE::2026-09-28.16:52:34::SCWBDomain::Running Make include in ps7_cortexa9_0/libsrc/uartps_v3_10/src

TRACE::2026-09-28.16:52:34::SCWBDomain::make -C ps7_cortexa9_0/libsrc/uartps_v3_10/src -s include  "SHELL=/bin/sh" "COMPILER=arm-none-eabi-gcc" "ASSEMBLER=arm-none-eab
TRACE::2026-09-28.16:52:34::SCWBDomain::i-as" "ARCHIVER=arm-none-eabi-ar" "COMPILER_FLAGS=  -O2 -c" "EXTRA_COMPILER_FLAGS=-mcpu=cortex-a9 -mfpu=vfpv3 -mfloat-abi=hard 
TRACE::2026-09-28.16:52:34::SCWBDomain::-nostartfiles -g -Wall -Wextra"

TRACE::2026-09-28.16:52:34::SCWBDomain::Running Make include in ps7_cortexa9_0/libsrc/xadcps_v2_5/src

TRACE::2026-09-28.16:52:34::SCWBDomain::Running Make include in ps7_cortexa9_0/libsrc/xilffs_v4_4/src

TRACE::2026-09-28.16:52:34::SCWBDomain::Running Make include in ps7_cortexa9_0/libsrc/v_tpg_v8_3/src

TRACE::2026-09-28.16:52:34::SCWBDomain::make -C ps7_cortexa9_0/libsrc/v_tpg_v8_3/src -s include  "SHELL=/bin/sh" "COMPILER=arm-none-eabi-gcc" "ASSEMBLER=arm-none-eabi-
TRACE::2026-09-28.16:52:34::SCWBDomain::as" "ARCHIVER=arm-none-eabi-ar" "COMPILER_FLAGS=  -O2 -c" "EXTRA_COMPILER_FLAGS=-mcpu=cortex-a9 -mfpu=vfpv3 -mfloat-abi=hard -n
TRACE::2026-09-28.16:52:34::SCWBDomain::ostartfiles -g -Wall -Wextra"

TRACE::2026-09-28.16:52:34::SCWBDomain::make -C ps7_cortexa9_0/libsrc/xadcps_v2_5/src -s include  "SHELL=/bin/sh" "COMPILER=arm-none-eabi-gcc" "ASSEMBLER=arm-none-eabi
TRACE::2026-09-28.16:52:34::SCWBDomain::-as" "ARCHIVER=arm-none-eabi-ar" "COMPILER_FLAGS=  -O2 -c" "EXTRA_COMPILER_FLAGS=-mcpu=cortex-a9 -mfpu=vfpv3 -mfloat-abi=hard -
TRACE::2026-09-28.16:52:34::SCWBDomain::nostartfiles -g -Wall -Wextra"

TRACE::2026-09-28.16:52:34::SCWBDomain::Running Make include in ps7_cortexa9_0/libsrc/xilrsa_v1_6/src

TRACE::2026-09-28.16:52:34::SCWBDomain::make -C ps7_cortexa9_0/libsrc/video_common_v4_10/src -s include  "SHELL=/bin/sh" "COMPILER=arm-none-eabi-gcc" "ASSEMBLER=arm-no
TRACE::2026-09-28.16:52:34::SCWBDomain::ne-eabi-as" "ARCHIVER=arm-none-eabi-ar" "COMPILER_FLAGS=  -O2 -c" "EXTRA_COMPILER_FLAGS=-mcpu=cortex-a9 -mfpu=vfpv3 -mfloat-abi
TRACE::2026-09-28.16:52:34::SCWBDomain::=hard -nostartfiles -g -Wall -Wextra"

TRACE::2026-09-28.16:52:34::SCWBDomain::make -C ps7_cortexa9_0/libsrc/xilffs_v4_4/src -s include  "SHELL=/bin/sh" "COMPILER=arm-none-eabi-gcc" "ASSEMBLER=arm-none-eabi
TRACE::2026-09-28.16:52:34::SCWBDomain::-as" "ARCHIVER=arm-none-eabi-ar" "COMPILER_FLAGS=  -O2 -c" "EXTRA_COMPILER_FLAGS=-mcpu=cortex-a9 -mfpu=vfpv3 -mfloat-abi=hard -
TRACE::2026-09-28.16:52:34::SCWBDomain::nostartfiles -g -Wall -Wextra"

TRACE::2026-09-28.16:52:34::SCWBDomain::make -C ps7_cortexa9_0/libsrc/xilrsa_v1_6/src -s include  "SHELL=/bin/sh" "COMPILER=arm-none-eabi-gcc" "ASSEMBLER=arm-none-eabi
TRACE::2026-09-28.16:52:34::SCWBDomain::-as" "ARCHIVER=arm-none-eabi-ar" "COMPILER_FLAGS=  -O2 -c" "EXTRA_COMPILER_FLAGS=-mcpu=cortex-a9 -mfpu=vfpv3 -mfloat-abi=hard -
TRACE::2026-09-28.16:52:34::SCWBDomain::nostartfiles -g -Wall -Wextra"

TRACE::2026-09-28.16:52:34::SCWBDomain::Running Make libs in ps7_cortexa9_0/libsrc/coresightps_dcc_v1_8/src

TRACE::2026-09-28.16:52:34::SCWBDomain::Running Make libs in ps7_cortexa9_0/libsrc/axivdma_v6_8/src

TRACE::2026-09-28.16:52:34::SCWBDomain::make -C ps7_cortexa9_0/libsrc/axivdma_v6_8/src -s libs  "SHELL=/bin/sh" "COMPILER=arm-none-eabi-gcc" "ASSEMBLER=arm-none-eabi-a
TRACE::2026-09-28.16:52:34::SCWBDomain::s" "ARCHIVER=arm-none-eabi-ar" "COMPILER_FLAGS=  -O2 -c" "EXTRA_COMPILER_FLAGS=-mcpu=cortex-a9 -mfpu=vfpv3 -mfloat-abi=hard -no
TRACE::2026-09-28.16:52:34::SCWBDomain::startfiles -g -Wall -Wextra"

TRACE::2026-09-28.16:52:34::SCWBDomain::make -C ps7_cortexa9_0/libsrc/coresightps_dcc_v1_8/src -s libs  "SHELL=/bin/sh" "COMPILER=arm-none-eabi-gcc" "ASSEMBLER=arm-non
TRACE::2026-09-28.16:52:34::SCWBDomain::e-eabi-as" "ARCHIVER=arm-none-eabi-ar" "COMPILER_FLAGS=  -O2 -c" "EXTRA_COMPILER_FLAGS=-mcpu=cortex-a9 -mfpu=vfpv3 -mfloat-abi=
TRACE::2026-09-28.16:52:34::SCWBDomain::hard -nostartfiles -g -Wall -Wextra"

TRACE::2026-09-28.16:52:34::SCWBDomain::Running Make libs in ps7_cortexa9_0/libsrc/ddrps_v1_2/src

TRACE::2026-09-28.16:52:34::SCWBDomain::make -C ps7_cortexa9_0/libsrc/ddrps_v1_2/src -s libs  "SHELL=/bin/sh" "COMPILER=arm-none-eabi-gcc" "ASSEMBLER=arm-none-eabi-as"
TRACE::2026-09-28.16:52:34::SCWBDomain:: "ARCHIVER=arm-none-eabi-ar" "COMPILER_FLAGS=  -O2 -c" "EXTRA_COMPILER_FLAGS=-mcpu=cortex-a9 -mfpu=vfpv3 -mfloat-abi=hard -nost
TRACE::2026-09-28.16:52:34::SCWBDomain::artfiles -g -Wall -Wextra"

TRACE::2026-09-28.16:52:34::SCWBDomain::Running Make libs in ps7_cortexa9_0/libsrc/dmaps_v2_7/src

TRACE::2026-09-28.16:52:34::SCWBDomain::Running Make libs in ps7_cortexa9_0/libsrc/cpu_cortexa9_v2_10/src

TRACE::2026-09-28.16:52:34::SCWBDomain::Running Make libs in ps7_cortexa9_0/libsrc/devcfg_v3_7/src

TRACE::2026-09-28.16:52:34::SCWBDomain::make -C ps7_cortexa9_0/libsrc/cpu_cortexa9_v2_10/src -s libs  "SHELL=/bin/sh" "COMPILER=arm-none-eabi-gcc" "ASSEMBLER=arm-none-
TRACE::2026-09-28.16:52:34::SCWBDomain::eabi-as" "ARCHIVER=arm-none-eabi-ar" "COMPILER_FLAGS=  -O2 -c" "EXTRA_COMPILER_FLAGS=-mcpu=cortex-a9 -mfpu=vfpv3 -mfloat-abi=ha
TRACE::2026-09-28.16:52:34::SCWBDomain::rd -nostartfiles -g -Wall -Wextra"

TRACE::2026-09-28.16:52:34::SCWBDomain::Running Make libs in ps7_cortexa9_0/libsrc/emacps_v3_12/src

TRACE::2026-09-28.16:52:34::SCWBDomain::make -C ps7_cortexa9_0/libsrc/devcfg_v3_7/src -s libs  "SHELL=/bin/sh" "COMPILER=arm-none-eabi-gcc" "ASSEMBLER=arm-none-eabi-as
TRACE::2026-09-28.16:52:34::SCWBDomain::" "ARCHIVER=arm-none-eabi-ar" "COMPILER_FLAGS=  -O2 -c" "EXTRA_COMPILER_FLAGS=-mcpu=cortex-a9 -mfpu=vfpv3 -mfloat-abi=hard -nos
TRACE::2026-09-28.16:52:34::SCWBDomain::tartfiles -g -Wall -Wextra"

TRACE::2026-09-28.16:52:34::SCWBDomain::Running Make libs in ps7_cortexa9_0/libsrc/scugic_v4_3/src

TRACE::2026-09-28.16:52:34::SCWBDomain::make -C ps7_cortexa9_0/libsrc/dmaps_v2_7/src -s libs  "SHELL=/bin/sh" "COMPILER=arm-none-eabi-gcc" "ASSEMBLER=arm-none-eabi-as"
TRACE::2026-09-28.16:52:34::SCWBDomain:: "ARCHIVER=arm-none-eabi-ar" "COMPILER_FLAGS=  -O2 -c" "EXTRA_COMPILER_FLAGS=-mcpu=cortex-a9 -mfpu=vfpv3 -mfloat-abi=hard -nost
TRACE::2026-09-28.16:52:34::SCWBDomain::artfiles -g -Wall -Wextra"

TRACE::2026-09-28.16:52:34::SCWBDomain::make -C ps7_cortexa9_0/libsrc/emacps_v3_12/src -s libs  "SHELL=/bin/sh" "COMPILER=arm-none-eabi-gcc" "ASSEMBLER=arm-none-eabi-a
TRACE::2026-09-28.16:52:34::SCWBDomain::s" "ARCHIVER=arm-none-eabi-ar" "COMPILER_FLAGS=  -O2 -c" "EXTRA_COMPILER_FLAGS=-mcpu=cortex-a9 -mfpu=vfpv3 -mfloat-abi=hard -no
TRACE::2026-09-28.16:52:34::SCWBDomain::startfiles -g -Wall -Wextra"

TRACE::2026-09-28.16:52:34::SCWBDomain::make -C ps7_cortexa9_0/libsrc/scugic_v4_3/src -s libs  "SHELL=/bin/sh" "COMPILER=arm-none-eabi-gcc" "ASSEMBLER=arm-none-eabi-as
TRACE::2026-09-28.16:52:34::SCWBDomain::" "ARCHIVER=arm-none-eabi-ar" "COMPILER_FLAGS=  -O2 -c" "EXTRA_COMPILER_FLAGS=-mcpu=cortex-a9 -mfpu=vfpv3 -mfloat-abi=hard -nos
TRACE::2026-09-28.16:52:34::SCWBDomain::tartfiles -g -Wall -Wextra"

TRACE::2026-09-28.16:52:34::SCWBDomain::Running Make libs in ps7_cortexa9_0/libsrc/scutimer_v2_3/src

TRACE::2026-09-28.16:52:34::SCWBDomain::make -C ps7_cortexa9_0/libsrc/scutimer_v2_3/src -s libs  "SHELL=/bin/sh" "COMPILER=arm-none-eabi-gcc" "ASSEMBLER=arm-none-eabi-
TRACE::2026-09-28.16:52:34::SCWBDomain::as" "ARCHIVER=arm-none-eabi-ar" "COMPILER_FLAGS=  -O2 -c" "EXTRA_COMPILER_FLAGS=-mcpu=cortex-a9 -mfpu=vfpv3 -mfloat-abi=hard -n
TRACE::2026-09-28.16:52:34::SCWBDomain::ostartfiles -g -Wall -Wextra"

TRACE::2026-09-28.16:52:34::SCWBDomain::Running Make libs in ps7_cortexa9_0/libsrc/uartps_v3_10/src

TRACE::2026-09-28.16:52:34::SCWBDomain::Running Make libs in ps7_cortexa9_0/libsrc/sdps_v3_10/src

TRACE::2026-09-28.16:52:34::SCWBDomain::make -C ps7_cortexa9_0/libsrc/uartps_v3_10/src -s libs  "SHELL=/bin/sh" "COMPILER=arm-none-eabi-gcc" "ASSEMBLER=arm-none-eabi-a
TRACE::2026-09-28.16:52:34::SCWBDomain::s" "ARCHIVER=arm-none-eabi-ar" "COMPILER_FLAGS=  -O2 -c" "EXTRA_COMPILER_FLAGS=-mcpu=cortex-a9 -mfpu=vfpv3 -mfloat-abi=hard -no
TRACE::2026-09-28.16:52:34::SCWBDomain::startfiles -g -Wall -Wextra"

TRACE::2026-09-28.16:52:34::SCWBDomain::Running Make libs in ps7_cortexa9_0/libsrc/scuwdt_v2_3/src

TRACE::2026-09-28.16:52:34::SCWBDomain::make -C ps7_cortexa9_0/libsrc/sdps_v3_10/src -s libs  "SHELL=/bin/sh" "COMPILER=arm-none-eabi-gcc" "ASSEMBLER=arm-none-eabi-as"
TRACE::2026-09-28.16:52:34::SCWBDomain:: "ARCHIVER=arm-none-eabi-ar" "COMPILER_FLAGS=  -O2 -c" "EXTRA_COMPILER_FLAGS=-mcpu=cortex-a9 -mfpu=vfpv3 -mfloat-abi=hard -nost
TRACE::2026-09-28.16:52:34::SCWBDomain::artfiles -g -Wall -Wextra"

TRACE::2026-09-28.16:52:34::SCWBDomain::make -C ps7_cortexa9_0/libsrc/scuwdt_v2_3/src -s libs  "SHELL=/bin/sh" "COMPILER=arm-none-eabi-gcc" "ASSEMBLER=arm-none-eabi-as
TRACE::2026-09-28.16:52:34::SCWBDomain::" "ARCHIVER=arm-none-eabi-ar" "COMPILER_FLAGS=  -O2 -c" "EXTRA_COMPILER_FLAGS=-mcpu=cortex-a9 -mfpu=vfpv3 -mfloat-abi=hard -nos
TRACE::2026-09-28.16:52:34::SCWBDomain::tartfiles -g -Wall -Wextra"

TRACE::2026-09-28.16:52:34::SCWBDomain::Running Make libs in ps7_cortexa9_0/libsrc/standalone_v7_3/src

TRACE::2026-09-28.16:52:34::SCWBDomain::make -C ps7_cortexa9_0/libsrc/standalone_v7_3/src -s libs  "SHELL=/bin/sh" "COMPILER=arm-none-eabi-gcc" "ASSEMBLER=arm-none-eab
TRACE::2026-09-28.16:52:34::SCWBDomain::i-as" "ARCHIVER=arm-none-eabi-ar" "COMPILER_FLAGS=  -O2 -c" "EXTRA_COMPILER_FLAGS=-mcpu=cortex-a9 -mfpu=vfpv3 -mfloat-abi=hard 
TRACE::2026-09-28.16:52:34::SCWBDomain::-nostartfiles -g -Wall -Wextra"

TRACE::2026-09-28.16:52:34::SCWBDomain::Running Make libs in ps7_cortexa9_0/libsrc/v_tpg_v8_3/src

TRACE::2026-09-28.16:52:34::SCWBDomain::Running Make libs in ps7_cortexa9_0/libsrc/video_common_v4_10/src

TRACE::2026-09-28.16:52:34::SCWBDomain::make -C ps7_cortexa9_0/libsrc/video_common_v4_10/src -s libs  "SHELL=/bin/sh" "COMPILER=arm-none-eabi-gcc" "ASSEMBLER=arm-none-
TRACE::2026-09-28.16:52:34::SCWBDomain::eabi-as" "ARCHIVER=arm-none-eabi-ar" "COMPILER_FLAGS=  -O2 -c" "EXTRA_COMPILER_FLAGS=-mcpu=cortex-a9 -mfpu=vfpv3 -mfloat-abi=ha
TRACE::2026-09-28.16:52:34::SCWBDomain::rd -nostartfiles -g -Wall -Wextra"

TRACE::2026-09-28.16:52:34::SCWBDomain::Running Make libs in ps7_cortexa9_0/libsrc/xadcps_v2_5/src

TRACE::2026-09-28.16:52:34::SCWBDomain::make -C ps7_cortexa9_0/libsrc/v_tpg_v8_3/src -s libs  "SHELL=/bin/sh" "COMPILER=arm-none-eabi-gcc" "ASSEMBLER=arm-none-eabi-as"
TRACE::2026-09-28.16:52:34::SCWBDomain:: "ARCHIVER=arm-none-eabi-ar" "COMPILER_FLAGS=  -O2 -c" "EXTRA_COMPILER_FLAGS=-mcpu=cortex-a9 -mfpu=vfpv3 -mfloat-abi=hard -nost
TRACE::2026-09-28.16:52:34::SCWBDomain::artfiles -g -Wall -Wextra"

TRACE::2026-09-28.16:52:34::SCWBDomain::make -C ps7_cortexa9_0/libsrc/xadcps_v2_5/src -s libs  "SHELL=/bin/sh" "COMPILER=arm-none-eabi-gcc" "ASSEMBLER=arm-none-eabi-as
TRACE::2026-09-28.16:52:34::SCWBDomain::" "ARCHIVER=arm-none-eabi-ar" "COMPILER_FLAGS=  -O2 -c" "EXTRA_COMPILER_FLAGS=-mcpu=cortex-a9 -mfpu=vfpv3 -mfloat-abi=hard -nos
TRACE::2026-09-28.16:52:34::SCWBDomain::tartfiles -g -Wall -Wextra"

TRACE::2026-09-28.16:52:34::SCWBDomain::Running Make libs in ps7_cortexa9_0/libsrc/xilffs_v4_4/src

TRACE::2026-09-28.16:52:34::SCWBDomain::make -C ps7_cortexa9_0/libsrc/xilffs_v4_4/src -s libs  "SHELL=/bin/sh" "COMPILER=arm-none-eabi-gcc" "ASSEMBLER=arm-none-eabi-as
TRACE::2026-09-28.16:52:34::SCWBDomain::" "ARCHIVER=arm-none-eabi-ar" "COMPILER_FLAGS=  -O2 -c" "EXTRA_COMPILER_FLAGS=-mcpu=cortex-a9 -mfpu=vfpv3 -mfloat-abi=hard -nos
TRACE::2026-09-28.16:52:34::SCWBDomain::tartfiles -g -Wall -Wextra"

TRACE::2026-09-28.16:52:34::SCWBDomain::Finished building libraries parallelly.

TRACE::2026-09-28.16:52:34::SCWBDomain::make --no-print-directory archive

TRACE::2026-09-28.16:52:34::SCWBDomain::arm-none-eabi-ar -r  ps7_cortexa9_0/lib/libxil.a ps7_cortexa9_0/lib/abort.o ps7_cortexa9_0/lib/asm_vectors.o ps7_cortexa9_0/lib
TRACE::2026-09-28.16:52:34::SCWBDomain::/boot.o ps7_cortexa9_0/lib/close.o ps7_cortexa9_0/lib/cpputest_time.o ps7_cortexa9_0/lib/cpu_init.o ps7_cortexa9_0/lib/errno.o 
TRACE::2026-09-28.16:52:34::SCWBDomain::ps7_cortexa9_0/lib/_exit.o ps7_cortexa9_0/lib/fcntl.o ps7_cortexa9_0/lib/fstat.o ps7_cortexa9_0/lib/getpid.o ps7_cortexa9_0/lib
TRACE::2026-09-28.16:52:34::SCWBDomain::/inbyte.o ps7_cortexa9_0/lib/isatty.o ps7_cortexa9_0/lib/kill.o ps7_cortexa9_0/lib/lseek.o ps7_cortexa9_0/lib/_open.o ps7_corte
TRACE::2026-09-28.16:52:34::SCWBDomain::xa9_0/lib/open.o ps7_cortexa9_0/lib/outbyte.o ps7_cortexa9_0/lib/print.o ps7_cortexa9_0/lib/putnum.o ps7_cortexa9_0/lib/read.o 
TRACE::2026-09-28.16:52:34::SCWBDomain::ps7_cortexa9_0/lib/_sbrk.o ps7_cortexa9_0/lib/sbrk.o ps7_cortexa9_0/lib/sleep.o ps7_cortexa9_0/lib/translation_table.o ps7_cort
TRACE::2026-09-28.16:52:34::SCWBDomain::exa9_0/lib/unlink.o ps7_cortexa9_0/lib/usleep.o ps7_cortexa9_0/lib/vectors.o ps7_cortexa9_0/lib/write.o ps7_cortexa9_0/lib/xadc
TRACE::2026-09-28.16:52:34::SCWBDomain::ps_g.o ps7_cortexa9_0/lib/xadcps_intr.o ps7_cortexa9_0/lib/xadcps.o ps7_cortexa9_0/lib/xadcps_selftest.o ps7_cortexa9_0/lib/xad
TRACE::2026-09-28.16:52:34::SCWBDomain::cps_sinit.o ps7_cortexa9_0/lib/xaxivdma_channel.o ps7_cortexa9_0/lib/xaxivdma_g.o ps7_cortexa9_0/lib/xaxivdma_intr.o ps7_cortex
TRACE::2026-09-28.16:52:34::SCWBDomain::a9_0/lib/xaxivdma.o ps7_cortexa9_0/lib/xaxivdma_selftest.o ps7_cortexa9_0/lib/xaxivdma_sinit.o ps7_cortexa9_0/lib/xcoresightpsd
TRACE::2026-09-28.16:52:34::SCWBDomain::cc.o ps7_cortexa9_0/lib/xdevcfg_g.o ps7_cortexa9_0/lib/xdevcfg_hw.o ps7_cortexa9_0/lib/xdevcfg_intr.o ps7_cortexa9_0/lib/xdevcf
TRACE::2026-09-28.16:52:34::SCWBDomain::g.o ps7_cortexa9_0/lib/xdevcfg_selftest.o ps7_cortexa9_0/lib/xdevcfg_sinit.o ps7_cortexa9_0/lib/xdmaps_g.o ps7_cortexa9_0/lib/x
TRACE::2026-09-28.16:52:34::SCWBDomain::dmaps_hw.o ps7_cortexa9_0/lib/xdmaps.o ps7_cortexa9_0/lib/xdmaps_selftest.o ps7_cortexa9_0/lib/xdmaps_sinit.o ps7_cortexa9_0/li
TRACE::2026-09-28.16:52:34::SCWBDomain::b/xemacps_bdring.o ps7_cortexa9_0/lib/xemacps_control.o ps7_cortexa9_0/lib/xemacps_g.o ps7_cortexa9_0/lib/xemacps_hw.o ps7_cort
TRACE::2026-09-28.16:52:34::SCWBDomain::exa9_0/lib/xemacps_intr.o ps7_cortexa9_0/lib/xemacps.o ps7_cortexa9_0/lib/xemacps_sinit.o ps7_cortexa9_0/lib/xil_assert.o ps7_c
TRACE::2026-09-28.16:52:34::SCWBDomain::ortexa9_0/lib/xil_cache.o ps7_cortexa9_0/lib/xil_clocking.o ps7_cortexa9_0/lib/xil-crt0.o ps7_cortexa9_0/lib/xil_exception.o ps
TRACE::2026-09-28.16:52:34::SCWBDomain::7_cortexa9_0/lib/xil_mem.o ps7_cortexa9_0/lib/xil_misc_psreset_api.o ps7_cortexa9_0/lib/xil_mmu.o ps7_cortexa9_0/lib/xil_printf
TRACE::2026-09-28.16:52:34::SCWBDomain::.o ps7_cortexa9_0/lib/xil_sleepcommon.o ps7_cortexa9_0/lib/xil_sleeptimer.o ps7_cortexa9_0/lib/xil_testcache.o ps7_cortexa9_0/l
TRACE::2026-09-28.16:52:34::SCWBDomain::ib/xil_testio.o ps7_cortexa9_0/lib/xil_testmem.o ps7_cortexa9_0/lib/xil_util.o ps7_cortexa9_0/lib/xl2cc_counter.o ps7_cortexa9_
TRACE::2026-09-28.16:52:34::SCWBDomain::0/lib/xplatform_info.o ps7_cortexa9_0/lib/xpm_counter.o ps7_cortexa9_0/lib/xscugic_g.o ps7_cortexa9_0/lib/xscugic_hw.o ps7_cort
TRACE::2026-09-28.16:52:34::SCWBDomain::exa9_0/lib/xscugic_intr.o ps7_cortexa9_0/lib/xscugic.o ps7_cortexa9_0/lib/xscugic_selftest.o ps7_cortexa9_0/lib/xscugic_sinit.o
TRACE::2026-09-28.16:52:34::SCWBDomain:: ps7_cortexa9_0/lib/xscutimer_g.o ps7_cortexa9_0/lib/xscutimer.o ps7_cortexa9_0/lib/xscutimer_selftest.o ps7_cortexa9_0/lib/xsc
TRACE::2026-09-28.16:52:34::SCWBDomain::utimer_sinit.o ps7_cortexa9_0/lib/xscuwdt_g.o ps7_cortexa9_0/lib/xscuwdt.o ps7_cortexa9_0/lib/xscuwdt_selftest.o ps7_cortexa9_0
TRACE::2026-09-28.16:52:34::SCWBDomain::/lib/xscuwdt_sinit.o ps7_cortexa9_0/lib/xsdps_card.o ps7_cortexa9_0/lib/xsdps_g.o ps7_cortexa9_0/lib/xsdps_host.o ps7_cortexa9_
TRACE::2026-09-28.16:52:34::SCWBDomain::0/lib/xsdps.o ps7_cortexa9_0/lib/xsdps_options.o ps7_cortexa9_0/lib/xsdps_sinit.o ps7_cortexa9_0/lib/xtime_l.o ps7_cortexa9_0/l
TRACE::2026-09-28.16:52:34::SCWBDomain::ib/xuartps_g.o ps7_cortexa9_0/lib/xuartps_hw.o ps7_cortexa9_0/lib/xuartps_intr.o ps7_cortexa9_0/lib/xuartps.o ps7_cortexa9_0/li
TRACE::2026-09-28.16:52:34::SCWBDomain::b/xuartps_options.o ps7_cortexa9_0/lib/xuartps_selftest.o ps7_cortexa9_0/lib/xuartps_sinit.o ps7_cortexa9_0/lib/xvidc_edid_ext.
TRACE::2026-09-28.16:52:34::SCWBDomain::o ps7_cortexa9_0/lib/xvidc_edid.o ps7_cortexa9_0/lib/xvidc.o ps7_cortexa9_0/lib/xvidc_parse_edid.o ps7_cortexa9_0/lib/xvidc_tim
TRACE::2026-09-28.16:52:34::SCWBDomain::ings_table.o ps7_cortexa9_0/lib/xv_tpg_g.o ps7_cortexa9_0/lib/xv_tpg_linux.o ps7_cortexa9_0/lib/xv_tpg.o ps7_cortexa9_0/lib/xv_
TRACE::2026-09-28.16:52:34::SCWBDomain::tpg_sinit.o

TRACE::2026-09-28.16:52:34::SCWBDomain::Finished building libraries

TRACE::2026-09-28.16:52:34::SCWBDomain::make: выход из каталога «/home/alexey/programming/systemverilog/ethernet_image_transfer/fpga/zynq_wrapper/zynq_
TRACE::2026-09-28.16:52:34::SCWBDomain::fsbl/zynq_fsbl_bsp»

TRACE::2026-09-28.16:52:34::SCWBDomain::arm-none-eabi-gcc -o fsbl.elf  fsbl_hooks.o  image_mover.o  main.o  md5.o  nand.o  nor.o  pcap.o  ps7_init.o  qspi.o  rsa.o  sd
TRACE::2026-09-28.16:52:34::SCWBDomain::.o  fsbl_handoff.o -MMD -MP       -mcpu=cortex-a9 -mfpu=vfpv3 -mfloat-abi=hard   -mcpu=cortex-a9 -mfpu=vfpv3 -mfloat-abi=hard -
TRACE::2026-09-28.16:52:34::SCWBDomain::Wl,-build-id=none -specs=Xilinx.spec  -lrsa -Wl,--start-group,-lxil,-lgcc,-lc,--end-group -Wl,--start-group,-lxilffs,-lxil,-lgc
TRACE::2026-09-28.16:52:34::SCWBDomain::c,-lc,--end-group -Wl,--start-group,-lrsa,-lxil,-lgcc,-lc,--end-group -Wl,--start-group,-lxil,-llwip4,-lgcc,-lc,--end-group    
TRACE::2026-09-28.16:52:34::SCWBDomain::                             -Wl,--gc-sections -Lzynq_fsbl_bsp/ps7_cortexa9_0/lib -L./ -Tlscript.ld

LOG::2026-09-28.16:52:34::SCWSystem::Checking the domain standalone_ps7_cortexa9_0
LOG::2026-09-28.16:52:34::SCWSystem::Not a boot domain 
LOG::2026-09-28.16:52:34::SCWSystem::Started Processing the domain standalone_ps7_cortexa9_0
TRACE::2026-09-28.16:52:34::SCWDomain::Generating domain artifcats
TRACE::2026-09-28.16:52:34::SCWMssOS::Generating standalone artifcats
TRACE::2026-09-28.16:52:34::SCWMssOS::Copying the qemu file from  /home/alexey/Xilinx/Vitis/2020.2/data/emulation/platforms/zynq/sw/a9_standalone/qemu/qemu_args.txt To /home/alexey/programming/systemverilog/ethernet_image_transfer/fpga/zynq_wrapper/export/zynq_wrapper/sw/zynq_wrapper/qemu/
TRACE::2026-09-28.16:52:34::SCWMssOS::Copying the qemu file from  /home/alexey/Xilinx/Vitis/2020.2/data/emulation/platforms/zynq/sw/a9_standalone/qemu/qemu_args.txt To /home/alexey/programming/systemverilog/ethernet_image_transfer/fpga/zynq_wrapper/export/zynq_wrapper/sw/zynq_wrapper/standalone_ps7_cortexa9_0/qemu/
TRACE::2026-09-28.16:52:34::SCWMssOS:: Copying the user libraries. 
TRACE::2026-09-28.16:52:34::SCWPlatform::Trying to open the hw design at /home/alexey/programming/systemverilog/ethernet_image_transfer/fpga/zynq_wrapper/hw/zynq_wrapper.xsa
TRACE::2026-09-28.16:52:34::SCWPlatform::DSA given /home/alexey/programming/systemverilog/ethernet_image_transfer/fpga/zynq_wrapper/hw/zynq_wrapper.xsa
TRACE::2026-09-28.16:52:34::SCWPlatform::DSA absoulate path /home/alexey/programming/systemverilog/ethernet_image_transfer/fpga/zynq_wrapper/hw/zynq_wrapper.xsa
TRACE::2026-09-28.16:52:34::SCWPlatform::DSA directory /home/alexey/programming/systemverilog/ethernet_image_transfer/fpga/zynq_wrapper/hw
TRACE::2026-09-28.16:52:34::SCWPlatform:: Platform Path /home/alexey/programming/systemverilog/ethernet_image_transfer/fpga/zynq_wrapper/hw/zynq_wrapper.xsa
TRACE::2026-09-28.16:52:34::SCWPlatform:: Unique name xilinx:::0.0
TRACE::2026-09-28.16:52:34::SCWPlatform::Trying to set the existing hwdb with name zynq_wrapper
TRACE::2026-09-28.16:52:34::SCWPlatform::Opened existing hwdb zynq_wrapper
TRACE::2026-09-28.16:52:34::SCWPlatform::Found the Hw Db part of the input DSA
TRACE::2026-09-28.16:52:34::SCWMssOS::Checking the sw design at  /home/alexey/programming/systemverilog/ethernet_image_transfer/fpga/zynq_wrapper/ps7_cortexa9_0/standalone_ps7_cortexa9_0/bsp/system.mss
TRACE::2026-09-28.16:52:34::SCWMssOS::DEBUG:  swdes dump  /home/alexey/programming/systemverilog/ethernet_image_transfer/fpga/zynq_wrapper/ps7_cortexa9_0/standalone_ps7_cortexa9_0/bsp/system.mss|system_0||
/home/alexey/programming/systemverilog/ethernet_image_transfer/fpga/zynq_wrapper/zynq_fsbl/zynq_fsbl_bsp/system.mss|system||

TRACE::2026-09-28.16:52:34::SCWMssOS::Sw design exists and opened at  /home/alexey/programming/systemverilog/ethernet_image_transfer/fpga/zynq_wrapper/ps7_cortexa9_0/standalone_ps7_cortexa9_0/bsp/system.mss
TRACE::2026-09-28.16:52:34::SCWMssOS::Completed writing the mss file at /home/alexey/programming/systemverilog/ethernet_image_transfer/fpga/zynq_wrapper/ps7_cortexa9_0/standalone_ps7_cortexa9_0/bsp
TRACE::2026-09-28.16:52:34::SCWMssOS::Mss edits present, copying mssfile into export location /home/alexey/programming/systemverilog/ethernet_image_transfer/fpga/zynq_wrapper/ps7_cortexa9_0/standalone_ps7_cortexa9_0/bsp/system.mss
TRACE::2026-09-28.16:52:34::SCWMssOS::bsp generated is upto date with the mss file. Skipping bsp generation.
TRACE::2026-09-28.16:52:34::SCWMssOS::BSP is already built. skipping the bsp build ... 
TRACE::2026-09-28.16:52:34::SCWDomain::Building the domain as part of full build :  standalone_ps7_cortexa9_0
TRACE::2026-09-28.16:52:34::SCWMssOS::doing bsp build ... 
TRACE::2026-09-28.16:52:34::SCWMssOS::System Command Ran  cd  /home/alexey/programming/systemverilog/ethernet_image_transfer/fpga/zynq_wrapper/ps7_cortexa9_0/standalone_ps7_cortexa9_0/bsp ; bash -c "make  " 
TRACE::2026-09-28.16:52:34::SCWMssOS::make --no-print-directory seq_libs

TRACE::2026-09-28.16:52:34::SCWMssOS::Running Make include in ps7_cortexa9_0/libsrc/axivdma_v6_8/src

TRACE::2026-09-28.16:52:34::SCWMssOS::make -C ps7_cortexa9_0/libsrc/axivdma_v6_8/src -s include  "SHELL=/bin/sh" "COMPILER=arm-none-eabi-gcc" "ASSEMBLER=arm-none-eab
TRACE::2026-09-28.16:52:34::SCWMssOS::i-as" "ARCHIVER=arm-none-eabi-ar" "COMPILER_FLAGS=  -O2 -c" "EXTRA_COMPILER_FLAGS=-mcpu=cortex-a9 -mfpu=vfpv3 -mfloat-abi=hard 
TRACE::2026-09-28.16:52:34::SCWMssOS::-nostartfiles -g -Wall -Wextra"

TRACE::2026-09-28.16:52:34::SCWMssOS::Running Make include in ps7_cortexa9_0/libsrc/coresightps_dcc_v1_8/src

TRACE::2026-09-28.16:52:34::SCWMssOS::make -C ps7_cortexa9_0/libsrc/coresightps_dcc_v1_8/src -s include  "SHELL=/bin/sh" "COMPILER=arm-none-eabi-gcc" "ASSEMBLER=arm-
TRACE::2026-09-28.16:52:34::SCWMssOS::none-eabi-as" "ARCHIVER=arm-none-eabi-ar" "COMPILER_FLAGS=  -O2 -c" "EXTRA_COMPILER_FLAGS=-mcpu=cortex-a9 -mfpu=vfpv3 -mfloat-a
TRACE::2026-09-28.16:52:34::SCWMssOS::bi=hard -nostartfiles -g -Wall -Wextra"

TRACE::2026-09-28.16:52:34::SCWMssOS::Running Make include in ps7_cortexa9_0/libsrc/cpu_cortexa9_v2_10/src

TRACE::2026-09-28.16:52:34::SCWMssOS::make -C ps7_cortexa9_0/libsrc/cpu_cortexa9_v2_10/src -s include  "SHELL=/bin/sh" "COMPILER=arm-none-eabi-gcc" "ASSEMBLER=arm-no
TRACE::2026-09-28.16:52:34::SCWMssOS::ne-eabi-as" "ARCHIVER=arm-none-eabi-ar" "COMPILER_FLAGS=  -O2 -c" "EXTRA_COMPILER_FLAGS=-mcpu=cortex-a9 -mfpu=vfpv3 -mfloat-abi
TRACE::2026-09-28.16:52:34::SCWMssOS::=hard -nostartfiles -g -Wall -Wextra"

TRACE::2026-09-28.16:52:35::SCWMssOS::Running Make include in ps7_cortexa9_0/libsrc/ddrps_v1_2/src

TRACE::2026-09-28.16:52:35::SCWMssOS::make -C ps7_cortexa9_0/libsrc/ddrps_v1_2/src -s include  "SHELL=/bin/sh" "COMPILER=arm-none-eabi-gcc" "ASSEMBLER=arm-none-eabi-
TRACE::2026-09-28.16:52:35::SCWMssOS::as" "ARCHIVER=arm-none-eabi-ar" "COMPILER_FLAGS=  -O2 -c" "EXTRA_COMPILER_FLAGS=-mcpu=cortex-a9 -mfpu=vfpv3 -mfloat-abi=hard -n
TRACE::2026-09-28.16:52:35::SCWMssOS::ostartfiles -g -Wall -Wextra"

TRACE::2026-09-28.16:52:35::SCWMssOS::Running Make include in ps7_cortexa9_0/libsrc/devcfg_v3_7/src

TRACE::2026-09-28.16:52:35::SCWMssOS::make -C ps7_cortexa9_0/libsrc/devcfg_v3_7/src -s include  "SHELL=/bin/sh" "COMPILER=arm-none-eabi-gcc" "ASSEMBLER=arm-none-eabi
TRACE::2026-09-28.16:52:35::SCWMssOS::-as" "ARCHIVER=arm-none-eabi-ar" "COMPILER_FLAGS=  -O2 -c" "EXTRA_COMPILER_FLAGS=-mcpu=cortex-a9 -mfpu=vfpv3 -mfloat-abi=hard -
TRACE::2026-09-28.16:52:35::SCWMssOS::nostartfiles -g -Wall -Wextra"

TRACE::2026-09-28.16:52:35::SCWMssOS::Running Make include in ps7_cortexa9_0/libsrc/dmaps_v2_7/src

TRACE::2026-09-28.16:52:35::SCWMssOS::make -C ps7_cortexa9_0/libsrc/dmaps_v2_7/src -s include  "SHELL=/bin/sh" "COMPILER=arm-none-eabi-gcc" "ASSEMBLER=arm-none-eabi-
TRACE::2026-09-28.16:52:35::SCWMssOS::as" "ARCHIVER=arm-none-eabi-ar" "COMPILER_FLAGS=  -O2 -c" "EXTRA_COMPILER_FLAGS=-mcpu=cortex-a9 -mfpu=vfpv3 -mfloat-abi=hard -n
TRACE::2026-09-28.16:52:35::SCWMssOS::ostartfiles -g -Wall -Wextra"

TRACE::2026-09-28.16:52:35::SCWMssOS::Running Make include in ps7_cortexa9_0/libsrc/emacps_v3_12/src

TRACE::2026-09-28.16:52:35::SCWMssOS::make -C ps7_cortexa9_0/libsrc/emacps_v3_12/src -s include  "SHELL=/bin/sh" "COMPILER=arm-none-eabi-gcc" "ASSEMBLER=arm-none-eab
TRACE::2026-09-28.16:52:35::SCWMssOS::i-as" "ARCHIVER=arm-none-eabi-ar" "COMPILER_FLAGS=  -O2 -c" "EXTRA_COMPILER_FLAGS=-mcpu=cortex-a9 -mfpu=vfpv3 -mfloat-abi=hard 
TRACE::2026-09-28.16:52:35::SCWMssOS::-nostartfiles -g -Wall -Wextra"

TRACE::2026-09-28.16:52:35::SCWMssOS::Running Make include in ps7_cortexa9_0/libsrc/lwip211_v1_3/src

TRACE::2026-09-28.16:52:35::SCWMssOS::make -C ps7_cortexa9_0/libsrc/lwip211_v1_3/src -s include  "SHELL=/bin/sh" "COMPILER=arm-none-eabi-gcc" "ASSEMBLER=arm-none-eab
TRACE::2026-09-28.16:52:35::SCWMssOS::i-as" "ARCHIVER=arm-none-eabi-ar" "COMPILER_FLAGS=  -O2 -c" "EXTRA_COMPILER_FLAGS=-mcpu=cortex-a9 -mfpu=vfpv3 -mfloat-abi=hard 
TRACE::2026-09-28.16:52:35::SCWMssOS::-nostartfiles -g -Wall -Wextra"

TRACE::2026-09-28.16:52:35::SCWMssOS::Running Make include in ps7_cortexa9_0/libsrc/scugic_v4_3/src

TRACE::2026-09-28.16:52:35::SCWMssOS::make -C ps7_cortexa9_0/libsrc/scugic_v4_3/src -s include  "SHELL=/bin/sh" "COMPILER=arm-none-eabi-gcc" "ASSEMBLER=arm-none-eabi
TRACE::2026-09-28.16:52:35::SCWMssOS::-as" "ARCHIVER=arm-none-eabi-ar" "COMPILER_FLAGS=  -O2 -c" "EXTRA_COMPILER_FLAGS=-mcpu=cortex-a9 -mfpu=vfpv3 -mfloat-abi=hard -
TRACE::2026-09-28.16:52:35::SCWMssOS::nostartfiles -g -Wall -Wextra"

TRACE::2026-09-28.16:52:35::SCWMssOS::Running Make include in ps7_cortexa9_0/libsrc/scutimer_v2_3/src

TRACE::2026-09-28.16:52:35::SCWMssOS::make -C ps7_cortexa9_0/libsrc/scutimer_v2_3/src -s include  "SHELL=/bin/sh" "COMPILER=arm-none-eabi-gcc" "ASSEMBLER=arm-none-ea
TRACE::2026-09-28.16:52:35::SCWMssOS::bi-as" "ARCHIVER=arm-none-eabi-ar" "COMPILER_FLAGS=  -O2 -c" "EXTRA_COMPILER_FLAGS=-mcpu=cortex-a9 -mfpu=vfpv3 -mfloat-abi=hard
TRACE::2026-09-28.16:52:35::SCWMssOS:: -nostartfiles -g -Wall -Wextra"

TRACE::2026-09-28.16:52:35::SCWMssOS::Running Make include in ps7_cortexa9_0/libsrc/scuwdt_v2_3/src

TRACE::2026-09-28.16:52:35::SCWMssOS::make -C ps7_cortexa9_0/libsrc/scuwdt_v2_3/src -s include  "SHELL=/bin/sh" "COMPILER=arm-none-eabi-gcc" "ASSEMBLER=arm-none-eabi
TRACE::2026-09-28.16:52:35::SCWMssOS::-as" "ARCHIVER=arm-none-eabi-ar" "COMPILER_FLAGS=  -O2 -c" "EXTRA_COMPILER_FLAGS=-mcpu=cortex-a9 -mfpu=vfpv3 -mfloat-abi=hard -
TRACE::2026-09-28.16:52:35::SCWMssOS::nostartfiles -g -Wall -Wextra"

TRACE::2026-09-28.16:52:35::SCWMssOS::Running Make include in ps7_cortexa9_0/libsrc/sdps_v3_10/src

TRACE::2026-09-28.16:52:35::SCWMssOS::make -C ps7_cortexa9_0/libsrc/sdps_v3_10/src -s include  "SHELL=/bin/sh" "COMPILER=arm-none-eabi-gcc" "ASSEMBLER=arm-none-eabi-
TRACE::2026-09-28.16:52:35::SCWMssOS::as" "ARCHIVER=arm-none-eabi-ar" "COMPILER_FLAGS=  -O2 -c" "EXTRA_COMPILER_FLAGS=-mcpu=cortex-a9 -mfpu=vfpv3 -mfloat-abi=hard -n
TRACE::2026-09-28.16:52:35::SCWMssOS::ostartfiles -g -Wall -Wextra"

TRACE::2026-09-28.16:52:35::SCWMssOS::Running Make include in ps7_cortexa9_0/libsrc/standalone_v7_3/src

TRACE::2026-09-28.16:52:35::SCWMssOS::make -C ps7_cortexa9_0/libsrc/standalone_v7_3/src -s include  "SHELL=/bin/sh" "COMPILER=arm-none-eabi-gcc" "ASSEMBLER=arm-none-
TRACE::2026-09-28.16:52:35::SCWMssOS::eabi-as" "ARCHIVER=arm-none-eabi-ar" "COMPILER_FLAGS=  -O2 -c" "EXTRA_COMPILER_FLAGS=-mcpu=cortex-a9 -mfpu=vfpv3 -mfloat-abi=ha
TRACE::2026-09-28.16:52:35::SCWMssOS::rd -nostartfiles -g -Wall -Wextra"

TRACE::2026-09-28.16:52:35::SCWMssOS::Running Make include in ps7_cortexa9_0/libsrc/uartps_v3_10/src

TRACE::2026-09-28.16:52:35::SCWMssOS::make -C ps7_cortexa9_0/libsrc/uartps_v3_10/src -s include  "SHELL=/bin/sh" "COMPILER=arm-none-eabi-gcc" "ASSEMBLER=arm-none-eab
TRACE::2026-09-28.16:52:35::SCWMssOS::i-as" "ARCHIVER=arm-none-eabi-ar" "COMPILER_FLAGS=  -O2 -c" "EXTRA_COMPILER_FLAGS=-mcpu=cortex-a9 -mfpu=vfpv3 -mfloat-abi=hard 
TRACE::2026-09-28.16:52:35::SCWMssOS::-nostartfiles -g -Wall -Wextra"

TRACE::2026-09-28.16:52:35::SCWMssOS::Running Make include in ps7_cortexa9_0/libsrc/video_common_v4_10/src

TRACE::2026-09-28.16:52:35::SCWMssOS::make -C ps7_cortexa9_0/libsrc/video_common_v4_10/src -s include  "SHELL=/bin/sh" "COMPILER=arm-none-eabi-gcc" "ASSEMBLER=arm-no
TRACE::2026-09-28.16:52:35::SCWMssOS::ne-eabi-as" "ARCHIVER=arm-none-eabi-ar" "COMPILER_FLAGS=  -O2 -c" "EXTRA_COMPILER_FLAGS=-mcpu=cortex-a9 -mfpu=vfpv3 -mfloat-abi
TRACE::2026-09-28.16:52:35::SCWMssOS::=hard -nostartfiles -g -Wall -Wextra"

TRACE::2026-09-28.16:52:35::SCWMssOS::Running Make include in ps7_cortexa9_0/libsrc/v_tpg_v8_3/src

TRACE::2026-09-28.16:52:35::SCWMssOS::make -C ps7_cortexa9_0/libsrc/v_tpg_v8_3/src -s include  "SHELL=/bin/sh" "COMPILER=arm-none-eabi-gcc" "ASSEMBLER=arm-none-eabi-
TRACE::2026-09-28.16:52:35::SCWMssOS::as" "ARCHIVER=arm-none-eabi-ar" "COMPILER_FLAGS=  -O2 -c" "EXTRA_COMPILER_FLAGS=-mcpu=cortex-a9 -mfpu=vfpv3 -mfloat-abi=hard -n
TRACE::2026-09-28.16:52:35::SCWMssOS::ostartfiles -g -Wall -Wextra"

TRACE::2026-09-28.16:52:35::SCWMssOS::Running Make include in ps7_cortexa9_0/libsrc/xadcps_v2_5/src

TRACE::2026-09-28.16:52:35::SCWMssOS::make -C ps7_cortexa9_0/libsrc/xadcps_v2_5/src -s include  "SHELL=/bin/sh" "COMPILER=arm-none-eabi-gcc" "ASSEMBLER=arm-none-eabi
TRACE::2026-09-28.16:52:35::SCWMssOS::-as" "ARCHIVER=arm-none-eabi-ar" "COMPILER_FLAGS=  -O2 -c" "EXTRA_COMPILER_FLAGS=-mcpu=cortex-a9 -mfpu=vfpv3 -mfloat-abi=hard -
TRACE::2026-09-28.16:52:35::SCWMssOS::nostartfiles -g -Wall -Wextra"

TRACE::2026-09-28.16:52:35::SCWMssOS::Running Make libs in ps7_cortexa9_0/libsrc/lwip211_v1_3/src

TRACE::2026-09-28.16:52:35::SCWMssOS::make -C ps7_cortexa9_0/libsrc/lwip211_v1_3/src -s libs  "SHELL=/bin/sh" "COMPILER=arm-none-eabi-gcc" "ASSEMBLER=arm-none-eabi-a
TRACE::2026-09-28.16:52:35::SCWMssOS::s" "ARCHIVER=arm-none-eabi-ar" "COMPILER_FLAGS=  -O2 -c" "EXTRA_COMPILER_FLAGS=-mcpu=cortex-a9 -mfpu=vfpv3 -mfloat-abi=hard -no
TRACE::2026-09-28.16:52:35::SCWMssOS::startfiles -g -Wall -Wextra"

TRACE::2026-09-28.16:52:35::SCWMssOS::Compiling lwip src and adapter files

TRACE::2026-09-28.16:52:35::SCWMssOS::Finished building libraries sequentially.

TRACE::2026-09-28.16:52:35::SCWMssOS::make -j --no-print-directory par_libs

TRACE::2026-09-28.16:52:35::SCWMssOS::Running Make include in ps7_cortexa9_0/libsrc/axivdma_v6_8/src

TRACE::2026-09-28.16:52:35::SCWMssOS::Running Make include in ps7_cortexa9_0/libsrc/coresightps_dcc_v1_8/src

TRACE::2026-09-28.16:52:35::SCWMssOS::make -C ps7_cortexa9_0/libsrc/axivdma_v6_8/src -s include  "SHELL=/bin/sh" "COMPILER=arm-none-eabi-gcc" "ASSEMBLER=arm-none-eab
TRACE::2026-09-28.16:52:35::SCWMssOS::i-as" "ARCHIVER=arm-none-eabi-ar" "COMPILER_FLAGS=  -O2 -c" "EXTRA_COMPILER_FLAGS=-mcpu=cortex-a9 -mfpu=vfpv3 -mfloat-abi=hard 
TRACE::2026-09-28.16:52:35::SCWMssOS::-nostartfiles -g -Wall -Wextra"

TRACE::2026-09-28.16:52:35::SCWMssOS::Running Make include in ps7_cortexa9_0/libsrc/ddrps_v1_2/src

TRACE::2026-09-28.16:52:35::SCWMssOS::make -C ps7_cortexa9_0/libsrc/coresightps_dcc_v1_8/src -s include  "SHELL=/bin/sh" "COMPILER=arm-none-eabi-gcc" "ASSEMBLER=arm-
TRACE::2026-09-28.16:52:35::SCWMssOS::none-eabi-as" "ARCHIVER=arm-none-eabi-ar" "COMPILER_FLAGS=  -O2 -c" "EXTRA_COMPILER_FLAGS=-mcpu=cortex-a9 -mfpu=vfpv3 -mfloat-a
TRACE::2026-09-28.16:52:35::SCWMssOS::bi=hard -nostartfiles -g -Wall -Wextra"

TRACE::2026-09-28.16:52:35::SCWMssOS::make -C ps7_cortexa9_0/libsrc/ddrps_v1_2/src -s include  "SHELL=/bin/sh" "COMPILER=arm-none-eabi-gcc" "ASSEMBLER=arm-none-eabi-
TRACE::2026-09-28.16:52:35::SCWMssOS::as" "ARCHIVER=arm-none-eabi-ar" "COMPILER_FLAGS=  -O2 -c" "EXTRA_COMPILER_FLAGS=-mcpu=cortex-a9 -mfpu=vfpv3 -mfloat-abi=hard -n
TRACE::2026-09-28.16:52:35::SCWMssOS::ostartfiles -g -Wall -Wextra"

TRACE::2026-09-28.16:52:35::SCWMssOS::Running Make include in ps7_cortexa9_0/libsrc/devcfg_v3_7/src

TRACE::2026-09-28.16:52:35::SCWMssOS::Running Make include in ps7_cortexa9_0/libsrc/emacps_v3_12/src

TRACE::2026-09-28.16:52:35::SCWMssOS::Running Make include in ps7_cortexa9_0/libsrc/lwip211_v1_3/src

TRACE::2026-09-28.16:52:35::SCWMssOS::make -C ps7_cortexa9_0/libsrc/emacps_v3_12/src -s include  "SHELL=/bin/sh" "COMPILER=arm-none-eabi-gcc" "ASSEMBLER=arm-none-eab
TRACE::2026-09-28.16:52:35::SCWMssOS::i-as" "ARCHIVER=arm-none-eabi-ar" "COMPILER_FLAGS=  -O2 -c" "EXTRA_COMPILER_FLAGS=-mcpu=cortex-a9 -mfpu=vfpv3 -mfloat-abi=hard 
TRACE::2026-09-28.16:52:35::SCWMssOS::-nostartfiles -g -Wall -Wextra"

TRACE::2026-09-28.16:52:35::SCWMssOS::Running Make include in ps7_cortexa9_0/libsrc/cpu_cortexa9_v2_10/src

TRACE::2026-09-28.16:52:35::SCWMssOS::make -C ps7_cortexa9_0/libsrc/devcfg_v3_7/src -s include  "SHELL=/bin/sh" "COMPILER=arm-none-eabi-gcc" "ASSEMBLER=arm-none-eabi
TRACE::2026-09-28.16:52:35::SCWMssOS::-as" "ARCHIVER=arm-none-eabi-ar" "COMPILER_FLAGS=  -O2 -c" "EXTRA_COMPILER_FLAGS=-mcpu=cortex-a9 -mfpu=vfpv3 -mfloat-abi=hard -
TRACE::2026-09-28.16:52:35::SCWMssOS::nostartfiles -g -Wall -Wextra"

TRACE::2026-09-28.16:52:35::SCWMssOS::Running Make include in ps7_cortexa9_0/libsrc/dmaps_v2_7/src

TRACE::2026-09-28.16:52:35::SCWMssOS::make -C ps7_cortexa9_0/libsrc/cpu_cortexa9_v2_10/src -s include  "SHELL=/bin/sh" "COMPILER=arm-none-eabi-gcc" "ASSEMBLER=arm-no
TRACE::2026-09-28.16:52:35::SCWMssOS::ne-eabi-as" "ARCHIVER=arm-none-eabi-ar" "COMPILER_FLAGS=  -O2 -c" "EXTRA_COMPILER_FLAGS=-mcpu=cortex-a9 -mfpu=vfpv3 -mfloat-abi
TRACE::2026-09-28.16:52:35::SCWMssOS::=hard -nostartfiles -g -Wall -Wextra"

TRACE::2026-09-28.16:52:35::SCWMssOS::make -C ps7_cortexa9_0/libsrc/lwip211_v1_3/src -s include  "SHELL=/bin/sh" "COMPILER=arm-none-eabi-gcc" "ASSEMBLER=arm-none-eab
TRACE::2026-09-28.16:52:35::SCWMssOS::i-as" "ARCHIVER=arm-none-eabi-ar" "COMPILER_FLAGS=  -O2 -c" "EXTRA_COMPILER_FLAGS=-mcpu=cortex-a9 -mfpu=vfpv3 -mfloat-abi=hard 
TRACE::2026-09-28.16:52:35::SCWMssOS::-nostartfiles -g -Wall -Wextra"

TRACE::2026-09-28.16:52:35::SCWMssOS::make -C ps7_cortexa9_0/libsrc/dmaps_v2_7/src -s include  "SHELL=/bin/sh" "COMPILER=arm-none-eabi-gcc" "ASSEMBLER=arm-none-eabi-
TRACE::2026-09-28.16:52:35::SCWMssOS::as" "ARCHIVER=arm-none-eabi-ar" "COMPILER_FLAGS=  -O2 -c" "EXTRA_COMPILER_FLAGS=-mcpu=cortex-a9 -mfpu=vfpv3 -mfloat-abi=hard -n
TRACE::2026-09-28.16:52:35::SCWMssOS::ostartfiles -g -Wall -Wextra"

TRACE::2026-09-28.16:52:35::SCWMssOS::Running Make include in ps7_cortexa9_0/libsrc/scuwdt_v2_3/src

TRACE::2026-09-28.16:52:35::SCWMssOS::Running Make include in ps7_cortexa9_0/libsrc/scutimer_v2_3/src

TRACE::2026-09-28.16:52:35::SCWMssOS::Running Make include in ps7_cortexa9_0/libsrc/scugic_v4_3/src

TRACE::2026-09-28.16:52:35::SCWMssOS::make -C ps7_cortexa9_0/libsrc/scugic_v4_3/src -s include  "SHELL=/bin/sh" "COMPILER=arm-none-eabi-gcc" "ASSEMBLER=arm-none-eabi
TRACE::2026-09-28.16:52:35::SCWMssOS::-as" "ARCHIVER=arm-none-eabi-ar" "COMPILER_FLAGS=  -O2 -c" "EXTRA_COMPILER_FLAGS=-mcpu=cortex-a9 -mfpu=vfpv3 -mfloat-abi=hard -
TRACE::2026-09-28.16:52:35::SCWMssOS::nostartfiles -g -Wall -Wextra"

TRACE::2026-09-28.16:52:35::SCWMssOS::make -C ps7_cortexa9_0/libsrc/scutimer_v2_3/src -s include  "SHELL=/bin/sh" "COMPILER=arm-none-eabi-gcc" "ASSEMBLER=arm-none-ea
TRACE::2026-09-28.16:52:35::SCWMssOS::bi-as" "ARCHIVER=arm-none-eabi-ar" "COMPILER_FLAGS=  -O2 -c" "EXTRA_COMPILER_FLAGS=-mcpu=cortex-a9 -mfpu=vfpv3 -mfloat-abi=hard
TRACE::2026-09-28.16:52:35::SCWMssOS:: -nostartfiles -g -Wall -Wextra"

TRACE::2026-09-28.16:52:35::SCWMssOS::Running Make include in ps7_cortexa9_0/libsrc/sdps_v3_10/src

TRACE::2026-09-28.16:52:35::SCWMssOS::Running Make include in ps7_cortexa9_0/libsrc/standalone_v7_3/src

TRACE::2026-09-28.16:52:35::SCWMssOS::make -C ps7_cortexa9_0/libsrc/scuwdt_v2_3/src -s include  "SHELL=/bin/sh" "COMPILER=arm-none-eabi-gcc" "ASSEMBLER=arm-none-eabi
TRACE::2026-09-28.16:52:35::SCWMssOS::-as" "ARCHIVER=arm-none-eabi-ar" "COMPILER_FLAGS=  -O2 -c" "EXTRA_COMPILER_FLAGS=-mcpu=cortex-a9 -mfpu=vfpv3 -mfloat-abi=hard -
TRACE::2026-09-28.16:52:35::SCWMssOS::nostartfiles -g -Wall -Wextra"

TRACE::2026-09-28.16:52:35::SCWMssOS::make -C ps7_cortexa9_0/libsrc/sdps_v3_10/src -s include  "SHELL=/bin/sh" "COMPILER=arm-none-eabi-gcc" "ASSEMBLER=arm-none-eabi-
TRACE::2026-09-28.16:52:35::SCWMssOS::as" "ARCHIVER=arm-none-eabi-ar" "COMPILER_FLAGS=  -O2 -c" "EXTRA_COMPILER_FLAGS=-mcpu=cortex-a9 -mfpu=vfpv3 -mfloat-abi=hard -n
TRACE::2026-09-28.16:52:35::SCWMssOS::ostartfiles -g -Wall -Wextra"

TRACE::2026-09-28.16:52:35::SCWMssOS::Running Make include in ps7_cortexa9_0/libsrc/uartps_v3_10/src

TRACE::2026-09-28.16:52:35::SCWMssOS::make -C ps7_cortexa9_0/libsrc/standalone_v7_3/src -s include  "SHELL=/bin/sh" "COMPILER=arm-none-eabi-gcc" "ASSEMBLER=arm-none-
TRACE::2026-09-28.16:52:35::SCWMssOS::eabi-as" "ARCHIVER=arm-none-eabi-ar" "COMPILER_FLAGS=  -O2 -c" "EXTRA_COMPILER_FLAGS=-mcpu=cortex-a9 -mfpu=vfpv3 -mfloat-abi=ha
TRACE::2026-09-28.16:52:35::SCWMssOS::rd -nostartfiles -g -Wall -Wextra"

TRACE::2026-09-28.16:52:35::SCWMssOS::make -C ps7_cortexa9_0/libsrc/uartps_v3_10/src -s include  "SHELL=/bin/sh" "COMPILER=arm-none-eabi-gcc" "ASSEMBLER=arm-none-eab
TRACE::2026-09-28.16:52:35::SCWMssOS::i-as" "ARCHIVER=arm-none-eabi-ar" "COMPILER_FLAGS=  -O2 -c" "EXTRA_COMPILER_FLAGS=-mcpu=cortex-a9 -mfpu=vfpv3 -mfloat-abi=hard 
TRACE::2026-09-28.16:52:35::SCWMssOS::-nostartfiles -g -Wall -Wextra"

TRACE::2026-09-28.16:52:35::SCWMssOS::Running Make include in ps7_cortexa9_0/libsrc/video_common_v4_10/src

TRACE::2026-09-28.16:52:35::SCWMssOS::Running Make include in ps7_cortexa9_0/libsrc/xadcps_v2_5/src

TRACE::2026-09-28.16:52:35::SCWMssOS::make -C ps7_cortexa9_0/libsrc/video_common_v4_10/src -s include  "SHELL=/bin/sh" "COMPILER=arm-none-eabi-gcc" "ASSEMBLER=arm-no
TRACE::2026-09-28.16:52:35::SCWMssOS::ne-eabi-as" "ARCHIVER=arm-none-eabi-ar" "COMPILER_FLAGS=  -O2 -c" "EXTRA_COMPILER_FLAGS=-mcpu=cortex-a9 -mfpu=vfpv3 -mfloat-abi
TRACE::2026-09-28.16:52:35::SCWMssOS::=hard -nostartfiles -g -Wall -Wextra"

TRACE::2026-09-28.16:52:35::SCWMssOS::Running Make include in ps7_cortexa9_0/libsrc/v_tpg_v8_3/src

TRACE::2026-09-28.16:52:35::SCWMssOS::make -C ps7_cortexa9_0/libsrc/v_tpg_v8_3/src -s include  "SHELL=/bin/sh" "COMPILER=arm-none-eabi-gcc" "ASSEMBLER=arm-none-eabi-
TRACE::2026-09-28.16:52:35::SCWMssOS::as" "ARCHIVER=arm-none-eabi-ar" "COMPILER_FLAGS=  -O2 -c" "EXTRA_COMPILER_FLAGS=-mcpu=cortex-a9 -mfpu=vfpv3 -mfloat-abi=hard -n
TRACE::2026-09-28.16:52:35::SCWMssOS::ostartfiles -g -Wall -Wextra"

TRACE::2026-09-28.16:52:35::SCWMssOS::make -C ps7_cortexa9_0/libsrc/xadcps_v2_5/src -s include  "SHELL=/bin/sh" "COMPILER=arm-none-eabi-gcc" "ASSEMBLER=arm-none-eabi
TRACE::2026-09-28.16:52:35::SCWMssOS::-as" "ARCHIVER=arm-none-eabi-ar" "COMPILER_FLAGS=  -O2 -c" "EXTRA_COMPILER_FLAGS=-mcpu=cortex-a9 -mfpu=vfpv3 -mfloat-abi=hard -
TRACE::2026-09-28.16:52:35::SCWMssOS::nostartfiles -g -Wall -Wextra"

TRACE::2026-09-28.16:52:35::SCWMssOS::Running Make libs in ps7_cortexa9_0/libsrc/axivdma_v6_8/src

TRACE::2026-09-28.16:52:35::SCWMssOS::Running Make libs in ps7_cortexa9_0/libsrc/coresightps_dcc_v1_8/src

TRACE::2026-09-28.16:52:35::SCWMssOS::Running Make libs in ps7_cortexa9_0/libsrc/cpu_cortexa9_v2_10/src

TRACE::2026-09-28.16:52:35::SCWMssOS::make -C ps7_cortexa9_0/libsrc/axivdma_v6_8/src -s libs  "SHELL=/bin/sh" "COMPILER=arm-none-eabi-gcc" "ASSEMBLER=arm-none-eabi-a
TRACE::2026-09-28.16:52:35::SCWMssOS::s" "ARCHIVER=arm-none-eabi-ar" "COMPILER_FLAGS=  -O2 -c" "EXTRA_COMPILER_FLAGS=-mcpu=cortex-a9 -mfpu=vfpv3 -mfloat-abi=hard -no
TRACE::2026-09-28.16:52:35::SCWMssOS::startfiles -g -Wall -Wextra"

TRACE::2026-09-28.16:52:35::SCWMssOS::Running Make libs in ps7_cortexa9_0/libsrc/ddrps_v1_2/src

TRACE::2026-09-28.16:52:35::SCWMssOS::make -C ps7_cortexa9_0/libsrc/coresightps_dcc_v1_8/src -s libs  "SHELL=/bin/sh" "COMPILER=arm-none-eabi-gcc" "ASSEMBLER=arm-non
TRACE::2026-09-28.16:52:35::SCWMssOS::e-eabi-as" "ARCHIVER=arm-none-eabi-ar" "COMPILER_FLAGS=  -O2 -c" "EXTRA_COMPILER_FLAGS=-mcpu=cortex-a9 -mfpu=vfpv3 -mfloat-abi=
TRACE::2026-09-28.16:52:35::SCWMssOS::hard -nostartfiles -g -Wall -Wextra"

TRACE::2026-09-28.16:52:35::SCWMssOS::make -C ps7_cortexa9_0/libsrc/cpu_cortexa9_v2_10/src -s libs  "SHELL=/bin/sh" "COMPILER=arm-none-eabi-gcc" "ASSEMBLER=arm-none-
TRACE::2026-09-28.16:52:35::SCWMssOS::eabi-as" "ARCHIVER=arm-none-eabi-ar" "COMPILER_FLAGS=  -O2 -c" "EXTRA_COMPILER_FLAGS=-mcpu=cortex-a9 -mfpu=vfpv3 -mfloat-abi=ha
TRACE::2026-09-28.16:52:35::SCWMssOS::rd -nostartfiles -g -Wall -Wextra"

TRACE::2026-09-28.16:52:35::SCWMssOS::Running Make libs in ps7_cortexa9_0/libsrc/devcfg_v3_7/src

TRACE::2026-09-28.16:52:35::SCWMssOS::Running Make libs in ps7_cortexa9_0/libsrc/dmaps_v2_7/src

TRACE::2026-09-28.16:52:35::SCWMssOS::make -C ps7_cortexa9_0/libsrc/ddrps_v1_2/src -s libs  "SHELL=/bin/sh" "COMPILER=arm-none-eabi-gcc" "ASSEMBLER=arm-none-eabi-as"
TRACE::2026-09-28.16:52:35::SCWMssOS:: "ARCHIVER=arm-none-eabi-ar" "COMPILER_FLAGS=  -O2 -c" "EXTRA_COMPILER_FLAGS=-mcpu=cortex-a9 -mfpu=vfpv3 -mfloat-abi=hard -nost
TRACE::2026-09-28.16:52:35::SCWMssOS::artfiles -g -Wall -Wextra"

TRACE::2026-09-28.16:52:35::SCWMssOS::make -C ps7_cortexa9_0/libsrc/devcfg_v3_7/src -s libs  "SHELL=/bin/sh" "COMPILER=arm-none-eabi-gcc" "ASSEMBLER=arm-none-eabi-as
TRACE::2026-09-28.16:52:35::SCWMssOS::" "ARCHIVER=arm-none-eabi-ar" "COMPILER_FLAGS=  -O2 -c" "EXTRA_COMPILER_FLAGS=-mcpu=cortex-a9 -mfpu=vfpv3 -mfloat-abi=hard -nos
TRACE::2026-09-28.16:52:35::SCWMssOS::tartfiles -g -Wall -Wextra"

TRACE::2026-09-28.16:52:35::SCWMssOS::Running Make libs in ps7_cortexa9_0/libsrc/emacps_v3_12/src

TRACE::2026-09-28.16:52:35::SCWMssOS::make -C ps7_cortexa9_0/libsrc/dmaps_v2_7/src -s libs  "SHELL=/bin/sh" "COMPILER=arm-none-eabi-gcc" "ASSEMBLER=arm-none-eabi-as"
TRACE::2026-09-28.16:52:35::SCWMssOS:: "ARCHIVER=arm-none-eabi-ar" "COMPILER_FLAGS=  -O2 -c" "EXTRA_COMPILER_FLAGS=-mcpu=cortex-a9 -mfpu=vfpv3 -mfloat-abi=hard -nost
TRACE::2026-09-28.16:52:35::SCWMssOS::artfiles -g -Wall -Wextra"

TRACE::2026-09-28.16:52:35::SCWMssOS::make -C ps7_cortexa9_0/libsrc/emacps_v3_12/src -s libs  "SHELL=/bin/sh" "COMPILER=arm-none-eabi-gcc" "ASSEMBLER=arm-none-eabi-a
TRACE::2026-09-28.16:52:35::SCWMssOS::s" "ARCHIVER=arm-none-eabi-ar" "COMPILER_FLAGS=  -O2 -c" "EXTRA_COMPILER_FLAGS=-mcpu=cortex-a9 -mfpu=vfpv3 -mfloat-abi=hard -no
TRACE::2026-09-28.16:52:35::SCWMssOS::startfiles -g -Wall -Wextra"

TRACE::2026-09-28.16:52:35::SCWMssOS::Running Make libs in ps7_cortexa9_0/libsrc/scugic_v4_3/src

TRACE::2026-09-28.16:52:35::SCWMssOS::make -C ps7_cortexa9_0/libsrc/scugic_v4_3/src -s libs  "SHELL=/bin/sh" "COMPILER=arm-none-eabi-gcc" "ASSEMBLER=arm-none-eabi-as
TRACE::2026-09-28.16:52:35::SCWMssOS::" "ARCHIVER=arm-none-eabi-ar" "COMPILER_FLAGS=  -O2 -c" "EXTRA_COMPILER_FLAGS=-mcpu=cortex-a9 -mfpu=vfpv3 -mfloat-abi=hard -nos
TRACE::2026-09-28.16:52:35::SCWMssOS::tartfiles -g -Wall -Wextra"

TRACE::2026-09-28.16:52:35::SCWMssOS::Running Make libs in ps7_cortexa9_0/libsrc/sdps_v3_10/src

TRACE::2026-09-28.16:52:35::SCWMssOS::Running Make libs in ps7_cortexa9_0/libsrc/scuwdt_v2_3/src

TRACE::2026-09-28.16:52:35::SCWMssOS::Running Make libs in ps7_cortexa9_0/libsrc/scutimer_v2_3/src

TRACE::2026-09-28.16:52:35::SCWMssOS::Running Make libs in ps7_cortexa9_0/libsrc/uartps_v3_10/src

TRACE::2026-09-28.16:52:35::SCWMssOS::make -C ps7_cortexa9_0/libsrc/sdps_v3_10/src -s libs  "SHELL=/bin/sh" "COMPILER=arm-none-eabi-gcc" "ASSEMBLER=arm-none-eabi-as"
TRACE::2026-09-28.16:52:35::SCWMssOS:: "ARCHIVER=arm-none-eabi-ar" "COMPILER_FLAGS=  -O2 -c" "EXTRA_COMPILER_FLAGS=-mcpu=cortex-a9 -mfpu=vfpv3 -mfloat-abi=hard -nost
TRACE::2026-09-28.16:52:35::SCWMssOS::artfiles -g -Wall -Wextra"

TRACE::2026-09-28.16:52:35::SCWMssOS::Running Make libs in ps7_cortexa9_0/libsrc/standalone_v7_3/src

TRACE::2026-09-28.16:52:35::SCWMssOS::make -C ps7_cortexa9_0/libsrc/standalone_v7_3/src -s libs  "SHELL=/bin/sh" "COMPILER=arm-none-eabi-gcc" "ASSEMBLER=arm-none-eab
TRACE::2026-09-28.16:52:35::SCWMssOS::i-as" "ARCHIVER=arm-none-eabi-ar" "COMPILER_FLAGS=  -O2 -c" "EXTRA_COMPILER_FLAGS=-mcpu=cortex-a9 -mfpu=vfpv3 -mfloat-abi=hard 
TRACE::2026-09-28.16:52:35::SCWMssOS::-nostartfiles -g -Wall -Wextra"

TRACE::2026-09-28.16:52:35::SCWMssOS::Running Make libs in ps7_cortexa9_0/libsrc/video_common_v4_10/src

TRACE::2026-09-28.16:52:35::SCWMssOS::Running Make libs in ps7_cortexa9_0/libsrc/xadcps_v2_5/src

TRACE::2026-09-28.16:52:35::SCWMssOS::Running Make libs in ps7_cortexa9_0/libsrc/v_tpg_v8_3/src

TRACE::2026-09-28.16:52:35::SCWMssOS::make -C ps7_cortexa9_0/libsrc/scutimer_v2_3/src -s libs  "SHELL=/bin/sh" "COMPILER=arm-none-eabi-gcc" "ASSEMBLER=arm-none-eabi-
TRACE::2026-09-28.16:52:35::SCWMssOS::as" "ARCHIVER=arm-none-eabi-ar" "COMPILER_FLAGS=  -O2 -c" "EXTRA_COMPILER_FLAGS=-mcpu=cortex-a9 -mfpu=vfpv3 -mfloat-abi=hard -n
TRACE::2026-09-28.16:52:35::SCWMssOS::ostartfiles -g -Wall -Wextra"

TRACE::2026-09-28.16:52:35::SCWMssOS::make -C ps7_cortexa9_0/libsrc/scuwdt_v2_3/src -s libs  "SHELL=/bin/sh" "COMPILER=arm-none-eabi-gcc" "ASSEMBLER=arm-none-eabi-as
TRACE::2026-09-28.16:52:35::SCWMssOS::" "ARCHIVER=arm-none-eabi-ar" "COMPILER_FLAGS=  -O2 -c" "EXTRA_COMPILER_FLAGS=-mcpu=cortex-a9 -mfpu=vfpv3 -mfloat-abi=hard -nos
TRACE::2026-09-28.16:52:35::SCWMssOS::tartfiles -g -Wall -Wextra"

TRACE::2026-09-28.16:52:35::SCWMssOS::make -C ps7_cortexa9_0/libsrc/uartps_v3_10/src -s libs  "SHELL=/bin/sh" "COMPILER=arm-none-eabi-gcc" "ASSEMBLER=arm-none-eabi-a
TRACE::2026-09-28.16:52:35::SCWMssOS::s" "ARCHIVER=arm-none-eabi-ar" "COMPILER_FLAGS=  -O2 -c" "EXTRA_COMPILER_FLAGS=-mcpu=cortex-a9 -mfpu=vfpv3 -mfloat-abi=hard -no
TRACE::2026-09-28.16:52:35::SCWMssOS::startfiles -g -Wall -Wextra"

TRACE::2026-09-28.16:52:35::SCWMssOS::make -C ps7_cortexa9_0/libsrc/video_common_v4_10/src -s libs  "SHELL=/bin/sh" "COMPILER=arm-none-eabi-gcc" "ASSEMBLER=arm-none-
TRACE::2026-09-28.16:52:35::SCWMssOS::eabi-as" "ARCHIVER=arm-none-eabi-ar" "COMPILER_FLAGS=  -O2 -c" "EXTRA_COMPILER_FLAGS=-mcpu=cortex-a9 -mfpu=vfpv3 -mfloat-abi=ha
TRACE::2026-09-28.16:52:35::SCWMssOS::rd -nostartfiles -g -Wall -Wextra"

TRACE::2026-09-28.16:52:35::SCWMssOS::make -C ps7_cortexa9_0/libsrc/v_tpg_v8_3/src -s libs  "SHELL=/bin/sh" "COMPILER=arm-none-eabi-gcc" "ASSEMBLER=arm-none-eabi-as"
TRACE::2026-09-28.16:52:35::SCWMssOS:: "ARCHIVER=arm-none-eabi-ar" "COMPILER_FLAGS=  -O2 -c" "EXTRA_COMPILER_FLAGS=-mcpu=cortex-a9 -mfpu=vfpv3 -mfloat-abi=hard -nost
TRACE::2026-09-28.16:52:35::SCWMssOS::artfiles -g -Wall -Wextra"

TRACE::2026-09-28.16:52:35::SCWMssOS::make -C ps7_cortexa9_0/libsrc/xadcps_v2_5/src -s libs  "SHELL=/bin/sh" "COMPILER=arm-none-eabi-gcc" "ASSEMBLER=arm-none-eabi-as
TRACE::2026-09-28.16:52:35::SCWMssOS::" "ARCHIVER=arm-none-eabi-ar" "COMPILER_FLAGS=  -O2 -c" "EXTRA_COMPILER_FLAGS=-mcpu=cortex-a9 -mfpu=vfpv3 -mfloat-abi=hard -nos
TRACE::2026-09-28.16:52:35::SCWMssOS::tartfiles -g -Wall -Wextra"

TRACE::2026-09-28.16:52:35::SCWMssOS::Finished building libraries parallelly.

TRACE::2026-09-28.16:52:35::SCWMssOS::make --no-print-directory archive

TRACE::2026-09-28.16:52:35::SCWMssOS::arm-none-eabi-ar -r  ps7_cortexa9_0/lib/libxil.a ps7_cortexa9_0/lib/abort.o ps7_cortexa9_0/lib/asm_vectors.o ps7_cortexa9_0/lib
TRACE::2026-09-28.16:52:35::SCWMssOS::/boot.o ps7_cortexa9_0/lib/close.o ps7_cortexa9_0/lib/cpputest_time.o ps7_cortexa9_0/lib/cpu_init.o ps7_cortexa9_0/lib/errno.o 
TRACE::2026-09-28.16:52:35::SCWMssOS::ps7_cortexa9_0/lib/_exit.o ps7_cortexa9_0/lib/fcntl.o ps7_cortexa9_0/lib/fstat.o ps7_cortexa9_0/lib/getpid.o ps7_cortexa9_0/lib
TRACE::2026-09-28.16:52:35::SCWMssOS::/inbyte.o ps7_cortexa9_0/lib/isatty.o ps7_cortexa9_0/lib/kill.o ps7_cortexa9_0/lib/lseek.o ps7_cortexa9_0/lib/_open.o ps7_corte
TRACE::2026-09-28.16:52:35::SCWMssOS::xa9_0/lib/open.o ps7_cortexa9_0/lib/outbyte.o ps7_cortexa9_0/lib/print.o ps7_cortexa9_0/lib/putnum.o ps7_cortexa9_0/lib/read.o 
TRACE::2026-09-28.16:52:35::SCWMssOS::ps7_cortexa9_0/lib/_sbrk.o ps7_cortexa9_0/lib/sbrk.o ps7_cortexa9_0/lib/sleep.o ps7_cortexa9_0/lib/translation_table.o ps7_cort
TRACE::2026-09-28.16:52:35::SCWMssOS::exa9_0/lib/unlink.o ps7_cortexa9_0/lib/usleep.o ps7_cortexa9_0/lib/vectors.o ps7_cortexa9_0/lib/write.o ps7_cortexa9_0/lib/xadc
TRACE::2026-09-28.16:52:35::SCWMssOS::ps_g.o ps7_cortexa9_0/lib/xadcps_intr.o ps7_cortexa9_0/lib/xadcps.o ps7_cortexa9_0/lib/xadcps_selftest.o ps7_cortexa9_0/lib/xad
TRACE::2026-09-28.16:52:35::SCWMssOS::cps_sinit.o ps7_cortexa9_0/lib/xaxivdma_channel.o ps7_cortexa9_0/lib/xaxivdma_g.o ps7_cortexa9_0/lib/xaxivdma_intr.o ps7_cortex
TRACE::2026-09-28.16:52:35::SCWMssOS::a9_0/lib/xaxivdma.o ps7_cortexa9_0/lib/xaxivdma_selftest.o ps7_cortexa9_0/lib/xaxivdma_sinit.o ps7_cortexa9_0/lib/xcoresightpsd
TRACE::2026-09-28.16:52:35::SCWMssOS::cc.o ps7_cortexa9_0/lib/xdevcfg_g.o ps7_cortexa9_0/lib/xdevcfg_hw.o ps7_cortexa9_0/lib/xdevcfg_intr.o ps7_cortexa9_0/lib/xdevcf
TRACE::2026-09-28.16:52:35::SCWMssOS::g.o ps7_cortexa9_0/lib/xdevcfg_selftest.o ps7_cortexa9_0/lib/xdevcfg_sinit.o ps7_cortexa9_0/lib/xdmaps_g.o ps7_cortexa9_0/lib/x
TRACE::2026-09-28.16:52:35::SCWMssOS::dmaps_hw.o ps7_cortexa9_0/lib/xdmaps.o ps7_cortexa9_0/lib/xdmaps_selftest.o ps7_cortexa9_0/lib/xdmaps_sinit.o ps7_cortexa9_0/li
TRACE::2026-09-28.16:52:35::SCWMssOS::b/xemacps_bdring.o ps7_cortexa9_0/lib/xemacps_control.o ps7_cortexa9_0/lib/xemacps_g.o ps7_cortexa9_0/lib/xemacps_hw.o ps7_cort
TRACE::2026-09-28.16:52:35::SCWMssOS::exa9_0/lib/xemacps_intr.o ps7_cortexa9_0/lib/xemacps.o ps7_cortexa9_0/lib/xemacps_sinit.o ps7_cortexa9_0/lib/xil_assert.o ps7_c
TRACE::2026-09-28.16:52:35::SCWMssOS::ortexa9_0/lib/xil_cache.o ps7_cortexa9_0/lib/xil_clocking.o ps7_cortexa9_0/lib/xil-crt0.o ps7_cortexa9_0/lib/xil_exception.o ps
TRACE::2026-09-28.16:52:35::SCWMssOS::7_cortexa9_0/lib/xil_mem.o ps7_cortexa9_0/lib/xil_misc_psreset_api.o ps7_cortexa9_0/lib/xil_mmu.o ps7_cortexa9_0/lib/xil_printf
TRACE::2026-09-28.16:52:35::SCWMssOS::.o ps7_cortexa9_0/lib/xil_sleepcommon.o ps7_cortexa9_0/lib/xil_sleeptimer.o ps7_cortexa9_0/lib/xil_testcache.o ps7_cortexa9_0/l
TRACE::2026-09-28.16:52:35::SCWMssOS::ib/xil_testio.o ps7_cortexa9_0/lib/xil_testmem.o ps7_cortexa9_0/lib/xil_util.o ps7_cortexa9_0/lib/xl2cc_counter.o ps7_cortexa9_
TRACE::2026-09-28.16:52:35::SCWMssOS::0/lib/xplatform_info.o ps7_cortexa9_0/lib/xpm_counter.o ps7_cortexa9_0/lib/xscugic_g.o ps7_cortexa9_0/lib/xscugic_hw.o ps7_cort
TRACE::2026-09-28.16:52:35::SCWMssOS::exa9_0/lib/xscugic_intr.o ps7_cortexa9_0/lib/xscugic.o ps7_cortexa9_0/lib/xscugic_selftest.o ps7_cortexa9_0/lib/xscugic_sinit.o
TRACE::2026-09-28.16:52:35::SCWMssOS:: ps7_cortexa9_0/lib/xscutimer_g.o ps7_cortexa9_0/lib/xscutimer.o ps7_cortexa9_0/lib/xscutimer_selftest.o ps7_cortexa9_0/lib/xsc
TRACE::2026-09-28.16:52:35::SCWMssOS::utimer_sinit.o ps7_cortexa9_0/lib/xscuwdt_g.o ps7_cortexa9_0/lib/xscuwdt.o ps7_cortexa9_0/lib/xscuwdt_selftest.o ps7_cortexa9_0
TRACE::2026-09-28.16:52:35::SCWMssOS::/lib/xscuwdt_sinit.o ps7_cortexa9_0/lib/xsdps_card.o ps7_cortexa9_0/lib/xsdps_g.o ps7_cortexa9_0/lib/xsdps_host.o ps7_cortexa9_
TRACE::2026-09-28.16:52:35::SCWMssOS::0/lib/xsdps.o ps7_cortexa9_0/lib/xsdps_options.o ps7_cortexa9_0/lib/xsdps_sinit.o ps7_cortexa9_0/lib/xtime_l.o ps7_cortexa9_0/l
TRACE::2026-09-28.16:52:35::SCWMssOS::ib/xuartps_g.o ps7_cortexa9_0/lib/xuartps_hw.o ps7_cortexa9_0/lib/xuartps_intr.o ps7_cortexa9_0/lib/xuartps.o ps7_cortexa9_0/li
TRACE::2026-09-28.16:52:35::SCWMssOS::b/xuartps_options.o ps7_cortexa9_0/lib/xuartps_selftest.o ps7_cortexa9_0/lib/xuartps_sinit.o ps7_cortexa9_0/lib/xvidc_edid_ext.
TRACE::2026-09-28.16:52:35::SCWMssOS::o ps7_cortexa9_0/lib/xvidc_edid.o ps7_cortexa9_0/lib/xvidc.o ps7_cortexa9_0/lib/xvidc_parse_edid.o ps7_cortexa9_0/lib/xvidc_tim
TRACE::2026-09-28.16:52:35::SCWMssOS::ings_table.o ps7_cortexa9_0/lib/xv_tpg_g.o ps7_cortexa9_0/lib/xv_tpg_linux.o ps7_cortexa9_0/lib/xv_tpg.o ps7_cortexa9_0/lib/xv_
TRACE::2026-09-28.16:52:35::SCWMssOS::tpg_sinit.o

TRACE::2026-09-28.16:52:35::SCWMssOS::Finished building libraries

TRACE::2026-09-28.16:52:35::SCWMssOS::Copying to export directory.
TRACE::2026-09-28.16:52:36::SCWMssOS:: Checking if to create the Supporting Applications
TRACE::2026-09-28.16:52:36::SCWMssOS:: No Linux domain exists, trying to generate FSBL 
LOG::2026-09-28.16:52:36::SCWSystem::Completed Processing the domain standalone_ps7_cortexa9_0
LOG::2026-09-28.16:52:36::SCWSystem::Completed Processing the sysconfig zynq_wrapper
LOG::2026-09-28.16:52:36::SCWPlatform::Completed generating the artifacts for system configuration zynq_wrapper
TRACE::2026-09-28.16:52:36::SCWPlatform::Started preparing the platform 
TRACE::2026-09-28.16:52:36::SCWSystem::Writing the bif file for system config zynq_wrapper
TRACE::2026-09-28.16:52:36::SCWSystem::dir created 
TRACE::2026-09-28.16:52:36::SCWSystem::Writing the bif 
TRACE::2026-09-28.16:52:36::SCWPlatform::Started writing the spfm file 
TRACE::2026-09-28.16:52:36::SCWPlatform::Started writing the xpfm file 
TRACE::2026-09-28.16:52:36::SCWPlatform::Completed generating the platform
TRACE::2026-09-28.16:52:36::SCWMssOS::Saving the mss changes /home/alexey/programming/systemverilog/ethernet_image_transfer/fpga/zynq_wrapper/zynq_fsbl/zynq_fsbl_bsp/system.mss
TRACE::2026-09-28.16:52:36::SCWMssOS::Found a swdesign opened with the mssfile.
TRACE::2026-09-28.16:52:36::SCWMssOS::Completed writemss as part of save.
TRACE::2026-09-28.16:52:36::SCWMssOS::Commit changes completed.
TRACE::2026-09-28.16:52:36::SCWMssOS::Saving the mss changes /home/alexey/programming/systemverilog/ethernet_image_transfer/fpga/zynq_wrapper/ps7_cortexa9_0/standalone_ps7_cortexa9_0/bsp/system.mss
TRACE::2026-09-28.16:52:36::SCWMssOS::Found a swdesign opened with the mssfile.
TRACE::2026-09-28.16:52:36::SCWMssOS::Completed writemss as part of save.
TRACE::2026-09-28.16:52:36::SCWMssOS::Commit changes completed.
TRACE::2026-09-28.16:52:36::SCWPlatform::Trying to open the hw design at /home/alexey/programming/systemverilog/ethernet_image_transfer/fpga/zynq_wrapper/hw/zynq_wrapper.xsa
TRACE::2026-09-28.16:52:36::SCWPlatform::DSA given /home/alexey/programming/systemverilog/ethernet_image_transfer/fpga/zynq_wrapper/hw/zynq_wrapper.xsa
TRACE::2026-09-28.16:52:36::SCWPlatform::DSA absoulate path /home/alexey/programming/systemverilog/ethernet_image_transfer/fpga/zynq_wrapper/hw/zynq_wrapper.xsa
TRACE::2026-09-28.16:52:36::SCWPlatform::DSA directory /home/alexey/programming/systemverilog/ethernet_image_transfer/fpga/zynq_wrapper/hw
TRACE::2026-09-28.16:52:36::SCWPlatform:: Platform Path /home/alexey/programming/systemverilog/ethernet_image_transfer/fpga/zynq_wrapper/hw/zynq_wrapper.xsa
TRACE::2026-09-28.16:52:36::SCWPlatform:: Unique name xilinx:::0.0
TRACE::2026-09-28.16:52:36::SCWPlatform::Trying to set the existing hwdb with name zynq_wrapper
TRACE::2026-09-28.16:52:36::SCWPlatform::Opened existing hwdb zynq_wrapper
TRACE::2026-09-28.16:52:36::SCWPlatform::Found the Hw Db part of the input DSA
TRACE::2026-09-28.16:52:36::SCWMssOS::Checking the sw design at  /home/alexey/programming/systemverilog/ethernet_image_transfer/fpga/zynq_wrapper/zynq_fsbl/zynq_fsbl_bsp/system.mss
TRACE::2026-09-28.16:52:36::SCWMssOS::DEBUG:  swdes dump  /home/alexey/programming/systemverilog/ethernet_image_transfer/fpga/zynq_wrapper/ps7_cortexa9_0/standalone_ps7_cortexa9_0/bsp/system.mss|system_0||
/home/alexey/programming/systemverilog/ethernet_image_transfer/fpga/zynq_wrapper/zynq_fsbl/zynq_fsbl_bsp/system.mss|system||

TRACE::2026-09-28.16:52:36::SCWMssOS::Sw design exists and opened at  /home/alexey/programming/systemverilog/ethernet_image_transfer/fpga/zynq_wrapper/zynq_fsbl/zynq_fsbl_bsp/system.mss
TRACE::2026-09-28.16:52:36::SCWPlatform::Trying to open the hw design at /home/alexey/programming/systemverilog/ethernet_image_transfer/fpga/zynq_wrapper/hw/zynq_wrapper.xsa
TRACE::2026-09-28.16:52:36::SCWPlatform::DSA given /home/alexey/programming/systemverilog/ethernet_image_transfer/fpga/zynq_wrapper/hw/zynq_wrapper.xsa
TRACE::2026-09-28.16:52:36::SCWPlatform::DSA absoulate path /home/alexey/programming/systemverilog/ethernet_image_transfer/fpga/zynq_wrapper/hw/zynq_wrapper.xsa
TRACE::2026-09-28.16:52:36::SCWPlatform::DSA directory /home/alexey/programming/systemverilog/ethernet_image_transfer/fpga/zynq_wrapper/hw
TRACE::2026-09-28.16:52:36::SCWPlatform:: Platform Path /home/alexey/programming/systemverilog/ethernet_image_transfer/fpga/zynq_wrapper/hw/zynq_wrapper.xsa
TRACE::2026-09-28.16:52:36::SCWPlatform:: Unique name xilinx:::0.0
TRACE::2026-09-28.16:52:36::SCWPlatform::Trying to set the existing hwdb with name zynq_wrapper
TRACE::2026-09-28.16:52:36::SCWPlatform::Opened existing hwdb zynq_wrapper
TRACE::2026-09-28.16:52:36::SCWPlatform::Found the Hw Db part of the input DSA
TRACE::2026-09-28.16:52:36::SCWMssOS::Checking the sw design at  /home/alexey/programming/systemverilog/ethernet_image_transfer/fpga/zynq_wrapper/ps7_cortexa9_0/standalone_ps7_cortexa9_0/bsp/system.mss
TRACE::2026-09-28.16:52:36::SCWMssOS::DEBUG:  swdes dump  /home/alexey/programming/systemverilog/ethernet_image_transfer/fpga/zynq_wrapper/ps7_cortexa9_0/standalone_ps7_cortexa9_0/bsp/system.mss|system_0||
/home/alexey/programming/systemverilog/ethernet_image_transfer/fpga/zynq_wrapper/zynq_fsbl/zynq_fsbl_bsp/system.mss|system||

TRACE::2026-09-28.16:52:36::SCWMssOS::Sw design exists and opened at  /home/alexey/programming/systemverilog/ethernet_image_transfer/fpga/zynq_wrapper/ps7_cortexa9_0/standalone_ps7_cortexa9_0/bsp/system.mss
TRACE::2026-09-28.16:52:36::SCWWriter::formatted JSON is {
	"platformName":	"zynq_wrapper",
	"sprVersion":	"2.0",
	"mode":	"gui",
	"dsaType":	"Fixed",
	"platformDesc":	"zynq_wrapper",
	"platHandOff":	"<platformDir>.xsa",
	"platIntHandOff":	"<platformDir>/hw/zynq_wrapper.xsa",
	"deviceType":	"zynq",
	"platIsPrebuiltAutogen":	"false",
	"platIsNoBootBsp":	"false",
	"hasFsblMakeHasChanges":	"false",
	"hasPmufwMakeHasChanges":	"false",
	"fsblExtraCompilerFlags":	"-MMD -MP       -mcpu=cortex-a9 -mfpu=vfpv3 -mfloat-abi=hard ",
	"platPreBuiltFlag":	false,
	"platformSamplesDir":	"",
	"platActiveSys":	"zynq_wrapper",
	"systems":	[{
			"systemName":	"zynq_wrapper",
			"systemDesc":	"zynq_wrapper",
			"sysIsBootAutoGen":	"true",
			"systemDispName":	"zynq_wrapper",
			"sysActiveDom":	"standalone_ps7_cortexa9_0",
			"sysDefaultDom":	"standalone_ps7_cortexa9_0",
			"domains":	[{
					"domainName":	"zynq_fsbl",
					"domainDispName":	"zynq_fsbl",
					"domainDesc":	"FSBL Application BSP - Auto Generated.",
					"processors":	"ps7_cortexa9_0",
					"os":	"standalone",
					"sdxOs":	"standalone",
					"debugEnable":	"",
					"domRuntimes":	["cpp"],
					"swRepo":	"",
					"mssOsVer":	"7.3",
					"mssFile":	"",
					"md5Digest":	"02611ff010f3535202adf0baa1ae5f02",
					"compatibleApp":	"zynq_fsbl",
					"domType":	"bootDomain",
					"arch":	"32-bit",
					"appSettings":	{
						"appCompilerFlags":	"",
						"appLinkerFlags":	""
					},
					"addedLibs":	["xilffs:4.4", "xilrsa:1.6", "lwip211:1.3"],
					"libOptions":	{
						"libsContainingOptions":	[]
					},
					"prebuiltLibs":	{
						"prebuiltIncPath":	[],
						"prebuiltLibPath":	[]
					},
					"isolation":	{
					}
				}, {
					"domainName":	"standalone_ps7_cortexa9_0",
					"domainDispName":	"standalone_ps7_cortexa9_0",
					"domainDesc":	"standalone_ps7_cortexa9_0",
					"processors":	"ps7_cortexa9_0",
					"os":	"standalone",
					"sdxOs":	"standalone",
					"qemuArgs":	"/home/alexey/Xilinx/Vitis/2020.2/data/emulation/platforms/zynq/sw/a9_standalone/qemu/qemu_args.txt",
					"qemuData":	"/home/alexey/Xilinx/Vitis/2020.2/data/emulation/platforms/zynq/sw/a9_standalone/qemu/",
					"debugEnable":	"False",
					"domRuntimes":	["cpp"],
					"swRepo":	"",
					"mssOsVer":	"7.3",
					"mssFile":	"",
					"md5Digest":	"5fc0195c11530ffad44adb8ec51b3e49",
					"compatibleApp":	"",
					"domType":	"mssDomain",
					"arch":	"32-bit",
					"appSettings":	{
						"appCompilerFlags":	"",
						"appLinkerFlags":	""
					},
					"addedLibs":	["lwip211:1.3"],
					"libOptions":	{
						"lwip211":	{
							"lwip_dhcp":	"true",
							"libOptionNames":	["lwip_dhcp"]
						},
						"libsContainingOptions":	["lwip211"]
					},
					"prebuiltLibs":	{
						"prebuiltIncPath":	[],
						"prebuiltLibPath":	[]
					},
					"isolation":	{
					}
				}]
		}]
}
KEYINFO::2026-09-28.16:52:36::SCWPlatform::updated the xpfm file.
TRACE::2026-09-28.16:52:36::SCWPlatform::Trying to open the hw design at /home/alexey/programming/systemverilog/ethernet_image_transfer/fpga/zynq_wrapper/hw/zynq_wrapper.xsa
TRACE::2026-09-28.16:52:36::SCWPlatform::DSA given /home/alexey/programming/systemverilog/ethernet_image_transfer/fpga/zynq_wrapper/hw/zynq_wrapper.xsa
TRACE::2026-09-28.16:52:36::SCWPlatform::DSA absoulate path /home/alexey/programming/systemverilog/ethernet_image_transfer/fpga/zynq_wrapper/hw/zynq_wrapper.xsa
TRACE::2026-09-28.16:52:36::SCWPlatform::DSA directory /home/alexey/programming/systemverilog/ethernet_image_transfer/fpga/zynq_wrapper/hw
TRACE::2026-09-28.16:52:36::SCWPlatform:: Platform Path /home/alexey/programming/systemverilog/ethernet_image_transfer/fpga/zynq_wrapper/hw/zynq_wrapper.xsa
TRACE::2026-09-28.16:52:36::SCWPlatform:: Unique name xilinx:::0.0
TRACE::2026-09-28.16:52:36::SCWPlatform::Trying to set the existing hwdb with name zynq_wrapper
TRACE::2026-09-28.16:52:36::SCWPlatform::Opened existing hwdb zynq_wrapper
TRACE::2026-09-28.16:52:36::SCWPlatform::Found the Hw Db part of the input DSA
TRACE::2026-09-28.16:52:36::SCWMssOS::Checking the sw design at  /home/alexey/programming/systemverilog/ethernet_image_transfer/fpga/zynq_wrapper/ps7_cortexa9_0/standalone_ps7_cortexa9_0/bsp/system.mss
TRACE::2026-09-28.16:52:36::SCWMssOS::DEBUG:  swdes dump  /home/alexey/programming/systemverilog/ethernet_image_transfer/fpga/zynq_wrapper/ps7_cortexa9_0/standalone_ps7_cortexa9_0/bsp/system.mss|system_0||
/home/alexey/programming/systemverilog/ethernet_image_transfer/fpga/zynq_wrapper/zynq_fsbl/zynq_fsbl_bsp/system.mss|system||

TRACE::2026-09-28.16:52:36::SCWMssOS::Sw design exists and opened at  /home/alexey/programming/systemverilog/ethernet_image_transfer/fpga/zynq_wrapper/ps7_cortexa9_0/standalone_ps7_cortexa9_0/bsp/system.mss
