
*** Running vivado
    with args -log zynq_wrapper.vds -m64 -product Vivado -mode batch -messageDb vivado.pb -notrace -source zynq_wrapper.tcl


****** Vivado v2020.2 (64-bit)
  **** SW Build 3064766 on Wed Nov 18 09:12:47 MST 2020
  **** IP Build 3064653 on Wed Nov 18 14:17:31 MST 2020
    ** Copyright 1986-2020 Xilinx, Inc. All Rights Reserved.

source zynq_wrapper.tcl -notrace
INFO: [IP_Flow 19-234] Refreshing IP repositories
INFO: [IP_Flow 19-1704] No user IP repositories specified
INFO: [IP_Flow 19-2313] Loaded Vivado IP repository '/home/alexey/Xilinx/Vivado/2020.2/data/ip'.
Command: synth_design -top zynq_wrapper -part xc7z020iclg484-1L
Starting synth_design
Attempting to get a license for feature 'Synthesis' and/or device 'xc7z020i'
INFO: [Common 17-349] Got license for feature 'Synthesis' and/or device 'xc7z020i'
INFO: [Device 21-403] Loading part xc7z020iclg484-1L
INFO: [Synth 8-7079] Multithreading enabled for synth_design using a maximum of 4 processes.
INFO: [Synth 8-7078] Launching helper process for spawning children vivado processes
INFO: [Synth 8-7075] Helper process launched with PID 18023
---------------------------------------------------------------------------------
Starting RTL Elaboration : Time (s): cpu = 00:00:08 ; elapsed = 00:00:12 . Memory (MB): peak = 2285.699 ; gain = 0.000 ; free physical = 835 ; free virtual = 3272
---------------------------------------------------------------------------------
INFO: [Synth 8-6157] synthesizing module 'zynq_wrapper' [/home/alexey/programming/systemverilog/ethernet_image_transfer/fpga/zynq/zynq.gen/sources_1/bd/zynq/hdl/zynq_wrapper.v:12]
INFO: [Synth 8-6157] synthesizing module 'zynq' [/home/alexey/programming/systemverilog/ethernet_image_transfer/fpga/zynq/zynq.gen/sources_1/bd/zynq/synth/zynq.v:768]
INFO: [Synth 8-6157] synthesizing module 'zynq_axi_mem_intercon_0' [/home/alexey/programming/systemverilog/ethernet_image_transfer/fpga/zynq/zynq.gen/sources_1/bd/zynq/synth/zynq.v:1256]
INFO: [Synth 8-6157] synthesizing module 's00_couplers_imp_NSHFYT' [/home/alexey/programming/systemverilog/ethernet_image_transfer/fpga/zynq/zynq.gen/sources_1/bd/zynq/synth/zynq.v:574]
INFO: [Synth 8-6157] synthesizing module 'zynq_auto_pc_0' [/home/alexey/programming/systemverilog/ethernet_image_transfer/fpga/zynq/zynq.runs/synth_1/.Xil/Vivado-17961-seny/realtime/zynq_auto_pc_0_stub.v:6]
INFO: [Synth 8-6155] done synthesizing module 'zynq_auto_pc_0' (1#1) [/home/alexey/programming/systemverilog/ethernet_image_transfer/fpga/zynq/zynq.runs/synth_1/.Xil/Vivado-17961-seny/realtime/zynq_auto_pc_0_stub.v:6]
INFO: [Synth 8-6155] done synthesizing module 's00_couplers_imp_NSHFYT' (2#1) [/home/alexey/programming/systemverilog/ethernet_image_transfer/fpga/zynq/zynq.gen/sources_1/bd/zynq/synth/zynq.v:574]
INFO: [Synth 8-6155] done synthesizing module 'zynq_axi_mem_intercon_0' (3#1) [/home/alexey/programming/systemverilog/ethernet_image_transfer/fpga/zynq/zynq.gen/sources_1/bd/zynq/synth/zynq.v:1256]
INFO: [Synth 8-6157] synthesizing module 'zynq_axi_vdma_0_0' [/home/alexey/programming/systemverilog/ethernet_image_transfer/fpga/zynq/zynq.runs/synth_1/.Xil/Vivado-17961-seny/realtime/zynq_axi_vdma_0_0_stub.v:6]
INFO: [Synth 8-6155] done synthesizing module 'zynq_axi_vdma_0_0' (4#1) [/home/alexey/programming/systemverilog/ethernet_image_transfer/fpga/zynq/zynq.runs/synth_1/.Xil/Vivado-17961-seny/realtime/zynq_axi_vdma_0_0_stub.v:6]
WARNING: [Synth 8-7071] port 's2mm_frame_ptr_out' of module 'zynq_axi_vdma_0_0' is unconnected for instance 'axi_vdma_0' [/home/alexey/programming/systemverilog/ethernet_image_transfer/fpga/zynq/zynq.gen/sources_1/bd/zynq/synth/zynq.v:997]
WARNING: [Synth 8-7071] port 's2mm_introut' of module 'zynq_axi_vdma_0_0' is unconnected for instance 'axi_vdma_0' [/home/alexey/programming/systemverilog/ethernet_image_transfer/fpga/zynq/zynq.gen/sources_1/bd/zynq/synth/zynq.v:997]
WARNING: [Synth 8-7023] instance 'axi_vdma_0' of module 'zynq_axi_vdma_0_0' has 45 connections declared, but only 43 given [/home/alexey/programming/systemverilog/ethernet_image_transfer/fpga/zynq/zynq.gen/sources_1/bd/zynq/synth/zynq.v:997]
INFO: [Synth 8-6157] synthesizing module 'zynq_processing_system7_0_0' [/home/alexey/programming/systemverilog/ethernet_image_transfer/fpga/zynq/zynq.runs/synth_1/.Xil/Vivado-17961-seny/realtime/zynq_processing_system7_0_0_stub.v:6]
INFO: [Synth 8-6155] done synthesizing module 'zynq_processing_system7_0_0' (5#1) [/home/alexey/programming/systemverilog/ethernet_image_transfer/fpga/zynq/zynq.runs/synth_1/.Xil/Vivado-17961-seny/realtime/zynq_processing_system7_0_0_stub.v:6]
WARNING: [Synth 8-7071] port 'S_AXI_HP0_ARREADY' of module 'zynq_processing_system7_0_0' is unconnected for instance 'processing_system7_0' [/home/alexey/programming/systemverilog/ethernet_image_transfer/fpga/zynq/zynq.gen/sources_1/bd/zynq/synth/zynq.v:1041]
WARNING: [Synth 8-7071] port 'S_AXI_HP0_RLAST' of module 'zynq_processing_system7_0_0' is unconnected for instance 'processing_system7_0' [/home/alexey/programming/systemverilog/ethernet_image_transfer/fpga/zynq/zynq.gen/sources_1/bd/zynq/synth/zynq.v:1041]
WARNING: [Synth 8-7071] port 'S_AXI_HP0_RVALID' of module 'zynq_processing_system7_0_0' is unconnected for instance 'processing_system7_0' [/home/alexey/programming/systemverilog/ethernet_image_transfer/fpga/zynq/zynq.gen/sources_1/bd/zynq/synth/zynq.v:1041]
WARNING: [Synth 8-7071] port 'S_AXI_HP0_RRESP' of module 'zynq_processing_system7_0_0' is unconnected for instance 'processing_system7_0' [/home/alexey/programming/systemverilog/ethernet_image_transfer/fpga/zynq/zynq.gen/sources_1/bd/zynq/synth/zynq.v:1041]
WARNING: [Synth 8-7071] port 'S_AXI_HP0_BID' of module 'zynq_processing_system7_0_0' is unconnected for instance 'processing_system7_0' [/home/alexey/programming/systemverilog/ethernet_image_transfer/fpga/zynq/zynq.gen/sources_1/bd/zynq/synth/zynq.v:1041]
WARNING: [Synth 8-7071] port 'S_AXI_HP0_RID' of module 'zynq_processing_system7_0_0' is unconnected for instance 'processing_system7_0' [/home/alexey/programming/systemverilog/ethernet_image_transfer/fpga/zynq/zynq.gen/sources_1/bd/zynq/synth/zynq.v:1041]
WARNING: [Synth 8-7071] port 'S_AXI_HP0_RDATA' of module 'zynq_processing_system7_0_0' is unconnected for instance 'processing_system7_0' [/home/alexey/programming/systemverilog/ethernet_image_transfer/fpga/zynq/zynq.gen/sources_1/bd/zynq/synth/zynq.v:1041]
WARNING: [Synth 8-7071] port 'S_AXI_HP0_RCOUNT' of module 'zynq_processing_system7_0_0' is unconnected for instance 'processing_system7_0' [/home/alexey/programming/systemverilog/ethernet_image_transfer/fpga/zynq/zynq.gen/sources_1/bd/zynq/synth/zynq.v:1041]
WARNING: [Synth 8-7071] port 'S_AXI_HP0_WCOUNT' of module 'zynq_processing_system7_0_0' is unconnected for instance 'processing_system7_0' [/home/alexey/programming/systemverilog/ethernet_image_transfer/fpga/zynq/zynq.gen/sources_1/bd/zynq/synth/zynq.v:1041]
WARNING: [Synth 8-7071] port 'S_AXI_HP0_RACOUNT' of module 'zynq_processing_system7_0_0' is unconnected for instance 'processing_system7_0' [/home/alexey/programming/systemverilog/ethernet_image_transfer/fpga/zynq/zynq.gen/sources_1/bd/zynq/synth/zynq.v:1041]
WARNING: [Synth 8-7071] port 'S_AXI_HP0_WACOUNT' of module 'zynq_processing_system7_0_0' is unconnected for instance 'processing_system7_0' [/home/alexey/programming/systemverilog/ethernet_image_transfer/fpga/zynq/zynq.gen/sources_1/bd/zynq/synth/zynq.v:1041]
WARNING: [Synth 8-7023] instance 'processing_system7_0' of module 'zynq_processing_system7_0_0' has 109 connections declared, but only 98 given [/home/alexey/programming/systemverilog/ethernet_image_transfer/fpga/zynq/zynq.gen/sources_1/bd/zynq/synth/zynq.v:1041]
INFO: [Synth 8-6157] synthesizing module 'zynq_ps7_0_axi_periph_0' [/home/alexey/programming/systemverilog/ethernet_image_transfer/fpga/zynq/zynq.gen/sources_1/bd/zynq/synth/zynq.v:1456]
INFO: [Synth 8-6157] synthesizing module 'm00_couplers_imp_MVBVET' [/home/alexey/programming/systemverilog/ethernet_image_transfer/fpga/zynq/zynq.gen/sources_1/bd/zynq/synth/zynq.v:12]
INFO: [Synth 8-6155] done synthesizing module 'm00_couplers_imp_MVBVET' (6#1) [/home/alexey/programming/systemverilog/ethernet_image_transfer/fpga/zynq/zynq.gen/sources_1/bd/zynq/synth/zynq.v:12]
INFO: [Synth 8-6157] synthesizing module 'm01_couplers_imp_1LJIWFN' [/home/alexey/programming/systemverilog/ethernet_image_transfer/fpga/zynq/zynq.gen/sources_1/bd/zynq/synth/zynq.v:137]
INFO: [Synth 8-6155] done synthesizing module 'm01_couplers_imp_1LJIWFN' (7#1) [/home/alexey/programming/systemverilog/ethernet_image_transfer/fpga/zynq/zynq.gen/sources_1/bd/zynq/synth/zynq.v:137]
INFO: [Synth 8-6157] synthesizing module 's00_couplers_imp_15A5WQ8' [/home/alexey/programming/systemverilog/ethernet_image_transfer/fpga/zynq/zynq.gen/sources_1/bd/zynq/synth/zynq.v:269]
INFO: [Synth 8-6157] synthesizing module 'zynq_auto_pc_1' [/home/alexey/programming/systemverilog/ethernet_image_transfer/fpga/zynq/zynq.runs/synth_1/.Xil/Vivado-17961-seny/realtime/zynq_auto_pc_1_stub.v:6]
INFO: [Synth 8-6155] done synthesizing module 'zynq_auto_pc_1' (8#1) [/home/alexey/programming/systemverilog/ethernet_image_transfer/fpga/zynq/zynq.runs/synth_1/.Xil/Vivado-17961-seny/realtime/zynq_auto_pc_1_stub.v:6]
INFO: [Synth 8-6155] done synthesizing module 's00_couplers_imp_15A5WQ8' (9#1) [/home/alexey/programming/systemverilog/ethernet_image_transfer/fpga/zynq/zynq.gen/sources_1/bd/zynq/synth/zynq.v:269]
INFO: [Synth 8-6157] synthesizing module 'zynq_xbar_0' [/home/alexey/programming/systemverilog/ethernet_image_transfer/fpga/zynq/zynq.runs/synth_1/.Xil/Vivado-17961-seny/realtime/zynq_xbar_0_stub.v:6]
INFO: [Synth 8-6155] done synthesizing module 'zynq_xbar_0' (10#1) [/home/alexey/programming/systemverilog/ethernet_image_transfer/fpga/zynq/zynq.runs/synth_1/.Xil/Vivado-17961-seny/realtime/zynq_xbar_0_stub.v:6]
WARNING: [Synth 8-7071] port 'm_axi_awprot' of module 'zynq_xbar_0' is unconnected for instance 'xbar' [/home/alexey/programming/systemverilog/ethernet_image_transfer/fpga/zynq/zynq.gen/sources_1/bd/zynq/synth/zynq.v:1954]
WARNING: [Synth 8-7071] port 'm_axi_arprot' of module 'zynq_xbar_0' is unconnected for instance 'xbar' [/home/alexey/programming/systemverilog/ethernet_image_transfer/fpga/zynq/zynq.gen/sources_1/bd/zynq/synth/zynq.v:1954]
WARNING: [Synth 8-7023] instance 'xbar' of module 'zynq_xbar_0' has 40 connections declared, but only 38 given [/home/alexey/programming/systemverilog/ethernet_image_transfer/fpga/zynq/zynq.gen/sources_1/bd/zynq/synth/zynq.v:1954]
INFO: [Synth 8-6155] done synthesizing module 'zynq_ps7_0_axi_periph_0' (11#1) [/home/alexey/programming/systemverilog/ethernet_image_transfer/fpga/zynq/zynq.gen/sources_1/bd/zynq/synth/zynq.v:1456]
INFO: [Synth 8-6157] synthesizing module 'zynq_rst_ps7_0_50M_0' [/home/alexey/programming/systemverilog/ethernet_image_transfer/fpga/zynq/zynq.runs/synth_1/.Xil/Vivado-17961-seny/realtime/zynq_rst_ps7_0_50M_0_stub.v:6]
INFO: [Synth 8-6155] done synthesizing module 'zynq_rst_ps7_0_50M_0' (12#1) [/home/alexey/programming/systemverilog/ethernet_image_transfer/fpga/zynq/zynq.runs/synth_1/.Xil/Vivado-17961-seny/realtime/zynq_rst_ps7_0_50M_0_stub.v:6]
WARNING: [Synth 8-7071] port 'mb_reset' of module 'zynq_rst_ps7_0_50M_0' is unconnected for instance 'rst_ps7_0_50M' [/home/alexey/programming/systemverilog/ethernet_image_transfer/fpga/zynq/zynq.gen/sources_1/bd/zynq/synth/zynq.v:1220]
WARNING: [Synth 8-7071] port 'bus_struct_reset' of module 'zynq_rst_ps7_0_50M_0' is unconnected for instance 'rst_ps7_0_50M' [/home/alexey/programming/systemverilog/ethernet_image_transfer/fpga/zynq/zynq.gen/sources_1/bd/zynq/synth/zynq.v:1220]
WARNING: [Synth 8-7071] port 'peripheral_reset' of module 'zynq_rst_ps7_0_50M_0' is unconnected for instance 'rst_ps7_0_50M' [/home/alexey/programming/systemverilog/ethernet_image_transfer/fpga/zynq/zynq.gen/sources_1/bd/zynq/synth/zynq.v:1220]
WARNING: [Synth 8-7071] port 'interconnect_aresetn' of module 'zynq_rst_ps7_0_50M_0' is unconnected for instance 'rst_ps7_0_50M' [/home/alexey/programming/systemverilog/ethernet_image_transfer/fpga/zynq/zynq.gen/sources_1/bd/zynq/synth/zynq.v:1220]
WARNING: [Synth 8-7023] instance 'rst_ps7_0_50M' of module 'zynq_rst_ps7_0_50M_0' has 10 connections declared, but only 6 given [/home/alexey/programming/systemverilog/ethernet_image_transfer/fpga/zynq/zynq.gen/sources_1/bd/zynq/synth/zynq.v:1220]
INFO: [Synth 8-6157] synthesizing module 'zynq_v_tpg_0_0' [/home/alexey/programming/systemverilog/ethernet_image_transfer/fpga/zynq/zynq.runs/synth_1/.Xil/Vivado-17961-seny/realtime/zynq_v_tpg_0_0_stub.v:6]
INFO: [Synth 8-6155] done synthesizing module 'zynq_v_tpg_0_0' (13#1) [/home/alexey/programming/systemverilog/ethernet_image_transfer/fpga/zynq/zynq.runs/synth_1/.Xil/Vivado-17961-seny/realtime/zynq_v_tpg_0_0_stub.v:6]
WARNING: [Synth 8-7071] port 'fid' of module 'zynq_v_tpg_0_0' is unconnected for instance 'v_tpg_0' [/home/alexey/programming/systemverilog/ethernet_image_transfer/fpga/zynq/zynq.gen/sources_1/bd/zynq/synth/zynq.v:1227]
WARNING: [Synth 8-7071] port 'interrupt' of module 'zynq_v_tpg_0_0' is unconnected for instance 'v_tpg_0' [/home/alexey/programming/systemverilog/ethernet_image_transfer/fpga/zynq/zynq.gen/sources_1/bd/zynq/synth/zynq.v:1227]
WARNING: [Synth 8-7071] port 'm_axis_video_TSTRB' of module 'zynq_v_tpg_0_0' is unconnected for instance 'v_tpg_0' [/home/alexey/programming/systemverilog/ethernet_image_transfer/fpga/zynq/zynq.gen/sources_1/bd/zynq/synth/zynq.v:1227]
WARNING: [Synth 8-7071] port 'm_axis_video_TID' of module 'zynq_v_tpg_0_0' is unconnected for instance 'v_tpg_0' [/home/alexey/programming/systemverilog/ethernet_image_transfer/fpga/zynq/zynq.gen/sources_1/bd/zynq/synth/zynq.v:1227]
WARNING: [Synth 8-7071] port 'm_axis_video_TDEST' of module 'zynq_v_tpg_0_0' is unconnected for instance 'v_tpg_0' [/home/alexey/programming/systemverilog/ethernet_image_transfer/fpga/zynq/zynq.gen/sources_1/bd/zynq/synth/zynq.v:1227]
WARNING: [Synth 8-7023] instance 'v_tpg_0' of module 'zynq_v_tpg_0_0' has 31 connections declared, but only 26 given [/home/alexey/programming/systemverilog/ethernet_image_transfer/fpga/zynq/zynq.gen/sources_1/bd/zynq/synth/zynq.v:1227]
INFO: [Synth 8-6155] done synthesizing module 'zynq' (14#1) [/home/alexey/programming/systemverilog/ethernet_image_transfer/fpga/zynq/zynq.gen/sources_1/bd/zynq/synth/zynq.v:768]
INFO: [Synth 8-6155] done synthesizing module 'zynq_wrapper' (15#1) [/home/alexey/programming/systemverilog/ethernet_image_transfer/fpga/zynq/zynq.gen/sources_1/bd/zynq/hdl/zynq_wrapper.v:12]
---------------------------------------------------------------------------------
Finished RTL Elaboration : Time (s): cpu = 00:00:10 ; elapsed = 00:00:15 . Memory (MB): peak = 2285.699 ; gain = 0.000 ; free physical = 843 ; free virtual = 3293
---------------------------------------------------------------------------------
---------------------------------------------------------------------------------
Start Handling Custom Attributes
---------------------------------------------------------------------------------
---------------------------------------------------------------------------------
Finished Handling Custom Attributes : Time (s): cpu = 00:00:11 ; elapsed = 00:00:16 . Memory (MB): peak = 2285.699 ; gain = 0.000 ; free physical = 837 ; free virtual = 3288
---------------------------------------------------------------------------------
---------------------------------------------------------------------------------
Finished RTL Optimization Phase 1 : Time (s): cpu = 00:00:11 ; elapsed = 00:00:16 . Memory (MB): peak = 2285.699 ; gain = 0.000 ; free physical = 837 ; free virtual = 3288
---------------------------------------------------------------------------------
Netlist sorting complete. Time (s): cpu = 00:00:00.04 ; elapsed = 00:00:00.04 . Memory (MB): peak = 2285.699 ; gain = 0.000 ; free physical = 826 ; free virtual = 3277
INFO: [Project 1-570] Preparing netlist for logic optimization

Processing XDC Constraints
Initializing timing engine
Parsing XDC File [/home/alexey/programming/systemverilog/ethernet_image_transfer/fpga/zynq/zynq.gen/sources_1/bd/zynq/ip/zynq_processing_system7_0_0/zynq_processing_system7_0_0/zynq_processing_system7_0_0_in_context.xdc] for cell 'zynq_i/processing_system7_0'
Finished Parsing XDC File [/home/alexey/programming/systemverilog/ethernet_image_transfer/fpga/zynq/zynq.gen/sources_1/bd/zynq/ip/zynq_processing_system7_0_0/zynq_processing_system7_0_0/zynq_processing_system7_0_0_in_context.xdc] for cell 'zynq_i/processing_system7_0'
Parsing XDC File [/home/alexey/programming/systemverilog/ethernet_image_transfer/fpga/zynq/zynq.gen/sources_1/bd/zynq/ip/zynq_axi_vdma_0_0/zynq_axi_vdma_0_0/zynq_axi_vdma_0_0_in_context.xdc] for cell 'zynq_i/axi_vdma_0'
Finished Parsing XDC File [/home/alexey/programming/systemverilog/ethernet_image_transfer/fpga/zynq/zynq.gen/sources_1/bd/zynq/ip/zynq_axi_vdma_0_0/zynq_axi_vdma_0_0/zynq_axi_vdma_0_0_in_context.xdc] for cell 'zynq_i/axi_vdma_0'
Parsing XDC File [/home/alexey/programming/systemverilog/ethernet_image_transfer/fpga/zynq/zynq.gen/sources_1/bd/zynq/ip/zynq_auto_pc_0/zynq_auto_pc_0/zynq_auto_pc_0_in_context.xdc] for cell 'zynq_i/axi_mem_intercon/s00_couplers/auto_pc'
Finished Parsing XDC File [/home/alexey/programming/systemverilog/ethernet_image_transfer/fpga/zynq/zynq.gen/sources_1/bd/zynq/ip/zynq_auto_pc_0/zynq_auto_pc_0/zynq_auto_pc_0_in_context.xdc] for cell 'zynq_i/axi_mem_intercon/s00_couplers/auto_pc'
Parsing XDC File [/home/alexey/programming/systemverilog/ethernet_image_transfer/fpga/zynq/zynq.gen/sources_1/bd/zynq/ip/zynq_rst_ps7_0_50M_0/zynq_rst_ps7_0_50M_0/zynq_rst_ps7_0_50M_0_in_context.xdc] for cell 'zynq_i/rst_ps7_0_50M'
Finished Parsing XDC File [/home/alexey/programming/systemverilog/ethernet_image_transfer/fpga/zynq/zynq.gen/sources_1/bd/zynq/ip/zynq_rst_ps7_0_50M_0/zynq_rst_ps7_0_50M_0/zynq_rst_ps7_0_50M_0_in_context.xdc] for cell 'zynq_i/rst_ps7_0_50M'
Parsing XDC File [/home/alexey/programming/systemverilog/ethernet_image_transfer/fpga/zynq/zynq.gen/sources_1/bd/zynq/ip/zynq_v_tpg_0_0/zynq_v_tpg_0_0/zynq_v_tpg_0_0_in_context.xdc] for cell 'zynq_i/v_tpg_0'
Finished Parsing XDC File [/home/alexey/programming/systemverilog/ethernet_image_transfer/fpga/zynq/zynq.gen/sources_1/bd/zynq/ip/zynq_v_tpg_0_0/zynq_v_tpg_0_0/zynq_v_tpg_0_0_in_context.xdc] for cell 'zynq_i/v_tpg_0'
Parsing XDC File [/home/alexey/programming/systemverilog/ethernet_image_transfer/fpga/zynq/zynq.gen/sources_1/bd/zynq/ip/zynq_xbar_0/zynq_xbar_0/zynq_xbar_0_in_context.xdc] for cell 'zynq_i/ps7_0_axi_periph/xbar'
Finished Parsing XDC File [/home/alexey/programming/systemverilog/ethernet_image_transfer/fpga/zynq/zynq.gen/sources_1/bd/zynq/ip/zynq_xbar_0/zynq_xbar_0/zynq_xbar_0_in_context.xdc] for cell 'zynq_i/ps7_0_axi_periph/xbar'
Parsing XDC File [/home/alexey/programming/systemverilog/ethernet_image_transfer/fpga/zynq/zynq.gen/sources_1/bd/zynq/ip/zynq_auto_pc_1/zynq_auto_pc_1/zynq_auto_pc_1_in_context.xdc] for cell 'zynq_i/ps7_0_axi_periph/s00_couplers/auto_pc'
Finished Parsing XDC File [/home/alexey/programming/systemverilog/ethernet_image_transfer/fpga/zynq/zynq.gen/sources_1/bd/zynq/ip/zynq_auto_pc_1/zynq_auto_pc_1/zynq_auto_pc_1_in_context.xdc] for cell 'zynq_i/ps7_0_axi_periph/s00_couplers/auto_pc'
Parsing XDC File [/home/alexey/Downloads/dsdb/DSDB_Master.xdc]
WARNING: [Vivado 12-584] No ports matched 'sysclk_125mhz'. [/home/alexey/Downloads/dsdb/DSDB_Master.xdc:7]
WARNING: [Vivado 12-584] No ports matched 'led[0]'. [/home/alexey/Downloads/dsdb/DSDB_Master.xdc:11]
WARNING: [Vivado 12-584] No ports matched 'led[1]'. [/home/alexey/Downloads/dsdb/DSDB_Master.xdc:12]
WARNING: [Vivado 12-584] No ports matched 'led[2]'. [/home/alexey/Downloads/dsdb/DSDB_Master.xdc:13]
WARNING: [Vivado 12-584] No ports matched 'led[3]'. [/home/alexey/Downloads/dsdb/DSDB_Master.xdc:14]
WARNING: [Vivado 12-584] No ports matched 'led[4]'. [/home/alexey/Downloads/dsdb/DSDB_Master.xdc:15]
WARNING: [Vivado 12-584] No ports matched 'led[5]'. [/home/alexey/Downloads/dsdb/DSDB_Master.xdc:16]
WARNING: [Vivado 12-584] No ports matched 'led[6]'. [/home/alexey/Downloads/dsdb/DSDB_Master.xdc:17]
WARNING: [Vivado 12-584] No ports matched 'led[7]'. [/home/alexey/Downloads/dsdb/DSDB_Master.xdc:18]
WARNING: [Vivado 12-584] No ports matched 'btn[0]'. [/home/alexey/Downloads/dsdb/DSDB_Master.xdc:22]
WARNING: [Vivado 12-584] No ports matched 'btn[1]'. [/home/alexey/Downloads/dsdb/DSDB_Master.xdc:23]
WARNING: [Vivado 12-584] No ports matched 'btn[2]'. [/home/alexey/Downloads/dsdb/DSDB_Master.xdc:24]
WARNING: [Vivado 12-584] No ports matched 'btn[3]'. [/home/alexey/Downloads/dsdb/DSDB_Master.xdc:25]
WARNING: [Vivado 12-584] No ports matched 'sw[0]'. [/home/alexey/Downloads/dsdb/DSDB_Master.xdc:29]
WARNING: [Vivado 12-584] No ports matched 'sw[1]'. [/home/alexey/Downloads/dsdb/DSDB_Master.xdc:30]
WARNING: [Vivado 12-584] No ports matched 'sw[2]'. [/home/alexey/Downloads/dsdb/DSDB_Master.xdc:31]
WARNING: [Vivado 12-584] No ports matched 'sw[3]'. [/home/alexey/Downloads/dsdb/DSDB_Master.xdc:32]
WARNING: [Vivado 12-584] No ports matched 'sw[4]'. [/home/alexey/Downloads/dsdb/DSDB_Master.xdc:33]
WARNING: [Vivado 12-584] No ports matched 'sw[5]'. [/home/alexey/Downloads/dsdb/DSDB_Master.xdc:34]
WARNING: [Vivado 12-584] No ports matched 'sw[6]'. [/home/alexey/Downloads/dsdb/DSDB_Master.xdc:35]
WARNING: [Vivado 12-584] No ports matched 'sw[7]'. [/home/alexey/Downloads/dsdb/DSDB_Master.xdc:36]
WARNING: [Vivado 12-584] No ports matched 'oled_dc'. [/home/alexey/Downloads/dsdb/DSDB_Master.xdc:40]
WARNING: [Vivado 12-584] No ports matched 'oled_res'. [/home/alexey/Downloads/dsdb/DSDB_Master.xdc:41]
WARNING: [Vivado 12-584] No ports matched 'oled_sclk'. [/home/alexey/Downloads/dsdb/DSDB_Master.xdc:42]
WARNING: [Vivado 12-584] No ports matched 'oled_sdin'. [/home/alexey/Downloads/dsdb/DSDB_Master.xdc:43]
WARNING: [Vivado 12-584] No ports matched 'oled_vbat'. [/home/alexey/Downloads/dsdb/DSDB_Master.xdc:44]
WARNING: [Vivado 12-584] No ports matched 'oled_vdd'. [/home/alexey/Downloads/dsdb/DSDB_Master.xdc:45]
WARNING: [Vivado 12-584] No ports matched 'hdmi_cec'. [/home/alexey/Downloads/dsdb/DSDB_Master.xdc:49]
WARNING: [Vivado 12-584] No ports matched 'hdmi_clk_n'. [/home/alexey/Downloads/dsdb/DSDB_Master.xdc:50]
WARNING: [Vivado 12-584] No ports matched 'hdmi_clk_p'. [/home/alexey/Downloads/dsdb/DSDB_Master.xdc:51]
WARNING: [Vivado 12-584] No ports matched 'hdmi_d_n[0]'. [/home/alexey/Downloads/dsdb/DSDB_Master.xdc:52]
WARNING: [Vivado 12-584] No ports matched 'hdmi_d_p[0]'. [/home/alexey/Downloads/dsdb/DSDB_Master.xdc:53]
WARNING: [Vivado 12-584] No ports matched 'hdmi_d_n[1]'. [/home/alexey/Downloads/dsdb/DSDB_Master.xdc:54]
WARNING: [Vivado 12-584] No ports matched 'hdmi_d_p[1]'. [/home/alexey/Downloads/dsdb/DSDB_Master.xdc:55]
WARNING: [Vivado 12-584] No ports matched 'hdmi_d_n[2]'. [/home/alexey/Downloads/dsdb/DSDB_Master.xdc:56]
WARNING: [Vivado 12-584] No ports matched 'hdmi_d_p[2]'. [/home/alexey/Downloads/dsdb/DSDB_Master.xdc:57]
WARNING: [Vivado 12-584] No ports matched 'hdmi_hpd'. [/home/alexey/Downloads/dsdb/DSDB_Master.xdc:58]
WARNING: [Vivado 12-584] No ports matched 'hdmi_out_en'. [/home/alexey/Downloads/dsdb/DSDB_Master.xdc:59]
WARNING: [Vivado 12-584] No ports matched 'hdmi_scl'. [/home/alexey/Downloads/dsdb/DSDB_Master.xdc:60]
WARNING: [Vivado 12-584] No ports matched 'hdmi_sda'. [/home/alexey/Downloads/dsdb/DSDB_Master.xdc:61]
WARNING: [Vivado 12-584] No ports matched 'vga_b[0]'. [/home/alexey/Downloads/dsdb/DSDB_Master.xdc:65]
WARNING: [Vivado 12-584] No ports matched 'vga_b[1]'. [/home/alexey/Downloads/dsdb/DSDB_Master.xdc:66]
WARNING: [Vivado 12-584] No ports matched 'vga_b[2]'. [/home/alexey/Downloads/dsdb/DSDB_Master.xdc:67]
WARNING: [Vivado 12-584] No ports matched 'vga_b[3]'. [/home/alexey/Downloads/dsdb/DSDB_Master.xdc:68]
WARNING: [Vivado 12-584] No ports matched 'vga_b[4]'. [/home/alexey/Downloads/dsdb/DSDB_Master.xdc:69]
WARNING: [Vivado 12-584] No ports matched 'vga_g[0]'. [/home/alexey/Downloads/dsdb/DSDB_Master.xdc:70]
WARNING: [Vivado 12-584] No ports matched 'vga_g[1]'. [/home/alexey/Downloads/dsdb/DSDB_Master.xdc:71]
WARNING: [Vivado 12-584] No ports matched 'vga_g[2]'. [/home/alexey/Downloads/dsdb/DSDB_Master.xdc:72]
WARNING: [Vivado 12-584] No ports matched 'vga_g[3]'. [/home/alexey/Downloads/dsdb/DSDB_Master.xdc:73]
WARNING: [Vivado 12-584] No ports matched 'vga_g[4]'. [/home/alexey/Downloads/dsdb/DSDB_Master.xdc:74]
WARNING: [Vivado 12-584] No ports matched 'vga_g[5]'. [/home/alexey/Downloads/dsdb/DSDB_Master.xdc:75]
WARNING: [Vivado 12-584] No ports matched 'vga_hs'. [/home/alexey/Downloads/dsdb/DSDB_Master.xdc:76]
WARNING: [Vivado 12-584] No ports matched 'vga_r[0]'. [/home/alexey/Downloads/dsdb/DSDB_Master.xdc:77]
WARNING: [Vivado 12-584] No ports matched 'vga_r[1]'. [/home/alexey/Downloads/dsdb/DSDB_Master.xdc:78]
WARNING: [Vivado 12-584] No ports matched 'vga_r[2]'. [/home/alexey/Downloads/dsdb/DSDB_Master.xdc:79]
WARNING: [Vivado 12-584] No ports matched 'vga_r[3]'. [/home/alexey/Downloads/dsdb/DSDB_Master.xdc:80]
WARNING: [Vivado 12-584] No ports matched 'vga_r[4]'. [/home/alexey/Downloads/dsdb/DSDB_Master.xdc:81]
WARNING: [Vivado 12-584] No ports matched 'vga_vs'. [/home/alexey/Downloads/dsdb/DSDB_Master.xdc:82]
WARNING: [Vivado 12-584] No ports matched 'ac_bclk'. [/home/alexey/Downloads/dsdb/DSDB_Master.xdc:86]
WARNING: [Vivado 12-584] No ports matched 'ac_mclk'. [/home/alexey/Downloads/dsdb/DSDB_Master.xdc:87]
WARNING: [Vivado 12-584] No ports matched 'ac_muten'. [/home/alexey/Downloads/dsdb/DSDB_Master.xdc:88]
WARNING: [Vivado 12-584] No ports matched 'ac_pbdat'. [/home/alexey/Downloads/dsdb/DSDB_Master.xdc:89]
WARNING: [Vivado 12-584] No ports matched 'ac_pblrc'. [/home/alexey/Downloads/dsdb/DSDB_Master.xdc:90]
WARNING: [Vivado 12-584] No ports matched 'ac_recdat'. [/home/alexey/Downloads/dsdb/DSDB_Master.xdc:91]
WARNING: [Vivado 12-584] No ports matched 'ac_reclrc'. [/home/alexey/Downloads/dsdb/DSDB_Master.xdc:92]
WARNING: [Vivado 12-584] No ports matched 'ac_scl'. [/home/alexey/Downloads/dsdb/DSDB_Master.xdc:93]
WARNING: [Vivado 12-584] No ports matched 'ac_sda'. [/home/alexey/Downloads/dsdb/DSDB_Master.xdc:94]
WARNING: [Vivado 12-584] No ports matched 'ps2_clk[0]'. [/home/alexey/Downloads/dsdb/DSDB_Master.xdc:98]
WARNING: [Vivado 12-584] No ports matched 'ps2_clk[1]'. [/home/alexey/Downloads/dsdb/DSDB_Master.xdc:99]
WARNING: [Vivado 12-584] No ports matched 'ps2_data[0]'. [/home/alexey/Downloads/dsdb/DSDB_Master.xdc:100]
WARNING: [Vivado 12-584] No ports matched 'ps2_data[1]'. [/home/alexey/Downloads/dsdb/DSDB_Master.xdc:101]
WARNING: [Vivado 12-584] No ports matched 'sseg_an[0]'. [/home/alexey/Downloads/dsdb/DSDB_Master.xdc:110]
WARNING: [Vivado 12-584] No ports matched 'sseg_an[1]'. [/home/alexey/Downloads/dsdb/DSDB_Master.xdc:111]
WARNING: [Vivado 12-584] No ports matched 'sseg_an[2]'. [/home/alexey/Downloads/dsdb/DSDB_Master.xdc:112]
WARNING: [Vivado 12-584] No ports matched 'sseg_an[3]'. [/home/alexey/Downloads/dsdb/DSDB_Master.xdc:113]
WARNING: [Vivado 12-584] No ports matched 'sseg_ca'. [/home/alexey/Downloads/dsdb/DSDB_Master.xdc:114]
WARNING: [Vivado 12-584] No ports matched 'sseg_cb'. [/home/alexey/Downloads/dsdb/DSDB_Master.xdc:115]
WARNING: [Vivado 12-584] No ports matched 'sseg_cc'. [/home/alexey/Downloads/dsdb/DSDB_Master.xdc:116]
WARNING: [Vivado 12-584] No ports matched 'sseg_cd'. [/home/alexey/Downloads/dsdb/DSDB_Master.xdc:117]
WARNING: [Vivado 12-584] No ports matched 'sseg_ce'. [/home/alexey/Downloads/dsdb/DSDB_Master.xdc:118]
WARNING: [Vivado 12-584] No ports matched 'sseg_cf'. [/home/alexey/Downloads/dsdb/DSDB_Master.xdc:119]
WARNING: [Vivado 12-584] No ports matched 'sseg_cg'. [/home/alexey/Downloads/dsdb/DSDB_Master.xdc:120]
WARNING: [Vivado 12-584] No ports matched 'sseg_dp'. [/home/alexey/Downloads/dsdb/DSDB_Master.xdc:121]
WARNING: [Vivado 12-584] No ports matched 'tft_b[0]'. [/home/alexey/Downloads/dsdb/DSDB_Master.xdc:125]
WARNING: [Vivado 12-584] No ports matched 'tft_b[1]'. [/home/alexey/Downloads/dsdb/DSDB_Master.xdc:126]
WARNING: [Vivado 12-584] No ports matched 'tft_b[2]'. [/home/alexey/Downloads/dsdb/DSDB_Master.xdc:127]
WARNING: [Vivado 12-584] No ports matched 'tft_b[3]'. [/home/alexey/Downloads/dsdb/DSDB_Master.xdc:128]
WARNING: [Vivado 12-584] No ports matched 'tft_b[4]'. [/home/alexey/Downloads/dsdb/DSDB_Master.xdc:129]
WARNING: [Vivado 12-584] No ports matched 'tft_b[5]'. [/home/alexey/Downloads/dsdb/DSDB_Master.xdc:130]
WARNING: [Vivado 12-584] No ports matched 'tft_b[6]'. [/home/alexey/Downloads/dsdb/DSDB_Master.xdc:131]
WARNING: [Vivado 12-584] No ports matched 'tft_b[7]'. [/home/alexey/Downloads/dsdb/DSDB_Master.xdc:132]
WARNING: [Vivado 12-584] No ports matched 'tft_dclk'. [/home/alexey/Downloads/dsdb/DSDB_Master.xdc:133]
WARNING: [Vivado 12-584] No ports matched 'tft_de'. [/home/alexey/Downloads/dsdb/DSDB_Master.xdc:134]
WARNING: [Vivado 12-584] No ports matched 'tft_disp'. [/home/alexey/Downloads/dsdb/DSDB_Master.xdc:135]
WARNING: [Vivado 12-584] No ports matched 'tft_g[0]'. [/home/alexey/Downloads/dsdb/DSDB_Master.xdc:136]
WARNING: [Vivado 12-584] No ports matched 'tft_g[1]'. [/home/alexey/Downloads/dsdb/DSDB_Master.xdc:137]
WARNING: [Vivado 12-584] No ports matched 'tft_g[2]'. [/home/alexey/Downloads/dsdb/DSDB_Master.xdc:138]
WARNING: [Vivado 12-584] No ports matched 'tft_g[3]'. [/home/alexey/Downloads/dsdb/DSDB_Master.xdc:139]
WARNING: [Vivado 12-584] No ports matched 'tft_g[4]'. [/home/alexey/Downloads/dsdb/DSDB_Master.xdc:140]
WARNING: [Vivado 12-584] No ports matched 'tft_g[5]'. [/home/alexey/Downloads/dsdb/DSDB_Master.xdc:141]
INFO: [Common 17-14] Message 'Vivado 12-584' appears 100 times and further instances of the messages will be disabled. Use the Tcl command set_msg_config to change the current settings. [/home/alexey/Downloads/dsdb/DSDB_Master.xdc:141]
Finished Parsing XDC File [/home/alexey/Downloads/dsdb/DSDB_Master.xdc]
WARNING: [Project 1-498] One or more constraints failed evaluation while reading constraint file [/home/alexey/Downloads/dsdb/DSDB_Master.xdc] and the design contains unresolved black boxes. These constraints will be read post-synthesis (as long as their source constraint file is marked as used_in_implementation) and should be applied correctly then. You should review the constraints listed in the file [.Xil/zynq_wrapper_propImpl.xdc] and check the run log file to verify that these constraints were correctly applied.
INFO: [Project 1-236] Implementation specific constraints were found while reading constraint file [/home/alexey/Downloads/dsdb/DSDB_Master.xdc]. These constraints will be ignored for synthesis but will be used in implementation. Impacted constraints are listed in the file [.Xil/zynq_wrapper_propImpl.xdc].
Resolution: To avoid this warning, move constraints listed in [.Xil/zynq_wrapper_propImpl.xdc] to another XDC file and exclude this new file from synthesis with the used_in_synthesis property (File Properties dialog in GUI) and re-run elaboration/synthesis.
Parsing XDC File [/home/alexey/programming/systemverilog/ethernet_image_transfer/fpga/zynq/zynq.runs/synth_1/dont_touch.xdc]
Finished Parsing XDC File [/home/alexey/programming/systemverilog/ethernet_image_transfer/fpga/zynq/zynq.runs/synth_1/dont_touch.xdc]
Completed Processing XDC Constraints

Netlist sorting complete. Time (s): cpu = 00:00:00 ; elapsed = 00:00:00 . Memory (MB): peak = 2347.754 ; gain = 0.000 ; free physical = 712 ; free virtual = 3175
INFO: [Project 1-111] Unisim Transformation Summary:
No Unisim elements were transformed.

Constraint Validation Runtime : Time (s): cpu = 00:00:00.01 ; elapsed = 00:00:00.01 . Memory (MB): peak = 2347.754 ; gain = 0.000 ; free physical = 712 ; free virtual = 3175
---------------------------------------------------------------------------------
Finished Constraint Validation : Time (s): cpu = 00:00:24 ; elapsed = 00:00:34 . Memory (MB): peak = 2347.754 ; gain = 62.055 ; free physical = 778 ; free virtual = 3242
---------------------------------------------------------------------------------
---------------------------------------------------------------------------------
Start Loading Part and Timing Information
---------------------------------------------------------------------------------
Loading part: xc7z020iclg484-1L
---------------------------------------------------------------------------------
Finished Loading Part and Timing Information : Time (s): cpu = 00:00:24 ; elapsed = 00:00:34 . Memory (MB): peak = 2347.754 ; gain = 62.055 ; free physical = 782 ; free virtual = 3246
---------------------------------------------------------------------------------
---------------------------------------------------------------------------------
Start Applying 'set_property' XDC Constraints
---------------------------------------------------------------------------------
Applied set_property IO_BUFFER_TYPE = NONE for DDR_addr[0]. (constraint file  /home/alexey/programming/systemverilog/ethernet_image_transfer/fpga/zynq/zynq.gen/sources_1/bd/zynq/ip/zynq_processing_system7_0_0/zynq_processing_system7_0_0/zynq_processing_system7_0_0_in_context.xdc, line 2).
Applied set_property CLOCK_BUFFER_TYPE = NONE for DDR_addr[0]. (constraint file  /home/alexey/programming/systemverilog/ethernet_image_transfer/fpga/zynq/zynq.gen/sources_1/bd/zynq/ip/zynq_processing_system7_0_0/zynq_processing_system7_0_0/zynq_processing_system7_0_0_in_context.xdc, line 3).
Applied set_property IO_BUFFER_TYPE = NONE for DDR_addr[10]. (constraint file  /home/alexey/programming/systemverilog/ethernet_image_transfer/fpga/zynq/zynq.gen/sources_1/bd/zynq/ip/zynq_processing_system7_0_0/zynq_processing_system7_0_0/zynq_processing_system7_0_0_in_context.xdc, line 4).
Applied set_property CLOCK_BUFFER_TYPE = NONE for DDR_addr[10]. (constraint file  /home/alexey/programming/systemverilog/ethernet_image_transfer/fpga/zynq/zynq.gen/sources_1/bd/zynq/ip/zynq_processing_system7_0_0/zynq_processing_system7_0_0/zynq_processing_system7_0_0_in_context.xdc, line 5).
Applied set_property IO_BUFFER_TYPE = NONE for DDR_addr[11]. (constraint file  /home/alexey/programming/systemverilog/ethernet_image_transfer/fpga/zynq/zynq.gen/sources_1/bd/zynq/ip/zynq_processing_system7_0_0/zynq_processing_system7_0_0/zynq_processing_system7_0_0_in_context.xdc, line 6).
Applied set_property CLOCK_BUFFER_TYPE = NONE for DDR_addr[11]. (constraint file  /home/alexey/programming/systemverilog/ethernet_image_transfer/fpga/zynq/zynq.gen/sources_1/bd/zynq/ip/zynq_processing_system7_0_0/zynq_processing_system7_0_0/zynq_processing_system7_0_0_in_context.xdc, line 7).
Applied set_property IO_BUFFER_TYPE = NONE for DDR_addr[12]. (constraint file  /home/alexey/programming/systemverilog/ethernet_image_transfer/fpga/zynq/zynq.gen/sources_1/bd/zynq/ip/zynq_processing_system7_0_0/zynq_processing_system7_0_0/zynq_processing_system7_0_0_in_context.xdc, line 8).
Applied set_property CLOCK_BUFFER_TYPE = NONE for DDR_addr[12]. (constraint file  /home/alexey/programming/systemverilog/ethernet_image_transfer/fpga/zynq/zynq.gen/sources_1/bd/zynq/ip/zynq_processing_system7_0_0/zynq_processing_system7_0_0/zynq_processing_system7_0_0_in_context.xdc, line 9).
Applied set_property IO_BUFFER_TYPE = NONE for DDR_addr[13]. (constraint file  /home/alexey/programming/systemverilog/ethernet_image_transfer/fpga/zynq/zynq.gen/sources_1/bd/zynq/ip/zynq_processing_system7_0_0/zynq_processing_system7_0_0/zynq_processing_system7_0_0_in_context.xdc, line 10).
Applied set_property CLOCK_BUFFER_TYPE = NONE for DDR_addr[13]. (constraint file  /home/alexey/programming/systemverilog/ethernet_image_transfer/fpga/zynq/zynq.gen/sources_1/bd/zynq/ip/zynq_processing_system7_0_0/zynq_processing_system7_0_0/zynq_processing_system7_0_0_in_context.xdc, line 11).
Applied set_property IO_BUFFER_TYPE = NONE for DDR_addr[14]. (constraint file  /home/alexey/programming/systemverilog/ethernet_image_transfer/fpga/zynq/zynq.gen/sources_1/bd/zynq/ip/zynq_processing_system7_0_0/zynq_processing_system7_0_0/zynq_processing_system7_0_0_in_context.xdc, line 12).
Applied set_property CLOCK_BUFFER_TYPE = NONE for DDR_addr[14]. (constraint file  /home/alexey/programming/systemverilog/ethernet_image_transfer/fpga/zynq/zynq.gen/sources_1/bd/zynq/ip/zynq_processing_system7_0_0/zynq_processing_system7_0_0/zynq_processing_system7_0_0_in_context.xdc, line 13).
Applied set_property IO_BUFFER_TYPE = NONE for DDR_addr[1]. (constraint file  /home/alexey/programming/systemverilog/ethernet_image_transfer/fpga/zynq/zynq.gen/sources_1/bd/zynq/ip/zynq_processing_system7_0_0/zynq_processing_system7_0_0/zynq_processing_system7_0_0_in_context.xdc, line 14).
Applied set_property CLOCK_BUFFER_TYPE = NONE for DDR_addr[1]. (constraint file  /home/alexey/programming/systemverilog/ethernet_image_transfer/fpga/zynq/zynq.gen/sources_1/bd/zynq/ip/zynq_processing_system7_0_0/zynq_processing_system7_0_0/zynq_processing_system7_0_0_in_context.xdc, line 15).
Applied set_property IO_BUFFER_TYPE = NONE for DDR_addr[2]. (constraint file  /home/alexey/programming/systemverilog/ethernet_image_transfer/fpga/zynq/zynq.gen/sources_1/bd/zynq/ip/zynq_processing_system7_0_0/zynq_processing_system7_0_0/zynq_processing_system7_0_0_in_context.xdc, line 16).
Applied set_property CLOCK_BUFFER_TYPE = NONE for DDR_addr[2]. (constraint file  /home/alexey/programming/systemverilog/ethernet_image_transfer/fpga/zynq/zynq.gen/sources_1/bd/zynq/ip/zynq_processing_system7_0_0/zynq_processing_system7_0_0/zynq_processing_system7_0_0_in_context.xdc, line 17).
Applied set_property IO_BUFFER_TYPE = NONE for DDR_addr[3]. (constraint file  /home/alexey/programming/systemverilog/ethernet_image_transfer/fpga/zynq/zynq.gen/sources_1/bd/zynq/ip/zynq_processing_system7_0_0/zynq_processing_system7_0_0/zynq_processing_system7_0_0_in_context.xdc, line 18).
Applied set_property CLOCK_BUFFER_TYPE = NONE for DDR_addr[3]. (constraint file  /home/alexey/programming/systemverilog/ethernet_image_transfer/fpga/zynq/zynq.gen/sources_1/bd/zynq/ip/zynq_processing_system7_0_0/zynq_processing_system7_0_0/zynq_processing_system7_0_0_in_context.xdc, line 19).
Applied set_property IO_BUFFER_TYPE = NONE for DDR_addr[4]. (constraint file  /home/alexey/programming/systemverilog/ethernet_image_transfer/fpga/zynq/zynq.gen/sources_1/bd/zynq/ip/zynq_processing_system7_0_0/zynq_processing_system7_0_0/zynq_processing_system7_0_0_in_context.xdc, line 20).
Applied set_property CLOCK_BUFFER_TYPE = NONE for DDR_addr[4]. (constraint file  /home/alexey/programming/systemverilog/ethernet_image_transfer/fpga/zynq/zynq.gen/sources_1/bd/zynq/ip/zynq_processing_system7_0_0/zynq_processing_system7_0_0/zynq_processing_system7_0_0_in_context.xdc, line 21).
Applied set_property IO_BUFFER_TYPE = NONE for DDR_addr[5]. (constraint file  /home/alexey/programming/systemverilog/ethernet_image_transfer/fpga/zynq/zynq.gen/sources_1/bd/zynq/ip/zynq_processing_system7_0_0/zynq_processing_system7_0_0/zynq_processing_system7_0_0_in_context.xdc, line 22).
Applied set_property CLOCK_BUFFER_TYPE = NONE for DDR_addr[5]. (constraint file  /home/alexey/programming/systemverilog/ethernet_image_transfer/fpga/zynq/zynq.gen/sources_1/bd/zynq/ip/zynq_processing_system7_0_0/zynq_processing_system7_0_0/zynq_processing_system7_0_0_in_context.xdc, line 23).
Applied set_property IO_BUFFER_TYPE = NONE for DDR_addr[6]. (constraint file  /home/alexey/programming/systemverilog/ethernet_image_transfer/fpga/zynq/zynq.gen/sources_1/bd/zynq/ip/zynq_processing_system7_0_0/zynq_processing_system7_0_0/zynq_processing_system7_0_0_in_context.xdc, line 24).
Applied set_property CLOCK_BUFFER_TYPE = NONE for DDR_addr[6]. (constraint file  /home/alexey/programming/systemverilog/ethernet_image_transfer/fpga/zynq/zynq.gen/sources_1/bd/zynq/ip/zynq_processing_system7_0_0/zynq_processing_system7_0_0/zynq_processing_system7_0_0_in_context.xdc, line 25).
Applied set_property IO_BUFFER_TYPE = NONE for DDR_addr[7]. (constraint file  /home/alexey/programming/systemverilog/ethernet_image_transfer/fpga/zynq/zynq.gen/sources_1/bd/zynq/ip/zynq_processing_system7_0_0/zynq_processing_system7_0_0/zynq_processing_system7_0_0_in_context.xdc, line 26).
Applied set_property CLOCK_BUFFER_TYPE = NONE for DDR_addr[7]. (constraint file  /home/alexey/programming/systemverilog/ethernet_image_transfer/fpga/zynq/zynq.gen/sources_1/bd/zynq/ip/zynq_processing_system7_0_0/zynq_processing_system7_0_0/zynq_processing_system7_0_0_in_context.xdc, line 27).
Applied set_property IO_BUFFER_TYPE = NONE for DDR_addr[8]. (constraint file  /home/alexey/programming/systemverilog/ethernet_image_transfer/fpga/zynq/zynq.gen/sources_1/bd/zynq/ip/zynq_processing_system7_0_0/zynq_processing_system7_0_0/zynq_processing_system7_0_0_in_context.xdc, line 28).
Applied set_property CLOCK_BUFFER_TYPE = NONE for DDR_addr[8]. (constraint file  /home/alexey/programming/systemverilog/ethernet_image_transfer/fpga/zynq/zynq.gen/sources_1/bd/zynq/ip/zynq_processing_system7_0_0/zynq_processing_system7_0_0/zynq_processing_system7_0_0_in_context.xdc, line 29).
Applied set_property IO_BUFFER_TYPE = NONE for DDR_addr[9]. (constraint file  /home/alexey/programming/systemverilog/ethernet_image_transfer/fpga/zynq/zynq.gen/sources_1/bd/zynq/ip/zynq_processing_system7_0_0/zynq_processing_system7_0_0/zynq_processing_system7_0_0_in_context.xdc, line 30).
Applied set_property CLOCK_BUFFER_TYPE = NONE for DDR_addr[9]. (constraint file  /home/alexey/programming/systemverilog/ethernet_image_transfer/fpga/zynq/zynq.gen/sources_1/bd/zynq/ip/zynq_processing_system7_0_0/zynq_processing_system7_0_0/zynq_processing_system7_0_0_in_context.xdc, line 31).
Applied set_property IO_BUFFER_TYPE = NONE for DDR_ba[0]. (constraint file  /home/alexey/programming/systemverilog/ethernet_image_transfer/fpga/zynq/zynq.gen/sources_1/bd/zynq/ip/zynq_processing_system7_0_0/zynq_processing_system7_0_0/zynq_processing_system7_0_0_in_context.xdc, line 32).
Applied set_property CLOCK_BUFFER_TYPE = NONE for DDR_ba[0]. (constraint file  /home/alexey/programming/systemverilog/ethernet_image_transfer/fpga/zynq/zynq.gen/sources_1/bd/zynq/ip/zynq_processing_system7_0_0/zynq_processing_system7_0_0/zynq_processing_system7_0_0_in_context.xdc, line 33).
Applied set_property IO_BUFFER_TYPE = NONE for DDR_ba[1]. (constraint file  /home/alexey/programming/systemverilog/ethernet_image_transfer/fpga/zynq/zynq.gen/sources_1/bd/zynq/ip/zynq_processing_system7_0_0/zynq_processing_system7_0_0/zynq_processing_system7_0_0_in_context.xdc, line 34).
Applied set_property CLOCK_BUFFER_TYPE = NONE for DDR_ba[1]. (constraint file  /home/alexey/programming/systemverilog/ethernet_image_transfer/fpga/zynq/zynq.gen/sources_1/bd/zynq/ip/zynq_processing_system7_0_0/zynq_processing_system7_0_0/zynq_processing_system7_0_0_in_context.xdc, line 35).
Applied set_property IO_BUFFER_TYPE = NONE for DDR_ba[2]. (constraint file  /home/alexey/programming/systemverilog/ethernet_image_transfer/fpga/zynq/zynq.gen/sources_1/bd/zynq/ip/zynq_processing_system7_0_0/zynq_processing_system7_0_0/zynq_processing_system7_0_0_in_context.xdc, line 36).
Applied set_property CLOCK_BUFFER_TYPE = NONE for DDR_ba[2]. (constraint file  /home/alexey/programming/systemverilog/ethernet_image_transfer/fpga/zynq/zynq.gen/sources_1/bd/zynq/ip/zynq_processing_system7_0_0/zynq_processing_system7_0_0/zynq_processing_system7_0_0_in_context.xdc, line 37).
Applied set_property IO_BUFFER_TYPE = NONE for DDR_cas_n. (constraint file  /home/alexey/programming/systemverilog/ethernet_image_transfer/fpga/zynq/zynq.gen/sources_1/bd/zynq/ip/zynq_processing_system7_0_0/zynq_processing_system7_0_0/zynq_processing_system7_0_0_in_context.xdc, line 38).
Applied set_property CLOCK_BUFFER_TYPE = NONE for DDR_cas_n. (constraint file  /home/alexey/programming/systemverilog/ethernet_image_transfer/fpga/zynq/zynq.gen/sources_1/bd/zynq/ip/zynq_processing_system7_0_0/zynq_processing_system7_0_0/zynq_processing_system7_0_0_in_context.xdc, line 39).
Applied set_property IO_BUFFER_TYPE = NONE for DDR_cke. (constraint file  /home/alexey/programming/systemverilog/ethernet_image_transfer/fpga/zynq/zynq.gen/sources_1/bd/zynq/ip/zynq_processing_system7_0_0/zynq_processing_system7_0_0/zynq_processing_system7_0_0_in_context.xdc, line 40).
Applied set_property CLOCK_BUFFER_TYPE = NONE for DDR_cke. (constraint file  /home/alexey/programming/systemverilog/ethernet_image_transfer/fpga/zynq/zynq.gen/sources_1/bd/zynq/ip/zynq_processing_system7_0_0/zynq_processing_system7_0_0/zynq_processing_system7_0_0_in_context.xdc, line 41).
Applied set_property IO_BUFFER_TYPE = NONE for DDR_cs_n. (constraint file  /home/alexey/programming/systemverilog/ethernet_image_transfer/fpga/zynq/zynq.gen/sources_1/bd/zynq/ip/zynq_processing_system7_0_0/zynq_processing_system7_0_0/zynq_processing_system7_0_0_in_context.xdc, line 42).
Applied set_property CLOCK_BUFFER_TYPE = NONE for DDR_cs_n. (constraint file  /home/alexey/programming/systemverilog/ethernet_image_transfer/fpga/zynq/zynq.gen/sources_1/bd/zynq/ip/zynq_processing_system7_0_0/zynq_processing_system7_0_0/zynq_processing_system7_0_0_in_context.xdc, line 43).
Applied set_property IO_BUFFER_TYPE = NONE for DDR_ck_p. (constraint file  /home/alexey/programming/systemverilog/ethernet_image_transfer/fpga/zynq/zynq.gen/sources_1/bd/zynq/ip/zynq_processing_system7_0_0/zynq_processing_system7_0_0/zynq_processing_system7_0_0_in_context.xdc, line 44).
Applied set_property CLOCK_BUFFER_TYPE = NONE for DDR_ck_p. (constraint file  /home/alexey/programming/systemverilog/ethernet_image_transfer/fpga/zynq/zynq.gen/sources_1/bd/zynq/ip/zynq_processing_system7_0_0/zynq_processing_system7_0_0/zynq_processing_system7_0_0_in_context.xdc, line 45).
Applied set_property IO_BUFFER_TYPE = NONE for DDR_ck_n. (constraint file  /home/alexey/programming/systemverilog/ethernet_image_transfer/fpga/zynq/zynq.gen/sources_1/bd/zynq/ip/zynq_processing_system7_0_0/zynq_processing_system7_0_0/zynq_processing_system7_0_0_in_context.xdc, line 46).
Applied set_property CLOCK_BUFFER_TYPE = NONE for DDR_ck_n. (constraint file  /home/alexey/programming/systemverilog/ethernet_image_transfer/fpga/zynq/zynq.gen/sources_1/bd/zynq/ip/zynq_processing_system7_0_0/zynq_processing_system7_0_0/zynq_processing_system7_0_0_in_context.xdc, line 47).
Applied set_property IO_BUFFER_TYPE = NONE for DDR_dm[0]. (constraint file  /home/alexey/programming/systemverilog/ethernet_image_transfer/fpga/zynq/zynq.gen/sources_1/bd/zynq/ip/zynq_processing_system7_0_0/zynq_processing_system7_0_0/zynq_processing_system7_0_0_in_context.xdc, line 48).
Applied set_property CLOCK_BUFFER_TYPE = NONE for DDR_dm[0]. (constraint file  /home/alexey/programming/systemverilog/ethernet_image_transfer/fpga/zynq/zynq.gen/sources_1/bd/zynq/ip/zynq_processing_system7_0_0/zynq_processing_system7_0_0/zynq_processing_system7_0_0_in_context.xdc, line 49).
Applied set_property IO_BUFFER_TYPE = NONE for DDR_dm[1]. (constraint file  /home/alexey/programming/systemverilog/ethernet_image_transfer/fpga/zynq/zynq.gen/sources_1/bd/zynq/ip/zynq_processing_system7_0_0/zynq_processing_system7_0_0/zynq_processing_system7_0_0_in_context.xdc, line 50).
Applied set_property CLOCK_BUFFER_TYPE = NONE for DDR_dm[1]. (constraint file  /home/alexey/programming/systemverilog/ethernet_image_transfer/fpga/zynq/zynq.gen/sources_1/bd/zynq/ip/zynq_processing_system7_0_0/zynq_processing_system7_0_0/zynq_processing_system7_0_0_in_context.xdc, line 51).
Applied set_property IO_BUFFER_TYPE = NONE for DDR_dm[2]. (constraint file  /home/alexey/programming/systemverilog/ethernet_image_transfer/fpga/zynq/zynq.gen/sources_1/bd/zynq/ip/zynq_processing_system7_0_0/zynq_processing_system7_0_0/zynq_processing_system7_0_0_in_context.xdc, line 52).
Applied set_property CLOCK_BUFFER_TYPE = NONE for DDR_dm[2]. (constraint file  /home/alexey/programming/systemverilog/ethernet_image_transfer/fpga/zynq/zynq.gen/sources_1/bd/zynq/ip/zynq_processing_system7_0_0/zynq_processing_system7_0_0/zynq_processing_system7_0_0_in_context.xdc, line 53).
Applied set_property IO_BUFFER_TYPE = NONE for DDR_dm[3]. (constraint file  /home/alexey/programming/systemverilog/ethernet_image_transfer/fpga/zynq/zynq.gen/sources_1/bd/zynq/ip/zynq_processing_system7_0_0/zynq_processing_system7_0_0/zynq_processing_system7_0_0_in_context.xdc, line 54).
Applied set_property CLOCK_BUFFER_TYPE = NONE for DDR_dm[3]. (constraint file  /home/alexey/programming/systemverilog/ethernet_image_transfer/fpga/zynq/zynq.gen/sources_1/bd/zynq/ip/zynq_processing_system7_0_0/zynq_processing_system7_0_0/zynq_processing_system7_0_0_in_context.xdc, line 55).
Applied set_property IO_BUFFER_TYPE = NONE for DDR_dqs_p[0]. (constraint file  /home/alexey/programming/systemverilog/ethernet_image_transfer/fpga/zynq/zynq.gen/sources_1/bd/zynq/ip/zynq_processing_system7_0_0/zynq_processing_system7_0_0/zynq_processing_system7_0_0_in_context.xdc, line 56).
Applied set_property CLOCK_BUFFER_TYPE = NONE for DDR_dqs_p[0]. (constraint file  /home/alexey/programming/systemverilog/ethernet_image_transfer/fpga/zynq/zynq.gen/sources_1/bd/zynq/ip/zynq_processing_system7_0_0/zynq_processing_system7_0_0/zynq_processing_system7_0_0_in_context.xdc, line 57).
Applied set_property IO_BUFFER_TYPE = NONE for DDR_dqs_p[1]. (constraint file  /home/alexey/programming/systemverilog/ethernet_image_transfer/fpga/zynq/zynq.gen/sources_1/bd/zynq/ip/zynq_processing_system7_0_0/zynq_processing_system7_0_0/zynq_processing_system7_0_0_in_context.xdc, line 58).
Applied set_property CLOCK_BUFFER_TYPE = NONE for DDR_dqs_p[1]. (constraint file  /home/alexey/programming/systemverilog/ethernet_image_transfer/fpga/zynq/zynq.gen/sources_1/bd/zynq/ip/zynq_processing_system7_0_0/zynq_processing_system7_0_0/zynq_processing_system7_0_0_in_context.xdc, line 59).
Applied set_property IO_BUFFER_TYPE = NONE for DDR_dqs_p[2]. (constraint file  /home/alexey/programming/systemverilog/ethernet_image_transfer/fpga/zynq/zynq.gen/sources_1/bd/zynq/ip/zynq_processing_system7_0_0/zynq_processing_system7_0_0/zynq_processing_system7_0_0_in_context.xdc, line 60).
Applied set_property CLOCK_BUFFER_TYPE = NONE for DDR_dqs_p[2]. (constraint file  /home/alexey/programming/systemverilog/ethernet_image_transfer/fpga/zynq/zynq.gen/sources_1/bd/zynq/ip/zynq_processing_system7_0_0/zynq_processing_system7_0_0/zynq_processing_system7_0_0_in_context.xdc, line 61).
Applied set_property IO_BUFFER_TYPE = NONE for DDR_dqs_p[3]. (constraint file  /home/alexey/programming/systemverilog/ethernet_image_transfer/fpga/zynq/zynq.gen/sources_1/bd/zynq/ip/zynq_processing_system7_0_0/zynq_processing_system7_0_0/zynq_processing_system7_0_0_in_context.xdc, line 62).
Applied set_property CLOCK_BUFFER_TYPE = NONE for DDR_dqs_p[3]. (constraint file  /home/alexey/programming/systemverilog/ethernet_image_transfer/fpga/zynq/zynq.gen/sources_1/bd/zynq/ip/zynq_processing_system7_0_0/zynq_processing_system7_0_0/zynq_processing_system7_0_0_in_context.xdc, line 63).
Applied set_property IO_BUFFER_TYPE = NONE for DDR_dqs_n[0]. (constraint file  /home/alexey/programming/systemverilog/ethernet_image_transfer/fpga/zynq/zynq.gen/sources_1/bd/zynq/ip/zynq_processing_system7_0_0/zynq_processing_system7_0_0/zynq_processing_system7_0_0_in_context.xdc, line 64).
Applied set_property CLOCK_BUFFER_TYPE = NONE for DDR_dqs_n[0]. (constraint file  /home/alexey/programming/systemverilog/ethernet_image_transfer/fpga/zynq/zynq.gen/sources_1/bd/zynq/ip/zynq_processing_system7_0_0/zynq_processing_system7_0_0/zynq_processing_system7_0_0_in_context.xdc, line 65).
Applied set_property IO_BUFFER_TYPE = NONE for DDR_dqs_n[1]. (constraint file  /home/alexey/programming/systemverilog/ethernet_image_transfer/fpga/zynq/zynq.gen/sources_1/bd/zynq/ip/zynq_processing_system7_0_0/zynq_processing_system7_0_0/zynq_processing_system7_0_0_in_context.xdc, line 66).
Applied set_property CLOCK_BUFFER_TYPE = NONE for DDR_dqs_n[1]. (constraint file  /home/alexey/programming/systemverilog/ethernet_image_transfer/fpga/zynq/zynq.gen/sources_1/bd/zynq/ip/zynq_processing_system7_0_0/zynq_processing_system7_0_0/zynq_processing_system7_0_0_in_context.xdc, line 67).
Applied set_property IO_BUFFER_TYPE = NONE for DDR_dqs_n[2]. (constraint file  /home/alexey/programming/systemverilog/ethernet_image_transfer/fpga/zynq/zynq.gen/sources_1/bd/zynq/ip/zynq_processing_system7_0_0/zynq_processing_system7_0_0/zynq_processing_system7_0_0_in_context.xdc, line 68).
Applied set_property CLOCK_BUFFER_TYPE = NONE for DDR_dqs_n[2]. (constraint file  /home/alexey/programming/systemverilog/ethernet_image_transfer/fpga/zynq/zynq.gen/sources_1/bd/zynq/ip/zynq_processing_system7_0_0/zynq_processing_system7_0_0/zynq_processing_system7_0_0_in_context.xdc, line 69).
Applied set_property IO_BUFFER_TYPE = NONE for DDR_dqs_n[3]. (constraint file  /home/alexey/programming/systemverilog/ethernet_image_transfer/fpga/zynq/zynq.gen/sources_1/bd/zynq/ip/zynq_processing_system7_0_0/zynq_processing_system7_0_0/zynq_processing_system7_0_0_in_context.xdc, line 70).
Applied set_property CLOCK_BUFFER_TYPE = NONE for DDR_dqs_n[3]. (constraint file  /home/alexey/programming/systemverilog/ethernet_image_transfer/fpga/zynq/zynq.gen/sources_1/bd/zynq/ip/zynq_processing_system7_0_0/zynq_processing_system7_0_0/zynq_processing_system7_0_0_in_context.xdc, line 71).
Applied set_property IO_BUFFER_TYPE = NONE for DDR_dq[0]. (constraint file  /home/alexey/programming/systemverilog/ethernet_image_transfer/fpga/zynq/zynq.gen/sources_1/bd/zynq/ip/zynq_processing_system7_0_0/zynq_processing_system7_0_0/zynq_processing_system7_0_0_in_context.xdc, line 72).
Applied set_property CLOCK_BUFFER_TYPE = NONE for DDR_dq[0]. (constraint file  /home/alexey/programming/systemverilog/ethernet_image_transfer/fpga/zynq/zynq.gen/sources_1/bd/zynq/ip/zynq_processing_system7_0_0/zynq_processing_system7_0_0/zynq_processing_system7_0_0_in_context.xdc, line 73).
Applied set_property IO_BUFFER_TYPE = NONE for DDR_dq[10]. (constraint file  /home/alexey/programming/systemverilog/ethernet_image_transfer/fpga/zynq/zynq.gen/sources_1/bd/zynq/ip/zynq_processing_system7_0_0/zynq_processing_system7_0_0/zynq_processing_system7_0_0_in_context.xdc, line 74).
Applied set_property CLOCK_BUFFER_TYPE = NONE for DDR_dq[10]. (constraint file  /home/alexey/programming/systemverilog/ethernet_image_transfer/fpga/zynq/zynq.gen/sources_1/bd/zynq/ip/zynq_processing_system7_0_0/zynq_processing_system7_0_0/zynq_processing_system7_0_0_in_context.xdc, line 75).
Applied set_property IO_BUFFER_TYPE = NONE for DDR_dq[11]. (constraint file  /home/alexey/programming/systemverilog/ethernet_image_transfer/fpga/zynq/zynq.gen/sources_1/bd/zynq/ip/zynq_processing_system7_0_0/zynq_processing_system7_0_0/zynq_processing_system7_0_0_in_context.xdc, line 76).
Applied set_property CLOCK_BUFFER_TYPE = NONE for DDR_dq[11]. (constraint file  /home/alexey/programming/systemverilog/ethernet_image_transfer/fpga/zynq/zynq.gen/sources_1/bd/zynq/ip/zynq_processing_system7_0_0/zynq_processing_system7_0_0/zynq_processing_system7_0_0_in_context.xdc, line 77).
Applied set_property IO_BUFFER_TYPE = NONE for DDR_dq[12]. (constraint file  /home/alexey/programming/systemverilog/ethernet_image_transfer/fpga/zynq/zynq.gen/sources_1/bd/zynq/ip/zynq_processing_system7_0_0/zynq_processing_system7_0_0/zynq_processing_system7_0_0_in_context.xdc, line 78).
Applied set_property CLOCK_BUFFER_TYPE = NONE for DDR_dq[12]. (constraint file  /home/alexey/programming/systemverilog/ethernet_image_transfer/fpga/zynq/zynq.gen/sources_1/bd/zynq/ip/zynq_processing_system7_0_0/zynq_processing_system7_0_0/zynq_processing_system7_0_0_in_context.xdc, line 79).
Applied set_property IO_BUFFER_TYPE = NONE for DDR_dq[13]. (constraint file  /home/alexey/programming/systemverilog/ethernet_image_transfer/fpga/zynq/zynq.gen/sources_1/bd/zynq/ip/zynq_processing_system7_0_0/zynq_processing_system7_0_0/zynq_processing_system7_0_0_in_context.xdc, line 80).
Applied set_property CLOCK_BUFFER_TYPE = NONE for DDR_dq[13]. (constraint file  /home/alexey/programming/systemverilog/ethernet_image_transfer/fpga/zynq/zynq.gen/sources_1/bd/zynq/ip/zynq_processing_system7_0_0/zynq_processing_system7_0_0/zynq_processing_system7_0_0_in_context.xdc, line 81).
Applied set_property IO_BUFFER_TYPE = NONE for DDR_dq[14]. (constraint file  /home/alexey/programming/systemverilog/ethernet_image_transfer/fpga/zynq/zynq.gen/sources_1/bd/zynq/ip/zynq_processing_system7_0_0/zynq_processing_system7_0_0/zynq_processing_system7_0_0_in_context.xdc, line 82).
Applied set_property CLOCK_BUFFER_TYPE = NONE for DDR_dq[14]. (constraint file  /home/alexey/programming/systemverilog/ethernet_image_transfer/fpga/zynq/zynq.gen/sources_1/bd/zynq/ip/zynq_processing_system7_0_0/zynq_processing_system7_0_0/zynq_processing_system7_0_0_in_context.xdc, line 83).
Applied set_property IO_BUFFER_TYPE = NONE for DDR_dq[15]. (constraint file  /home/alexey/programming/systemverilog/ethernet_image_transfer/fpga/zynq/zynq.gen/sources_1/bd/zynq/ip/zynq_processing_system7_0_0/zynq_processing_system7_0_0/zynq_processing_system7_0_0_in_context.xdc, line 84).
Applied set_property CLOCK_BUFFER_TYPE = NONE for DDR_dq[15]. (constraint file  /home/alexey/programming/systemverilog/ethernet_image_transfer/fpga/zynq/zynq.gen/sources_1/bd/zynq/ip/zynq_processing_system7_0_0/zynq_processing_system7_0_0/zynq_processing_system7_0_0_in_context.xdc, line 85).
Applied set_property IO_BUFFER_TYPE = NONE for DDR_dq[16]. (constraint file  /home/alexey/programming/systemverilog/ethernet_image_transfer/fpga/zynq/zynq.gen/sources_1/bd/zynq/ip/zynq_processing_system7_0_0/zynq_processing_system7_0_0/zynq_processing_system7_0_0_in_context.xdc, line 86).
Applied set_property CLOCK_BUFFER_TYPE = NONE for DDR_dq[16]. (constraint file  /home/alexey/programming/systemverilog/ethernet_image_transfer/fpga/zynq/zynq.gen/sources_1/bd/zynq/ip/zynq_processing_system7_0_0/zynq_processing_system7_0_0/zynq_processing_system7_0_0_in_context.xdc, line 87).
Applied set_property IO_BUFFER_TYPE = NONE for DDR_dq[17]. (constraint file  /home/alexey/programming/systemverilog/ethernet_image_transfer/fpga/zynq/zynq.gen/sources_1/bd/zynq/ip/zynq_processing_system7_0_0/zynq_processing_system7_0_0/zynq_processing_system7_0_0_in_context.xdc, line 88).
Applied set_property CLOCK_BUFFER_TYPE = NONE for DDR_dq[17]. (constraint file  /home/alexey/programming/systemverilog/ethernet_image_transfer/fpga/zynq/zynq.gen/sources_1/bd/zynq/ip/zynq_processing_system7_0_0/zynq_processing_system7_0_0/zynq_processing_system7_0_0_in_context.xdc, line 89).
Applied set_property IO_BUFFER_TYPE = NONE for DDR_dq[18]. (constraint file  /home/alexey/programming/systemverilog/ethernet_image_transfer/fpga/zynq/zynq.gen/sources_1/bd/zynq/ip/zynq_processing_system7_0_0/zynq_processing_system7_0_0/zynq_processing_system7_0_0_in_context.xdc, line 90).
Applied set_property CLOCK_BUFFER_TYPE = NONE for DDR_dq[18]. (constraint file  /home/alexey/programming/systemverilog/ethernet_image_transfer/fpga/zynq/zynq.gen/sources_1/bd/zynq/ip/zynq_processing_system7_0_0/zynq_processing_system7_0_0/zynq_processing_system7_0_0_in_context.xdc, line 91).
Applied set_property IO_BUFFER_TYPE = NONE for DDR_dq[19]. (constraint file  /home/alexey/programming/systemverilog/ethernet_image_transfer/fpga/zynq/zynq.gen/sources_1/bd/zynq/ip/zynq_processing_system7_0_0/zynq_processing_system7_0_0/zynq_processing_system7_0_0_in_context.xdc, line 92).
Applied set_property CLOCK_BUFFER_TYPE = NONE for DDR_dq[19]. (constraint file  /home/alexey/programming/systemverilog/ethernet_image_transfer/fpga/zynq/zynq.gen/sources_1/bd/zynq/ip/zynq_processing_system7_0_0/zynq_processing_system7_0_0/zynq_processing_system7_0_0_in_context.xdc, line 93).
Applied set_property IO_BUFFER_TYPE = NONE for DDR_dq[1]. (constraint file  /home/alexey/programming/systemverilog/ethernet_image_transfer/fpga/zynq/zynq.gen/sources_1/bd/zynq/ip/zynq_processing_system7_0_0/zynq_processing_system7_0_0/zynq_processing_system7_0_0_in_context.xdc, line 94).
Applied set_property CLOCK_BUFFER_TYPE = NONE for DDR_dq[1]. (constraint file  /home/alexey/programming/systemverilog/ethernet_image_transfer/fpga/zynq/zynq.gen/sources_1/bd/zynq/ip/zynq_processing_system7_0_0/zynq_processing_system7_0_0/zynq_processing_system7_0_0_in_context.xdc, line 95).
Applied set_property IO_BUFFER_TYPE = NONE for DDR_dq[20]. (constraint file  /home/alexey/programming/systemverilog/ethernet_image_transfer/fpga/zynq/zynq.gen/sources_1/bd/zynq/ip/zynq_processing_system7_0_0/zynq_processing_system7_0_0/zynq_processing_system7_0_0_in_context.xdc, line 96).
Applied set_property CLOCK_BUFFER_TYPE = NONE for DDR_dq[20]. (constraint file  /home/alexey/programming/systemverilog/ethernet_image_transfer/fpga/zynq/zynq.gen/sources_1/bd/zynq/ip/zynq_processing_system7_0_0/zynq_processing_system7_0_0/zynq_processing_system7_0_0_in_context.xdc, line 97).
Applied set_property IO_BUFFER_TYPE = NONE for DDR_dq[21]. (constraint file  /home/alexey/programming/systemverilog/ethernet_image_transfer/fpga/zynq/zynq.gen/sources_1/bd/zynq/ip/zynq_processing_system7_0_0/zynq_processing_system7_0_0/zynq_processing_system7_0_0_in_context.xdc, line 98).
Applied set_property CLOCK_BUFFER_TYPE = NONE for DDR_dq[21]. (constraint file  /home/alexey/programming/systemverilog/ethernet_image_transfer/fpga/zynq/zynq.gen/sources_1/bd/zynq/ip/zynq_processing_system7_0_0/zynq_processing_system7_0_0/zynq_processing_system7_0_0_in_context.xdc, line 99).
Applied set_property IO_BUFFER_TYPE = NONE for DDR_dq[22]. (constraint file  /home/alexey/programming/systemverilog/ethernet_image_transfer/fpga/zynq/zynq.gen/sources_1/bd/zynq/ip/zynq_processing_system7_0_0/zynq_processing_system7_0_0/zynq_processing_system7_0_0_in_context.xdc, line 100).
Applied set_property CLOCK_BUFFER_TYPE = NONE for DDR_dq[22]. (constraint file  /home/alexey/programming/systemverilog/ethernet_image_transfer/fpga/zynq/zynq.gen/sources_1/bd/zynq/ip/zynq_processing_system7_0_0/zynq_processing_system7_0_0/zynq_processing_system7_0_0_in_context.xdc, line 101).
Applied set_property IO_BUFFER_TYPE = NONE for DDR_dq[23]. (constraint file  /home/alexey/programming/systemverilog/ethernet_image_transfer/fpga/zynq/zynq.gen/sources_1/bd/zynq/ip/zynq_processing_system7_0_0/zynq_processing_system7_0_0/zynq_processing_system7_0_0_in_context.xdc, line 102).
Applied set_property CLOCK_BUFFER_TYPE = NONE for DDR_dq[23]. (constraint file  /home/alexey/programming/systemverilog/ethernet_image_transfer/fpga/zynq/zynq.gen/sources_1/bd/zynq/ip/zynq_processing_system7_0_0/zynq_processing_system7_0_0/zynq_processing_system7_0_0_in_context.xdc, line 103).
Applied set_property IO_BUFFER_TYPE = NONE for DDR_dq[24]. (constraint file  /home/alexey/programming/systemverilog/ethernet_image_transfer/fpga/zynq/zynq.gen/sources_1/bd/zynq/ip/zynq_processing_system7_0_0/zynq_processing_system7_0_0/zynq_processing_system7_0_0_in_context.xdc, line 104).
Applied set_property CLOCK_BUFFER_TYPE = NONE for DDR_dq[24]. (constraint file  /home/alexey/programming/systemverilog/ethernet_image_transfer/fpga/zynq/zynq.gen/sources_1/bd/zynq/ip/zynq_processing_system7_0_0/zynq_processing_system7_0_0/zynq_processing_system7_0_0_in_context.xdc, line 105).
Applied set_property IO_BUFFER_TYPE = NONE for DDR_dq[25]. (constraint file  /home/alexey/programming/systemverilog/ethernet_image_transfer/fpga/zynq/zynq.gen/sources_1/bd/zynq/ip/zynq_processing_system7_0_0/zynq_processing_system7_0_0/zynq_processing_system7_0_0_in_context.xdc, line 106).
Applied set_property CLOCK_BUFFER_TYPE = NONE for DDR_dq[25]. (constraint file  /home/alexey/programming/systemverilog/ethernet_image_transfer/fpga/zynq/zynq.gen/sources_1/bd/zynq/ip/zynq_processing_system7_0_0/zynq_processing_system7_0_0/zynq_processing_system7_0_0_in_context.xdc, line 107).
Applied set_property IO_BUFFER_TYPE = NONE for DDR_dq[26]. (constraint file  /home/alexey/programming/systemverilog/ethernet_image_transfer/fpga/zynq/zynq.gen/sources_1/bd/zynq/ip/zynq_processing_system7_0_0/zynq_processing_system7_0_0/zynq_processing_system7_0_0_in_context.xdc, line 108).
Applied set_property CLOCK_BUFFER_TYPE = NONE for DDR_dq[26]. (constraint file  /home/alexey/programming/systemverilog/ethernet_image_transfer/fpga/zynq/zynq.gen/sources_1/bd/zynq/ip/zynq_processing_system7_0_0/zynq_processing_system7_0_0/zynq_processing_system7_0_0_in_context.xdc, line 109).
Applied set_property IO_BUFFER_TYPE = NONE for DDR_dq[27]. (constraint file  /home/alexey/programming/systemverilog/ethernet_image_transfer/fpga/zynq/zynq.gen/sources_1/bd/zynq/ip/zynq_processing_system7_0_0/zynq_processing_system7_0_0/zynq_processing_system7_0_0_in_context.xdc, line 110).
Applied set_property CLOCK_BUFFER_TYPE = NONE for DDR_dq[27]. (constraint file  /home/alexey/programming/systemverilog/ethernet_image_transfer/fpga/zynq/zynq.gen/sources_1/bd/zynq/ip/zynq_processing_system7_0_0/zynq_processing_system7_0_0/zynq_processing_system7_0_0_in_context.xdc, line 111).
Applied set_property IO_BUFFER_TYPE = NONE for DDR_dq[28]. (constraint file  /home/alexey/programming/systemverilog/ethernet_image_transfer/fpga/zynq/zynq.gen/sources_1/bd/zynq/ip/zynq_processing_system7_0_0/zynq_processing_system7_0_0/zynq_processing_system7_0_0_in_context.xdc, line 112).
Applied set_property CLOCK_BUFFER_TYPE = NONE for DDR_dq[28]. (constraint file  /home/alexey/programming/systemverilog/ethernet_image_transfer/fpga/zynq/zynq.gen/sources_1/bd/zynq/ip/zynq_processing_system7_0_0/zynq_processing_system7_0_0/zynq_processing_system7_0_0_in_context.xdc, line 113).
Applied set_property IO_BUFFER_TYPE = NONE for DDR_dq[29]. (constraint file  /home/alexey/programming/systemverilog/ethernet_image_transfer/fpga/zynq/zynq.gen/sources_1/bd/zynq/ip/zynq_processing_system7_0_0/zynq_processing_system7_0_0/zynq_processing_system7_0_0_in_context.xdc, line 114).
Applied set_property CLOCK_BUFFER_TYPE = NONE for DDR_dq[29]. (constraint file  /home/alexey/programming/systemverilog/ethernet_image_transfer/fpga/zynq/zynq.gen/sources_1/bd/zynq/ip/zynq_processing_system7_0_0/zynq_processing_system7_0_0/zynq_processing_system7_0_0_in_context.xdc, line 115).
Applied set_property IO_BUFFER_TYPE = NONE for DDR_dq[2]. (constraint file  /home/alexey/programming/systemverilog/ethernet_image_transfer/fpga/zynq/zynq.gen/sources_1/bd/zynq/ip/zynq_processing_system7_0_0/zynq_processing_system7_0_0/zynq_processing_system7_0_0_in_context.xdc, line 116).
Applied set_property CLOCK_BUFFER_TYPE = NONE for DDR_dq[2]. (constraint file  /home/alexey/programming/systemverilog/ethernet_image_transfer/fpga/zynq/zynq.gen/sources_1/bd/zynq/ip/zynq_processing_system7_0_0/zynq_processing_system7_0_0/zynq_processing_system7_0_0_in_context.xdc, line 117).
Applied set_property IO_BUFFER_TYPE = NONE for DDR_dq[30]. (constraint file  /home/alexey/programming/systemverilog/ethernet_image_transfer/fpga/zynq/zynq.gen/sources_1/bd/zynq/ip/zynq_processing_system7_0_0/zynq_processing_system7_0_0/zynq_processing_system7_0_0_in_context.xdc, line 118).
Applied set_property CLOCK_BUFFER_TYPE = NONE for DDR_dq[30]. (constraint file  /home/alexey/programming/systemverilog/ethernet_image_transfer/fpga/zynq/zynq.gen/sources_1/bd/zynq/ip/zynq_processing_system7_0_0/zynq_processing_system7_0_0/zynq_processing_system7_0_0_in_context.xdc, line 119).
Applied set_property IO_BUFFER_TYPE = NONE for DDR_dq[31]. (constraint file  /home/alexey/programming/systemverilog/ethernet_image_transfer/fpga/zynq/zynq.gen/sources_1/bd/zynq/ip/zynq_processing_system7_0_0/zynq_processing_system7_0_0/zynq_processing_system7_0_0_in_context.xdc, line 120).
Applied set_property CLOCK_BUFFER_TYPE = NONE for DDR_dq[31]. (constraint file  /home/alexey/programming/systemverilog/ethernet_image_transfer/fpga/zynq/zynq.gen/sources_1/bd/zynq/ip/zynq_processing_system7_0_0/zynq_processing_system7_0_0/zynq_processing_system7_0_0_in_context.xdc, line 121).
Applied set_property IO_BUFFER_TYPE = NONE for DDR_dq[3]. (constraint file  /home/alexey/programming/systemverilog/ethernet_image_transfer/fpga/zynq/zynq.gen/sources_1/bd/zynq/ip/zynq_processing_system7_0_0/zynq_processing_system7_0_0/zynq_processing_system7_0_0_in_context.xdc, line 122).
Applied set_property CLOCK_BUFFER_TYPE = NONE for DDR_dq[3]. (constraint file  /home/alexey/programming/systemverilog/ethernet_image_transfer/fpga/zynq/zynq.gen/sources_1/bd/zynq/ip/zynq_processing_system7_0_0/zynq_processing_system7_0_0/zynq_processing_system7_0_0_in_context.xdc, line 123).
Applied set_property IO_BUFFER_TYPE = NONE for DDR_dq[4]. (constraint file  /home/alexey/programming/systemverilog/ethernet_image_transfer/fpga/zynq/zynq.gen/sources_1/bd/zynq/ip/zynq_processing_system7_0_0/zynq_processing_system7_0_0/zynq_processing_system7_0_0_in_context.xdc, line 124).
Applied set_property CLOCK_BUFFER_TYPE = NONE for DDR_dq[4]. (constraint file  /home/alexey/programming/systemverilog/ethernet_image_transfer/fpga/zynq/zynq.gen/sources_1/bd/zynq/ip/zynq_processing_system7_0_0/zynq_processing_system7_0_0/zynq_processing_system7_0_0_in_context.xdc, line 125).
Applied set_property IO_BUFFER_TYPE = NONE for DDR_dq[5]. (constraint file  /home/alexey/programming/systemverilog/ethernet_image_transfer/fpga/zynq/zynq.gen/sources_1/bd/zynq/ip/zynq_processing_system7_0_0/zynq_processing_system7_0_0/zynq_processing_system7_0_0_in_context.xdc, line 126).
Applied set_property CLOCK_BUFFER_TYPE = NONE for DDR_dq[5]. (constraint file  /home/alexey/programming/systemverilog/ethernet_image_transfer/fpga/zynq/zynq.gen/sources_1/bd/zynq/ip/zynq_processing_system7_0_0/zynq_processing_system7_0_0/zynq_processing_system7_0_0_in_context.xdc, line 127).
Applied set_property IO_BUFFER_TYPE = NONE for DDR_dq[6]. (constraint file  /home/alexey/programming/systemverilog/ethernet_image_transfer/fpga/zynq/zynq.gen/sources_1/bd/zynq/ip/zynq_processing_system7_0_0/zynq_processing_system7_0_0/zynq_processing_system7_0_0_in_context.xdc, line 128).
Applied set_property CLOCK_BUFFER_TYPE = NONE for DDR_dq[6]. (constraint file  /home/alexey/programming/systemverilog/ethernet_image_transfer/fpga/zynq/zynq.gen/sources_1/bd/zynq/ip/zynq_processing_system7_0_0/zynq_processing_system7_0_0/zynq_processing_system7_0_0_in_context.xdc, line 129).
Applied set_property IO_BUFFER_TYPE = NONE for DDR_dq[7]. (constraint file  /home/alexey/programming/systemverilog/ethernet_image_transfer/fpga/zynq/zynq.gen/sources_1/bd/zynq/ip/zynq_processing_system7_0_0/zynq_processing_system7_0_0/zynq_processing_system7_0_0_in_context.xdc, line 130).
Applied set_property CLOCK_BUFFER_TYPE = NONE for DDR_dq[7]. (constraint file  /home/alexey/programming/systemverilog/ethernet_image_transfer/fpga/zynq/zynq.gen/sources_1/bd/zynq/ip/zynq_processing_system7_0_0/zynq_processing_system7_0_0/zynq_processing_system7_0_0_in_context.xdc, line 131).
Applied set_property IO_BUFFER_TYPE = NONE for DDR_dq[8]. (constraint file  /home/alexey/programming/systemverilog/ethernet_image_transfer/fpga/zynq/zynq.gen/sources_1/bd/zynq/ip/zynq_processing_system7_0_0/zynq_processing_system7_0_0/zynq_processing_system7_0_0_in_context.xdc, line 132).
Applied set_property CLOCK_BUFFER_TYPE = NONE for DDR_dq[8]. (constraint file  /home/alexey/programming/systemverilog/ethernet_image_transfer/fpga/zynq/zynq.gen/sources_1/bd/zynq/ip/zynq_processing_system7_0_0/zynq_processing_system7_0_0/zynq_processing_system7_0_0_in_context.xdc, line 133).
Applied set_property IO_BUFFER_TYPE = NONE for DDR_dq[9]. (constraint file  /home/alexey/programming/systemverilog/ethernet_image_transfer/fpga/zynq/zynq.gen/sources_1/bd/zynq/ip/zynq_processing_system7_0_0/zynq_processing_system7_0_0/zynq_processing_system7_0_0_in_context.xdc, line 134).
Applied set_property CLOCK_BUFFER_TYPE = NONE for DDR_dq[9]. (constraint file  /home/alexey/programming/systemverilog/ethernet_image_transfer/fpga/zynq/zynq.gen/sources_1/bd/zynq/ip/zynq_processing_system7_0_0/zynq_processing_system7_0_0/zynq_processing_system7_0_0_in_context.xdc, line 135).
Applied set_property IO_BUFFER_TYPE = NONE for DDR_reset_n. (constraint file  /home/alexey/programming/systemverilog/ethernet_image_transfer/fpga/zynq/zynq.gen/sources_1/bd/zynq/ip/zynq_processing_system7_0_0/zynq_processing_system7_0_0/zynq_processing_system7_0_0_in_context.xdc, line 136).
Applied set_property CLOCK_BUFFER_TYPE = NONE for DDR_reset_n. (constraint file  /home/alexey/programming/systemverilog/ethernet_image_transfer/fpga/zynq/zynq.gen/sources_1/bd/zynq/ip/zynq_processing_system7_0_0/zynq_processing_system7_0_0/zynq_processing_system7_0_0_in_context.xdc, line 137).
Applied set_property IO_BUFFER_TYPE = NONE for DDR_odt. (constraint file  /home/alexey/programming/systemverilog/ethernet_image_transfer/fpga/zynq/zynq.gen/sources_1/bd/zynq/ip/zynq_processing_system7_0_0/zynq_processing_system7_0_0/zynq_processing_system7_0_0_in_context.xdc, line 138).
Applied set_property CLOCK_BUFFER_TYPE = NONE for DDR_odt. (constraint file  /home/alexey/programming/systemverilog/ethernet_image_transfer/fpga/zynq/zynq.gen/sources_1/bd/zynq/ip/zynq_processing_system7_0_0/zynq_processing_system7_0_0/zynq_processing_system7_0_0_in_context.xdc, line 139).
Applied set_property IO_BUFFER_TYPE = NONE for DDR_ras_n. (constraint file  /home/alexey/programming/systemverilog/ethernet_image_transfer/fpga/zynq/zynq.gen/sources_1/bd/zynq/ip/zynq_processing_system7_0_0/zynq_processing_system7_0_0/zynq_processing_system7_0_0_in_context.xdc, line 140).
Applied set_property CLOCK_BUFFER_TYPE = NONE for DDR_ras_n. (constraint file  /home/alexey/programming/systemverilog/ethernet_image_transfer/fpga/zynq/zynq.gen/sources_1/bd/zynq/ip/zynq_processing_system7_0_0/zynq_processing_system7_0_0/zynq_processing_system7_0_0_in_context.xdc, line 141).
Applied set_property IO_BUFFER_TYPE = NONE for FIXED_IO_ddr_vrn. (constraint file  /home/alexey/programming/systemverilog/ethernet_image_transfer/fpga/zynq/zynq.gen/sources_1/bd/zynq/ip/zynq_processing_system7_0_0/zynq_processing_system7_0_0/zynq_processing_system7_0_0_in_context.xdc, line 142).
Applied set_property CLOCK_BUFFER_TYPE = NONE for FIXED_IO_ddr_vrn. (constraint file  /home/alexey/programming/systemverilog/ethernet_image_transfer/fpga/zynq/zynq.gen/sources_1/bd/zynq/ip/zynq_processing_system7_0_0/zynq_processing_system7_0_0/zynq_processing_system7_0_0_in_context.xdc, line 143).
Applied set_property IO_BUFFER_TYPE = NONE for FIXED_IO_ddr_vrp. (constraint file  /home/alexey/programming/systemverilog/ethernet_image_transfer/fpga/zynq/zynq.gen/sources_1/bd/zynq/ip/zynq_processing_system7_0_0/zynq_processing_system7_0_0/zynq_processing_system7_0_0_in_context.xdc, line 144).
Applied set_property CLOCK_BUFFER_TYPE = NONE for FIXED_IO_ddr_vrp. (constraint file  /home/alexey/programming/systemverilog/ethernet_image_transfer/fpga/zynq/zynq.gen/sources_1/bd/zynq/ip/zynq_processing_system7_0_0/zynq_processing_system7_0_0/zynq_processing_system7_0_0_in_context.xdc, line 145).
Applied set_property IO_BUFFER_TYPE = NONE for DDR_we_n. (constraint file  /home/alexey/programming/systemverilog/ethernet_image_transfer/fpga/zynq/zynq.gen/sources_1/bd/zynq/ip/zynq_processing_system7_0_0/zynq_processing_system7_0_0/zynq_processing_system7_0_0_in_context.xdc, line 146).
Applied set_property CLOCK_BUFFER_TYPE = NONE for DDR_we_n. (constraint file  /home/alexey/programming/systemverilog/ethernet_image_transfer/fpga/zynq/zynq.gen/sources_1/bd/zynq/ip/zynq_processing_system7_0_0/zynq_processing_system7_0_0/zynq_processing_system7_0_0_in_context.xdc, line 147).
Applied set_property IO_BUFFER_TYPE = NONE for FIXED_IO_mio[0]. (constraint file  /home/alexey/programming/systemverilog/ethernet_image_transfer/fpga/zynq/zynq.gen/sources_1/bd/zynq/ip/zynq_processing_system7_0_0/zynq_processing_system7_0_0/zynq_processing_system7_0_0_in_context.xdc, line 148).
Applied set_property CLOCK_BUFFER_TYPE = NONE for FIXED_IO_mio[0]. (constraint file  /home/alexey/programming/systemverilog/ethernet_image_transfer/fpga/zynq/zynq.gen/sources_1/bd/zynq/ip/zynq_processing_system7_0_0/zynq_processing_system7_0_0/zynq_processing_system7_0_0_in_context.xdc, line 149).
Applied set_property IO_BUFFER_TYPE = NONE for FIXED_IO_mio[10]. (constraint file  /home/alexey/programming/systemverilog/ethernet_image_transfer/fpga/zynq/zynq.gen/sources_1/bd/zynq/ip/zynq_processing_system7_0_0/zynq_processing_system7_0_0/zynq_processing_system7_0_0_in_context.xdc, line 150).
Applied set_property CLOCK_BUFFER_TYPE = NONE for FIXED_IO_mio[10]. (constraint file  /home/alexey/programming/systemverilog/ethernet_image_transfer/fpga/zynq/zynq.gen/sources_1/bd/zynq/ip/zynq_processing_system7_0_0/zynq_processing_system7_0_0/zynq_processing_system7_0_0_in_context.xdc, line 151).
Applied set_property IO_BUFFER_TYPE = NONE for FIXED_IO_mio[11]. (constraint file  /home/alexey/programming/systemverilog/ethernet_image_transfer/fpga/zynq/zynq.gen/sources_1/bd/zynq/ip/zynq_processing_system7_0_0/zynq_processing_system7_0_0/zynq_processing_system7_0_0_in_context.xdc, line 152).
Applied set_property CLOCK_BUFFER_TYPE = NONE for FIXED_IO_mio[11]. (constraint file  /home/alexey/programming/systemverilog/ethernet_image_transfer/fpga/zynq/zynq.gen/sources_1/bd/zynq/ip/zynq_processing_system7_0_0/zynq_processing_system7_0_0/zynq_processing_system7_0_0_in_context.xdc, line 153).
Applied set_property IO_BUFFER_TYPE = NONE for FIXED_IO_mio[12]. (constraint file  /home/alexey/programming/systemverilog/ethernet_image_transfer/fpga/zynq/zynq.gen/sources_1/bd/zynq/ip/zynq_processing_system7_0_0/zynq_processing_system7_0_0/zynq_processing_system7_0_0_in_context.xdc, line 154).
Applied set_property CLOCK_BUFFER_TYPE = NONE for FIXED_IO_mio[12]. (constraint file  /home/alexey/programming/systemverilog/ethernet_image_transfer/fpga/zynq/zynq.gen/sources_1/bd/zynq/ip/zynq_processing_system7_0_0/zynq_processing_system7_0_0/zynq_processing_system7_0_0_in_context.xdc, line 155).
Applied set_property IO_BUFFER_TYPE = NONE for FIXED_IO_mio[13]. (constraint file  /home/alexey/programming/systemverilog/ethernet_image_transfer/fpga/zynq/zynq.gen/sources_1/bd/zynq/ip/zynq_processing_system7_0_0/zynq_processing_system7_0_0/zynq_processing_system7_0_0_in_context.xdc, line 156).
Applied set_property CLOCK_BUFFER_TYPE = NONE for FIXED_IO_mio[13]. (constraint file  /home/alexey/programming/systemverilog/ethernet_image_transfer/fpga/zynq/zynq.gen/sources_1/bd/zynq/ip/zynq_processing_system7_0_0/zynq_processing_system7_0_0/zynq_processing_system7_0_0_in_context.xdc, line 157).
Applied set_property IO_BUFFER_TYPE = NONE for FIXED_IO_mio[14]. (constraint file  /home/alexey/programming/systemverilog/ethernet_image_transfer/fpga/zynq/zynq.gen/sources_1/bd/zynq/ip/zynq_processing_system7_0_0/zynq_processing_system7_0_0/zynq_processing_system7_0_0_in_context.xdc, line 158).
Applied set_property CLOCK_BUFFER_TYPE = NONE for FIXED_IO_mio[14]. (constraint file  /home/alexey/programming/systemverilog/ethernet_image_transfer/fpga/zynq/zynq.gen/sources_1/bd/zynq/ip/zynq_processing_system7_0_0/zynq_processing_system7_0_0/zynq_processing_system7_0_0_in_context.xdc, line 159).
Applied set_property IO_BUFFER_TYPE = NONE for FIXED_IO_mio[15]. (constraint file  /home/alexey/programming/systemverilog/ethernet_image_transfer/fpga/zynq/zynq.gen/sources_1/bd/zynq/ip/zynq_processing_system7_0_0/zynq_processing_system7_0_0/zynq_processing_system7_0_0_in_context.xdc, line 160).
Applied set_property CLOCK_BUFFER_TYPE = NONE for FIXED_IO_mio[15]. (constraint file  /home/alexey/programming/systemverilog/ethernet_image_transfer/fpga/zynq/zynq.gen/sources_1/bd/zynq/ip/zynq_processing_system7_0_0/zynq_processing_system7_0_0/zynq_processing_system7_0_0_in_context.xdc, line 161).
Applied set_property IO_BUFFER_TYPE = NONE for FIXED_IO_mio[16]. (constraint file  /home/alexey/programming/systemverilog/ethernet_image_transfer/fpga/zynq/zynq.gen/sources_1/bd/zynq/ip/zynq_processing_system7_0_0/zynq_processing_system7_0_0/zynq_processing_system7_0_0_in_context.xdc, line 162).
Applied set_property CLOCK_BUFFER_TYPE = NONE for FIXED_IO_mio[16]. (constraint file  /home/alexey/programming/systemverilog/ethernet_image_transfer/fpga/zynq/zynq.gen/sources_1/bd/zynq/ip/zynq_processing_system7_0_0/zynq_processing_system7_0_0/zynq_processing_system7_0_0_in_context.xdc, line 163).
Applied set_property IO_BUFFER_TYPE = NONE for FIXED_IO_mio[17]. (constraint file  /home/alexey/programming/systemverilog/ethernet_image_transfer/fpga/zynq/zynq.gen/sources_1/bd/zynq/ip/zynq_processing_system7_0_0/zynq_processing_system7_0_0/zynq_processing_system7_0_0_in_context.xdc, line 164).
Applied set_property CLOCK_BUFFER_TYPE = NONE for FIXED_IO_mio[17]. (constraint file  /home/alexey/programming/systemverilog/ethernet_image_transfer/fpga/zynq/zynq.gen/sources_1/bd/zynq/ip/zynq_processing_system7_0_0/zynq_processing_system7_0_0/zynq_processing_system7_0_0_in_context.xdc, line 165).
Applied set_property IO_BUFFER_TYPE = NONE for FIXED_IO_mio[18]. (constraint file  /home/alexey/programming/systemverilog/ethernet_image_transfer/fpga/zynq/zynq.gen/sources_1/bd/zynq/ip/zynq_processing_system7_0_0/zynq_processing_system7_0_0/zynq_processing_system7_0_0_in_context.xdc, line 166).
Applied set_property CLOCK_BUFFER_TYPE = NONE for FIXED_IO_mio[18]. (constraint file  /home/alexey/programming/systemverilog/ethernet_image_transfer/fpga/zynq/zynq.gen/sources_1/bd/zynq/ip/zynq_processing_system7_0_0/zynq_processing_system7_0_0/zynq_processing_system7_0_0_in_context.xdc, line 167).
Applied set_property IO_BUFFER_TYPE = NONE for FIXED_IO_mio[19]. (constraint file  /home/alexey/programming/systemverilog/ethernet_image_transfer/fpga/zynq/zynq.gen/sources_1/bd/zynq/ip/zynq_processing_system7_0_0/zynq_processing_system7_0_0/zynq_processing_system7_0_0_in_context.xdc, line 168).
Applied set_property CLOCK_BUFFER_TYPE = NONE for FIXED_IO_mio[19]. (constraint file  /home/alexey/programming/systemverilog/ethernet_image_transfer/fpga/zynq/zynq.gen/sources_1/bd/zynq/ip/zynq_processing_system7_0_0/zynq_processing_system7_0_0/zynq_processing_system7_0_0_in_context.xdc, line 169).
Applied set_property IO_BUFFER_TYPE = NONE for FIXED_IO_mio[1]. (constraint file  /home/alexey/programming/systemverilog/ethernet_image_transfer/fpga/zynq/zynq.gen/sources_1/bd/zynq/ip/zynq_processing_system7_0_0/zynq_processing_system7_0_0/zynq_processing_system7_0_0_in_context.xdc, line 170).
Applied set_property CLOCK_BUFFER_TYPE = NONE for FIXED_IO_mio[1]. (constraint file  /home/alexey/programming/systemverilog/ethernet_image_transfer/fpga/zynq/zynq.gen/sources_1/bd/zynq/ip/zynq_processing_system7_0_0/zynq_processing_system7_0_0/zynq_processing_system7_0_0_in_context.xdc, line 171).
Applied set_property IO_BUFFER_TYPE = NONE for FIXED_IO_mio[20]. (constraint file  /home/alexey/programming/systemverilog/ethernet_image_transfer/fpga/zynq/zynq.gen/sources_1/bd/zynq/ip/zynq_processing_system7_0_0/zynq_processing_system7_0_0/zynq_processing_system7_0_0_in_context.xdc, line 172).
Applied set_property CLOCK_BUFFER_TYPE = NONE for FIXED_IO_mio[20]. (constraint file  /home/alexey/programming/systemverilog/ethernet_image_transfer/fpga/zynq/zynq.gen/sources_1/bd/zynq/ip/zynq_processing_system7_0_0/zynq_processing_system7_0_0/zynq_processing_system7_0_0_in_context.xdc, line 173).
Applied set_property IO_BUFFER_TYPE = NONE for FIXED_IO_mio[21]. (constraint file  /home/alexey/programming/systemverilog/ethernet_image_transfer/fpga/zynq/zynq.gen/sources_1/bd/zynq/ip/zynq_processing_system7_0_0/zynq_processing_system7_0_0/zynq_processing_system7_0_0_in_context.xdc, line 174).
Applied set_property CLOCK_BUFFER_TYPE = NONE for FIXED_IO_mio[21]. (constraint file  /home/alexey/programming/systemverilog/ethernet_image_transfer/fpga/zynq/zynq.gen/sources_1/bd/zynq/ip/zynq_processing_system7_0_0/zynq_processing_system7_0_0/zynq_processing_system7_0_0_in_context.xdc, line 175).
Applied set_property IO_BUFFER_TYPE = NONE for FIXED_IO_mio[22]. (constraint file  /home/alexey/programming/systemverilog/ethernet_image_transfer/fpga/zynq/zynq.gen/sources_1/bd/zynq/ip/zynq_processing_system7_0_0/zynq_processing_system7_0_0/zynq_processing_system7_0_0_in_context.xdc, line 176).
Applied set_property CLOCK_BUFFER_TYPE = NONE for FIXED_IO_mio[22]. (constraint file  /home/alexey/programming/systemverilog/ethernet_image_transfer/fpga/zynq/zynq.gen/sources_1/bd/zynq/ip/zynq_processing_system7_0_0/zynq_processing_system7_0_0/zynq_processing_system7_0_0_in_context.xdc, line 177).
Applied set_property IO_BUFFER_TYPE = NONE for FIXED_IO_mio[23]. (constraint file  /home/alexey/programming/systemverilog/ethernet_image_transfer/fpga/zynq/zynq.gen/sources_1/bd/zynq/ip/zynq_processing_system7_0_0/zynq_processing_system7_0_0/zynq_processing_system7_0_0_in_context.xdc, line 178).
Applied set_property CLOCK_BUFFER_TYPE = NONE for FIXED_IO_mio[23]. (constraint file  /home/alexey/programming/systemverilog/ethernet_image_transfer/fpga/zynq/zynq.gen/sources_1/bd/zynq/ip/zynq_processing_system7_0_0/zynq_processing_system7_0_0/zynq_processing_system7_0_0_in_context.xdc, line 179).
Applied set_property IO_BUFFER_TYPE = NONE for FIXED_IO_mio[24]. (constraint file  /home/alexey/programming/systemverilog/ethernet_image_transfer/fpga/zynq/zynq.gen/sources_1/bd/zynq/ip/zynq_processing_system7_0_0/zynq_processing_system7_0_0/zynq_processing_system7_0_0_in_context.xdc, line 180).
Applied set_property CLOCK_BUFFER_TYPE = NONE for FIXED_IO_mio[24]. (constraint file  /home/alexey/programming/systemverilog/ethernet_image_transfer/fpga/zynq/zynq.gen/sources_1/bd/zynq/ip/zynq_processing_system7_0_0/zynq_processing_system7_0_0/zynq_processing_system7_0_0_in_context.xdc, line 181).
Applied set_property IO_BUFFER_TYPE = NONE for FIXED_IO_mio[25]. (constraint file  /home/alexey/programming/systemverilog/ethernet_image_transfer/fpga/zynq/zynq.gen/sources_1/bd/zynq/ip/zynq_processing_system7_0_0/zynq_processing_system7_0_0/zynq_processing_system7_0_0_in_context.xdc, line 182).
Applied set_property CLOCK_BUFFER_TYPE = NONE for FIXED_IO_mio[25]. (constraint file  /home/alexey/programming/systemverilog/ethernet_image_transfer/fpga/zynq/zynq.gen/sources_1/bd/zynq/ip/zynq_processing_system7_0_0/zynq_processing_system7_0_0/zynq_processing_system7_0_0_in_context.xdc, line 183).
Applied set_property IO_BUFFER_TYPE = NONE for FIXED_IO_mio[26]. (constraint file  /home/alexey/programming/systemverilog/ethernet_image_transfer/fpga/zynq/zynq.gen/sources_1/bd/zynq/ip/zynq_processing_system7_0_0/zynq_processing_system7_0_0/zynq_processing_system7_0_0_in_context.xdc, line 184).
Applied set_property CLOCK_BUFFER_TYPE = NONE for FIXED_IO_mio[26]. (constraint file  /home/alexey/programming/systemverilog/ethernet_image_transfer/fpga/zynq/zynq.gen/sources_1/bd/zynq/ip/zynq_processing_system7_0_0/zynq_processing_system7_0_0/zynq_processing_system7_0_0_in_context.xdc, line 185).
Applied set_property IO_BUFFER_TYPE = NONE for FIXED_IO_mio[27]. (constraint file  /home/alexey/programming/systemverilog/ethernet_image_transfer/fpga/zynq/zynq.gen/sources_1/bd/zynq/ip/zynq_processing_system7_0_0/zynq_processing_system7_0_0/zynq_processing_system7_0_0_in_context.xdc, line 186).
Applied set_property CLOCK_BUFFER_TYPE = NONE for FIXED_IO_mio[27]. (constraint file  /home/alexey/programming/systemverilog/ethernet_image_transfer/fpga/zynq/zynq.gen/sources_1/bd/zynq/ip/zynq_processing_system7_0_0/zynq_processing_system7_0_0/zynq_processing_system7_0_0_in_context.xdc, line 187).
Applied set_property IO_BUFFER_TYPE = NONE for FIXED_IO_mio[28]. (constraint file  /home/alexey/programming/systemverilog/ethernet_image_transfer/fpga/zynq/zynq.gen/sources_1/bd/zynq/ip/zynq_processing_system7_0_0/zynq_processing_system7_0_0/zynq_processing_system7_0_0_in_context.xdc, line 188).
Applied set_property CLOCK_BUFFER_TYPE = NONE for FIXED_IO_mio[28]. (constraint file  /home/alexey/programming/systemverilog/ethernet_image_transfer/fpga/zynq/zynq.gen/sources_1/bd/zynq/ip/zynq_processing_system7_0_0/zynq_processing_system7_0_0/zynq_processing_system7_0_0_in_context.xdc, line 189).
Applied set_property IO_BUFFER_TYPE = NONE for FIXED_IO_mio[29]. (constraint file  /home/alexey/programming/systemverilog/ethernet_image_transfer/fpga/zynq/zynq.gen/sources_1/bd/zynq/ip/zynq_processing_system7_0_0/zynq_processing_system7_0_0/zynq_processing_system7_0_0_in_context.xdc, line 190).
Applied set_property CLOCK_BUFFER_TYPE = NONE for FIXED_IO_mio[29]. (constraint file  /home/alexey/programming/systemverilog/ethernet_image_transfer/fpga/zynq/zynq.gen/sources_1/bd/zynq/ip/zynq_processing_system7_0_0/zynq_processing_system7_0_0/zynq_processing_system7_0_0_in_context.xdc, line 191).
Applied set_property IO_BUFFER_TYPE = NONE for FIXED_IO_mio[2]. (constraint file  /home/alexey/programming/systemverilog/ethernet_image_transfer/fpga/zynq/zynq.gen/sources_1/bd/zynq/ip/zynq_processing_system7_0_0/zynq_processing_system7_0_0/zynq_processing_system7_0_0_in_context.xdc, line 192).
Applied set_property CLOCK_BUFFER_TYPE = NONE for FIXED_IO_mio[2]. (constraint file  /home/alexey/programming/systemverilog/ethernet_image_transfer/fpga/zynq/zynq.gen/sources_1/bd/zynq/ip/zynq_processing_system7_0_0/zynq_processing_system7_0_0/zynq_processing_system7_0_0_in_context.xdc, line 193).
Applied set_property IO_BUFFER_TYPE = NONE for FIXED_IO_mio[30]. (constraint file  /home/alexey/programming/systemverilog/ethernet_image_transfer/fpga/zynq/zynq.gen/sources_1/bd/zynq/ip/zynq_processing_system7_0_0/zynq_processing_system7_0_0/zynq_processing_system7_0_0_in_context.xdc, line 194).
Applied set_property CLOCK_BUFFER_TYPE = NONE for FIXED_IO_mio[30]. (constraint file  /home/alexey/programming/systemverilog/ethernet_image_transfer/fpga/zynq/zynq.gen/sources_1/bd/zynq/ip/zynq_processing_system7_0_0/zynq_processing_system7_0_0/zynq_processing_system7_0_0_in_context.xdc, line 195).
Applied set_property IO_BUFFER_TYPE = NONE for FIXED_IO_mio[31]. (constraint file  /home/alexey/programming/systemverilog/ethernet_image_transfer/fpga/zynq/zynq.gen/sources_1/bd/zynq/ip/zynq_processing_system7_0_0/zynq_processing_system7_0_0/zynq_processing_system7_0_0_in_context.xdc, line 196).
Applied set_property CLOCK_BUFFER_TYPE = NONE for FIXED_IO_mio[31]. (constraint file  /home/alexey/programming/systemverilog/ethernet_image_transfer/fpga/zynq/zynq.gen/sources_1/bd/zynq/ip/zynq_processing_system7_0_0/zynq_processing_system7_0_0/zynq_processing_system7_0_0_in_context.xdc, line 197).
Applied set_property IO_BUFFER_TYPE = NONE for FIXED_IO_mio[32]. (constraint file  /home/alexey/programming/systemverilog/ethernet_image_transfer/fpga/zynq/zynq.gen/sources_1/bd/zynq/ip/zynq_processing_system7_0_0/zynq_processing_system7_0_0/zynq_processing_system7_0_0_in_context.xdc, line 198).
Applied set_property CLOCK_BUFFER_TYPE = NONE for FIXED_IO_mio[32]. (constraint file  /home/alexey/programming/systemverilog/ethernet_image_transfer/fpga/zynq/zynq.gen/sources_1/bd/zynq/ip/zynq_processing_system7_0_0/zynq_processing_system7_0_0/zynq_processing_system7_0_0_in_context.xdc, line 199).
Applied set_property IO_BUFFER_TYPE = NONE for FIXED_IO_mio[33]. (constraint file  /home/alexey/programming/systemverilog/ethernet_image_transfer/fpga/zynq/zynq.gen/sources_1/bd/zynq/ip/zynq_processing_system7_0_0/zynq_processing_system7_0_0/zynq_processing_system7_0_0_in_context.xdc, line 200).
Applied set_property CLOCK_BUFFER_TYPE = NONE for FIXED_IO_mio[33]. (constraint file  /home/alexey/programming/systemverilog/ethernet_image_transfer/fpga/zynq/zynq.gen/sources_1/bd/zynq/ip/zynq_processing_system7_0_0/zynq_processing_system7_0_0/zynq_processing_system7_0_0_in_context.xdc, line 201).
Applied set_property IO_BUFFER_TYPE = NONE for FIXED_IO_mio[34]. (constraint file  /home/alexey/programming/systemverilog/ethernet_image_transfer/fpga/zynq/zynq.gen/sources_1/bd/zynq/ip/zynq_processing_system7_0_0/zynq_processing_system7_0_0/zynq_processing_system7_0_0_in_context.xdc, line 202).
Applied set_property CLOCK_BUFFER_TYPE = NONE for FIXED_IO_mio[34]. (constraint file  /home/alexey/programming/systemverilog/ethernet_image_transfer/fpga/zynq/zynq.gen/sources_1/bd/zynq/ip/zynq_processing_system7_0_0/zynq_processing_system7_0_0/zynq_processing_system7_0_0_in_context.xdc, line 203).
Applied set_property IO_BUFFER_TYPE = NONE for FIXED_IO_mio[35]. (constraint file  /home/alexey/programming/systemverilog/ethernet_image_transfer/fpga/zynq/zynq.gen/sources_1/bd/zynq/ip/zynq_processing_system7_0_0/zynq_processing_system7_0_0/zynq_processing_system7_0_0_in_context.xdc, line 204).
Applied set_property CLOCK_BUFFER_TYPE = NONE for FIXED_IO_mio[35]. (constraint file  /home/alexey/programming/systemverilog/ethernet_image_transfer/fpga/zynq/zynq.gen/sources_1/bd/zynq/ip/zynq_processing_system7_0_0/zynq_processing_system7_0_0/zynq_processing_system7_0_0_in_context.xdc, line 205).
Applied set_property IO_BUFFER_TYPE = NONE for FIXED_IO_mio[36]. (constraint file  /home/alexey/programming/systemverilog/ethernet_image_transfer/fpga/zynq/zynq.gen/sources_1/bd/zynq/ip/zynq_processing_system7_0_0/zynq_processing_system7_0_0/zynq_processing_system7_0_0_in_context.xdc, line 206).
Applied set_property CLOCK_BUFFER_TYPE = NONE for FIXED_IO_mio[36]. (constraint file  /home/alexey/programming/systemverilog/ethernet_image_transfer/fpga/zynq/zynq.gen/sources_1/bd/zynq/ip/zynq_processing_system7_0_0/zynq_processing_system7_0_0/zynq_processing_system7_0_0_in_context.xdc, line 207).
Applied set_property IO_BUFFER_TYPE = NONE for FIXED_IO_mio[37]. (constraint file  /home/alexey/programming/systemverilog/ethernet_image_transfer/fpga/zynq/zynq.gen/sources_1/bd/zynq/ip/zynq_processing_system7_0_0/zynq_processing_system7_0_0/zynq_processing_system7_0_0_in_context.xdc, line 208).
Applied set_property CLOCK_BUFFER_TYPE = NONE for FIXED_IO_mio[37]. (constraint file  /home/alexey/programming/systemverilog/ethernet_image_transfer/fpga/zynq/zynq.gen/sources_1/bd/zynq/ip/zynq_processing_system7_0_0/zynq_processing_system7_0_0/zynq_processing_system7_0_0_in_context.xdc, line 209).
Applied set_property IO_BUFFER_TYPE = NONE for FIXED_IO_mio[38]. (constraint file  /home/alexey/programming/systemverilog/ethernet_image_transfer/fpga/zynq/zynq.gen/sources_1/bd/zynq/ip/zynq_processing_system7_0_0/zynq_processing_system7_0_0/zynq_processing_system7_0_0_in_context.xdc, line 210).
Applied set_property CLOCK_BUFFER_TYPE = NONE for FIXED_IO_mio[38]. (constraint file  /home/alexey/programming/systemverilog/ethernet_image_transfer/fpga/zynq/zynq.gen/sources_1/bd/zynq/ip/zynq_processing_system7_0_0/zynq_processing_system7_0_0/zynq_processing_system7_0_0_in_context.xdc, line 211).
Applied set_property IO_BUFFER_TYPE = NONE for FIXED_IO_mio[39]. (constraint file  /home/alexey/programming/systemverilog/ethernet_image_transfer/fpga/zynq/zynq.gen/sources_1/bd/zynq/ip/zynq_processing_system7_0_0/zynq_processing_system7_0_0/zynq_processing_system7_0_0_in_context.xdc, line 212).
Applied set_property CLOCK_BUFFER_TYPE = NONE for FIXED_IO_mio[39]. (constraint file  /home/alexey/programming/systemverilog/ethernet_image_transfer/fpga/zynq/zynq.gen/sources_1/bd/zynq/ip/zynq_processing_system7_0_0/zynq_processing_system7_0_0/zynq_processing_system7_0_0_in_context.xdc, line 213).
Applied set_property IO_BUFFER_TYPE = NONE for FIXED_IO_mio[3]. (constraint file  /home/alexey/programming/systemverilog/ethernet_image_transfer/fpga/zynq/zynq.gen/sources_1/bd/zynq/ip/zynq_processing_system7_0_0/zynq_processing_system7_0_0/zynq_processing_system7_0_0_in_context.xdc, line 214).
Applied set_property CLOCK_BUFFER_TYPE = NONE for FIXED_IO_mio[3]. (constraint file  /home/alexey/programming/systemverilog/ethernet_image_transfer/fpga/zynq/zynq.gen/sources_1/bd/zynq/ip/zynq_processing_system7_0_0/zynq_processing_system7_0_0/zynq_processing_system7_0_0_in_context.xdc, line 215).
Applied set_property IO_BUFFER_TYPE = NONE for FIXED_IO_mio[40]. (constraint file  /home/alexey/programming/systemverilog/ethernet_image_transfer/fpga/zynq/zynq.gen/sources_1/bd/zynq/ip/zynq_processing_system7_0_0/zynq_processing_system7_0_0/zynq_processing_system7_0_0_in_context.xdc, line 216).
Applied set_property CLOCK_BUFFER_TYPE = NONE for FIXED_IO_mio[40]. (constraint file  /home/alexey/programming/systemverilog/ethernet_image_transfer/fpga/zynq/zynq.gen/sources_1/bd/zynq/ip/zynq_processing_system7_0_0/zynq_processing_system7_0_0/zynq_processing_system7_0_0_in_context.xdc, line 217).
Applied set_property IO_BUFFER_TYPE = NONE for FIXED_IO_mio[41]. (constraint file  /home/alexey/programming/systemverilog/ethernet_image_transfer/fpga/zynq/zynq.gen/sources_1/bd/zynq/ip/zynq_processing_system7_0_0/zynq_processing_system7_0_0/zynq_processing_system7_0_0_in_context.xdc, line 218).
Applied set_property CLOCK_BUFFER_TYPE = NONE for FIXED_IO_mio[41]. (constraint file  /home/alexey/programming/systemverilog/ethernet_image_transfer/fpga/zynq/zynq.gen/sources_1/bd/zynq/ip/zynq_processing_system7_0_0/zynq_processing_system7_0_0/zynq_processing_system7_0_0_in_context.xdc, line 219).
Applied set_property IO_BUFFER_TYPE = NONE for FIXED_IO_mio[42]. (constraint file  /home/alexey/programming/systemverilog/ethernet_image_transfer/fpga/zynq/zynq.gen/sources_1/bd/zynq/ip/zynq_processing_system7_0_0/zynq_processing_system7_0_0/zynq_processing_system7_0_0_in_context.xdc, line 220).
Applied set_property CLOCK_BUFFER_TYPE = NONE for FIXED_IO_mio[42]. (constraint file  /home/alexey/programming/systemverilog/ethernet_image_transfer/fpga/zynq/zynq.gen/sources_1/bd/zynq/ip/zynq_processing_system7_0_0/zynq_processing_system7_0_0/zynq_processing_system7_0_0_in_context.xdc, line 221).
Applied set_property IO_BUFFER_TYPE = NONE for FIXED_IO_mio[43]. (constraint file  /home/alexey/programming/systemverilog/ethernet_image_transfer/fpga/zynq/zynq.gen/sources_1/bd/zynq/ip/zynq_processing_system7_0_0/zynq_processing_system7_0_0/zynq_processing_system7_0_0_in_context.xdc, line 222).
Applied set_property CLOCK_BUFFER_TYPE = NONE for FIXED_IO_mio[43]. (constraint file  /home/alexey/programming/systemverilog/ethernet_image_transfer/fpga/zynq/zynq.gen/sources_1/bd/zynq/ip/zynq_processing_system7_0_0/zynq_processing_system7_0_0/zynq_processing_system7_0_0_in_context.xdc, line 223).
Applied set_property IO_BUFFER_TYPE = NONE for FIXED_IO_mio[44]. (constraint file  /home/alexey/programming/systemverilog/ethernet_image_transfer/fpga/zynq/zynq.gen/sources_1/bd/zynq/ip/zynq_processing_system7_0_0/zynq_processing_system7_0_0/zynq_processing_system7_0_0_in_context.xdc, line 224).
Applied set_property CLOCK_BUFFER_TYPE = NONE for FIXED_IO_mio[44]. (constraint file  /home/alexey/programming/systemverilog/ethernet_image_transfer/fpga/zynq/zynq.gen/sources_1/bd/zynq/ip/zynq_processing_system7_0_0/zynq_processing_system7_0_0/zynq_processing_system7_0_0_in_context.xdc, line 225).
Applied set_property IO_BUFFER_TYPE = NONE for FIXED_IO_mio[45]. (constraint file  /home/alexey/programming/systemverilog/ethernet_image_transfer/fpga/zynq/zynq.gen/sources_1/bd/zynq/ip/zynq_processing_system7_0_0/zynq_processing_system7_0_0/zynq_processing_system7_0_0_in_context.xdc, line 226).
Applied set_property CLOCK_BUFFER_TYPE = NONE for FIXED_IO_mio[45]. (constraint file  /home/alexey/programming/systemverilog/ethernet_image_transfer/fpga/zynq/zynq.gen/sources_1/bd/zynq/ip/zynq_processing_system7_0_0/zynq_processing_system7_0_0/zynq_processing_system7_0_0_in_context.xdc, line 227).
Applied set_property IO_BUFFER_TYPE = NONE for FIXED_IO_mio[46]. (constraint file  /home/alexey/programming/systemverilog/ethernet_image_transfer/fpga/zynq/zynq.gen/sources_1/bd/zynq/ip/zynq_processing_system7_0_0/zynq_processing_system7_0_0/zynq_processing_system7_0_0_in_context.xdc, line 228).
Applied set_property CLOCK_BUFFER_TYPE = NONE for FIXED_IO_mio[46]. (constraint file  /home/alexey/programming/systemverilog/ethernet_image_transfer/fpga/zynq/zynq.gen/sources_1/bd/zynq/ip/zynq_processing_system7_0_0/zynq_processing_system7_0_0/zynq_processing_system7_0_0_in_context.xdc, line 229).
Applied set_property IO_BUFFER_TYPE = NONE for FIXED_IO_mio[47]. (constraint file  /home/alexey/programming/systemverilog/ethernet_image_transfer/fpga/zynq/zynq.gen/sources_1/bd/zynq/ip/zynq_processing_system7_0_0/zynq_processing_system7_0_0/zynq_processing_system7_0_0_in_context.xdc, line 230).
Applied set_property CLOCK_BUFFER_TYPE = NONE for FIXED_IO_mio[47]. (constraint file  /home/alexey/programming/systemverilog/ethernet_image_transfer/fpga/zynq/zynq.gen/sources_1/bd/zynq/ip/zynq_processing_system7_0_0/zynq_processing_system7_0_0/zynq_processing_system7_0_0_in_context.xdc, line 231).
Applied set_property IO_BUFFER_TYPE = NONE for FIXED_IO_mio[48]. (constraint file  /home/alexey/programming/systemverilog/ethernet_image_transfer/fpga/zynq/zynq.gen/sources_1/bd/zynq/ip/zynq_processing_system7_0_0/zynq_processing_system7_0_0/zynq_processing_system7_0_0_in_context.xdc, line 232).
Applied set_property CLOCK_BUFFER_TYPE = NONE for FIXED_IO_mio[48]. (constraint file  /home/alexey/programming/systemverilog/ethernet_image_transfer/fpga/zynq/zynq.gen/sources_1/bd/zynq/ip/zynq_processing_system7_0_0/zynq_processing_system7_0_0/zynq_processing_system7_0_0_in_context.xdc, line 233).
Applied set_property IO_BUFFER_TYPE = NONE for FIXED_IO_mio[49]. (constraint file  /home/alexey/programming/systemverilog/ethernet_image_transfer/fpga/zynq/zynq.gen/sources_1/bd/zynq/ip/zynq_processing_system7_0_0/zynq_processing_system7_0_0/zynq_processing_system7_0_0_in_context.xdc, line 234).
Applied set_property CLOCK_BUFFER_TYPE = NONE for FIXED_IO_mio[49]. (constraint file  /home/alexey/programming/systemverilog/ethernet_image_transfer/fpga/zynq/zynq.gen/sources_1/bd/zynq/ip/zynq_processing_system7_0_0/zynq_processing_system7_0_0/zynq_processing_system7_0_0_in_context.xdc, line 235).
Applied set_property IO_BUFFER_TYPE = NONE for FIXED_IO_mio[4]. (constraint file  /home/alexey/programming/systemverilog/ethernet_image_transfer/fpga/zynq/zynq.gen/sources_1/bd/zynq/ip/zynq_processing_system7_0_0/zynq_processing_system7_0_0/zynq_processing_system7_0_0_in_context.xdc, line 236).
Applied set_property CLOCK_BUFFER_TYPE = NONE for FIXED_IO_mio[4]. (constraint file  /home/alexey/programming/systemverilog/ethernet_image_transfer/fpga/zynq/zynq.gen/sources_1/bd/zynq/ip/zynq_processing_system7_0_0/zynq_processing_system7_0_0/zynq_processing_system7_0_0_in_context.xdc, line 237).
Applied set_property IO_BUFFER_TYPE = NONE for FIXED_IO_mio[50]. (constraint file  /home/alexey/programming/systemverilog/ethernet_image_transfer/fpga/zynq/zynq.gen/sources_1/bd/zynq/ip/zynq_processing_system7_0_0/zynq_processing_system7_0_0/zynq_processing_system7_0_0_in_context.xdc, line 238).
Applied set_property CLOCK_BUFFER_TYPE = NONE for FIXED_IO_mio[50]. (constraint file  /home/alexey/programming/systemverilog/ethernet_image_transfer/fpga/zynq/zynq.gen/sources_1/bd/zynq/ip/zynq_processing_system7_0_0/zynq_processing_system7_0_0/zynq_processing_system7_0_0_in_context.xdc, line 239).
Applied set_property IO_BUFFER_TYPE = NONE for FIXED_IO_mio[51]. (constraint file  /home/alexey/programming/systemverilog/ethernet_image_transfer/fpga/zynq/zynq.gen/sources_1/bd/zynq/ip/zynq_processing_system7_0_0/zynq_processing_system7_0_0/zynq_processing_system7_0_0_in_context.xdc, line 240).
Applied set_property CLOCK_BUFFER_TYPE = NONE for FIXED_IO_mio[51]. (constraint file  /home/alexey/programming/systemverilog/ethernet_image_transfer/fpga/zynq/zynq.gen/sources_1/bd/zynq/ip/zynq_processing_system7_0_0/zynq_processing_system7_0_0/zynq_processing_system7_0_0_in_context.xdc, line 241).
Applied set_property IO_BUFFER_TYPE = NONE for FIXED_IO_mio[52]. (constraint file  /home/alexey/programming/systemverilog/ethernet_image_transfer/fpga/zynq/zynq.gen/sources_1/bd/zynq/ip/zynq_processing_system7_0_0/zynq_processing_system7_0_0/zynq_processing_system7_0_0_in_context.xdc, line 242).
Applied set_property CLOCK_BUFFER_TYPE = NONE for FIXED_IO_mio[52]. (constraint file  /home/alexey/programming/systemverilog/ethernet_image_transfer/fpga/zynq/zynq.gen/sources_1/bd/zynq/ip/zynq_processing_system7_0_0/zynq_processing_system7_0_0/zynq_processing_system7_0_0_in_context.xdc, line 243).
Applied set_property IO_BUFFER_TYPE = NONE for FIXED_IO_mio[53]. (constraint file  /home/alexey/programming/systemverilog/ethernet_image_transfer/fpga/zynq/zynq.gen/sources_1/bd/zynq/ip/zynq_processing_system7_0_0/zynq_processing_system7_0_0/zynq_processing_system7_0_0_in_context.xdc, line 244).
Applied set_property CLOCK_BUFFER_TYPE = NONE for FIXED_IO_mio[53]. (constraint file  /home/alexey/programming/systemverilog/ethernet_image_transfer/fpga/zynq/zynq.gen/sources_1/bd/zynq/ip/zynq_processing_system7_0_0/zynq_processing_system7_0_0/zynq_processing_system7_0_0_in_context.xdc, line 245).
Applied set_property IO_BUFFER_TYPE = NONE for FIXED_IO_mio[5]. (constraint file  /home/alexey/programming/systemverilog/ethernet_image_transfer/fpga/zynq/zynq.gen/sources_1/bd/zynq/ip/zynq_processing_system7_0_0/zynq_processing_system7_0_0/zynq_processing_system7_0_0_in_context.xdc, line 246).
Applied set_property CLOCK_BUFFER_TYPE = NONE for FIXED_IO_mio[5]. (constraint file  /home/alexey/programming/systemverilog/ethernet_image_transfer/fpga/zynq/zynq.gen/sources_1/bd/zynq/ip/zynq_processing_system7_0_0/zynq_processing_system7_0_0/zynq_processing_system7_0_0_in_context.xdc, line 247).
Applied set_property IO_BUFFER_TYPE = NONE for FIXED_IO_mio[6]. (constraint file  /home/alexey/programming/systemverilog/ethernet_image_transfer/fpga/zynq/zynq.gen/sources_1/bd/zynq/ip/zynq_processing_system7_0_0/zynq_processing_system7_0_0/zynq_processing_system7_0_0_in_context.xdc, line 248).
Applied set_property CLOCK_BUFFER_TYPE = NONE for FIXED_IO_mio[6]. (constraint file  /home/alexey/programming/systemverilog/ethernet_image_transfer/fpga/zynq/zynq.gen/sources_1/bd/zynq/ip/zynq_processing_system7_0_0/zynq_processing_system7_0_0/zynq_processing_system7_0_0_in_context.xdc, line 249).
Applied set_property IO_BUFFER_TYPE = NONE for FIXED_IO_mio[7]. (constraint file  /home/alexey/programming/systemverilog/ethernet_image_transfer/fpga/zynq/zynq.gen/sources_1/bd/zynq/ip/zynq_processing_system7_0_0/zynq_processing_system7_0_0/zynq_processing_system7_0_0_in_context.xdc, line 250).
Applied set_property CLOCK_BUFFER_TYPE = NONE for FIXED_IO_mio[7]. (constraint file  /home/alexey/programming/systemverilog/ethernet_image_transfer/fpga/zynq/zynq.gen/sources_1/bd/zynq/ip/zynq_processing_system7_0_0/zynq_processing_system7_0_0/zynq_processing_system7_0_0_in_context.xdc, line 251).
Applied set_property IO_BUFFER_TYPE = NONE for FIXED_IO_mio[8]. (constraint file  /home/alexey/programming/systemverilog/ethernet_image_transfer/fpga/zynq/zynq.gen/sources_1/bd/zynq/ip/zynq_processing_system7_0_0/zynq_processing_system7_0_0/zynq_processing_system7_0_0_in_context.xdc, line 252).
Applied set_property CLOCK_BUFFER_TYPE = NONE for FIXED_IO_mio[8]. (constraint file  /home/alexey/programming/systemverilog/ethernet_image_transfer/fpga/zynq/zynq.gen/sources_1/bd/zynq/ip/zynq_processing_system7_0_0/zynq_processing_system7_0_0/zynq_processing_system7_0_0_in_context.xdc, line 253).
Applied set_property IO_BUFFER_TYPE = NONE for FIXED_IO_mio[9]. (constraint file  /home/alexey/programming/systemverilog/ethernet_image_transfer/fpga/zynq/zynq.gen/sources_1/bd/zynq/ip/zynq_processing_system7_0_0/zynq_processing_system7_0_0/zynq_processing_system7_0_0_in_context.xdc, line 254).
Applied set_property CLOCK_BUFFER_TYPE = NONE for FIXED_IO_mio[9]. (constraint file  /home/alexey/programming/systemverilog/ethernet_image_transfer/fpga/zynq/zynq.gen/sources_1/bd/zynq/ip/zynq_processing_system7_0_0/zynq_processing_system7_0_0/zynq_processing_system7_0_0_in_context.xdc, line 255).
Applied set_property IO_BUFFER_TYPE = NONE for FIXED_IO_ps_clk. (constraint file  /home/alexey/programming/systemverilog/ethernet_image_transfer/fpga/zynq/zynq.gen/sources_1/bd/zynq/ip/zynq_processing_system7_0_0/zynq_processing_system7_0_0/zynq_processing_system7_0_0_in_context.xdc, line 256).
Applied set_property CLOCK_BUFFER_TYPE = NONE for FIXED_IO_ps_clk. (constraint file  /home/alexey/programming/systemverilog/ethernet_image_transfer/fpga/zynq/zynq.gen/sources_1/bd/zynq/ip/zynq_processing_system7_0_0/zynq_processing_system7_0_0/zynq_processing_system7_0_0_in_context.xdc, line 257).
Applied set_property IO_BUFFER_TYPE = NONE for FIXED_IO_ps_porb. (constraint file  /home/alexey/programming/systemverilog/ethernet_image_transfer/fpga/zynq/zynq.gen/sources_1/bd/zynq/ip/zynq_processing_system7_0_0/zynq_processing_system7_0_0/zynq_processing_system7_0_0_in_context.xdc, line 258).
Applied set_property CLOCK_BUFFER_TYPE = NONE for FIXED_IO_ps_porb. (constraint file  /home/alexey/programming/systemverilog/ethernet_image_transfer/fpga/zynq/zynq.gen/sources_1/bd/zynq/ip/zynq_processing_system7_0_0/zynq_processing_system7_0_0/zynq_processing_system7_0_0_in_context.xdc, line 259).
Applied set_property IO_BUFFER_TYPE = NONE for FIXED_IO_ps_srstb. (constraint file  /home/alexey/programming/systemverilog/ethernet_image_transfer/fpga/zynq/zynq.gen/sources_1/bd/zynq/ip/zynq_processing_system7_0_0/zynq_processing_system7_0_0/zynq_processing_system7_0_0_in_context.xdc, line 260).
Applied set_property CLOCK_BUFFER_TYPE = NONE for FIXED_IO_ps_srstb. (constraint file  /home/alexey/programming/systemverilog/ethernet_image_transfer/fpga/zynq/zynq.gen/sources_1/bd/zynq/ip/zynq_processing_system7_0_0/zynq_processing_system7_0_0/zynq_processing_system7_0_0_in_context.xdc, line 261).
Applied set_property KEEP_HIERARCHY = SOFT for zynq_i. (constraint file  auto generated constraint).
Applied set_property KEEP_HIERARCHY = SOFT for zynq_i/processing_system7_0. (constraint file  auto generated constraint).
Applied set_property KEEP_HIERARCHY = SOFT for zynq_i/axi_vdma_0. (constraint file  auto generated constraint).
Applied set_property KEEP_HIERARCHY = SOFT for zynq_i/axi_mem_intercon/s00_couplers/auto_pc. (constraint file  auto generated constraint).
Applied set_property KEEP_HIERARCHY = SOFT for zynq_i/axi_mem_intercon. (constraint file  auto generated constraint).
Applied set_property KEEP_HIERARCHY = SOFT for zynq_i/rst_ps7_0_50M. (constraint file  auto generated constraint).
Applied set_property KEEP_HIERARCHY = SOFT for zynq_i/v_tpg_0. (constraint file  auto generated constraint).
Applied set_property KEEP_HIERARCHY = SOFT for zynq_i/ps7_0_axi_periph/xbar. (constraint file  auto generated constraint).
Applied set_property KEEP_HIERARCHY = SOFT for zynq_i/ps7_0_axi_periph/s00_couplers/auto_pc. (constraint file  auto generated constraint).
Applied set_property KEEP_HIERARCHY = SOFT for zynq_i/ps7_0_axi_periph. (constraint file  auto generated constraint).
---------------------------------------------------------------------------------
Finished applying 'set_property' XDC Constraints : Time (s): cpu = 00:00:25 ; elapsed = 00:00:35 . Memory (MB): peak = 2347.754 ; gain = 62.055 ; free physical = 781 ; free virtual = 3245
---------------------------------------------------------------------------------
---------------------------------------------------------------------------------
Finished RTL Optimization Phase 2 : Time (s): cpu = 00:00:25 ; elapsed = 00:00:35 . Memory (MB): peak = 2347.754 ; gain = 62.055 ; free physical = 782 ; free virtual = 3247
---------------------------------------------------------------------------------
---------------------------------------------------------------------------------
Start RTL Component Statistics 
---------------------------------------------------------------------------------
Detailed RTL Component Info : 
---------------------------------------------------------------------------------
Finished RTL Component Statistics 
---------------------------------------------------------------------------------
---------------------------------------------------------------------------------
Start Part Resource Summary
---------------------------------------------------------------------------------
Part Resources:
DSPs: 220 (col length:60)
BRAMs: 280 (col length: RAMB18 60 RAMB36 30)
---------------------------------------------------------------------------------
Finished Part Resource Summary
---------------------------------------------------------------------------------
---------------------------------------------------------------------------------
Start Cross Boundary and Area Optimization
---------------------------------------------------------------------------------
---------------------------------------------------------------------------------
Finished Cross Boundary and Area Optimization : Time (s): cpu = 00:00:27 ; elapsed = 00:00:37 . Memory (MB): peak = 2347.754 ; gain = 62.055 ; free physical = 778 ; free virtual = 3246
---------------------------------------------------------------------------------
---------------------------------------------------------------------------------
Start Applying XDC Timing Constraints
---------------------------------------------------------------------------------
---------------------------------------------------------------------------------
Finished Applying XDC Timing Constraints : Time (s): cpu = 00:00:41 ; elapsed = 00:00:52 . Memory (MB): peak = 2347.754 ; gain = 62.055 ; free physical = 647 ; free virtual = 3124
---------------------------------------------------------------------------------
---------------------------------------------------------------------------------
Start Timing Optimization
---------------------------------------------------------------------------------
---------------------------------------------------------------------------------
Finished Timing Optimization : Time (s): cpu = 00:00:41 ; elapsed = 00:00:52 . Memory (MB): peak = 2347.754 ; gain = 62.055 ; free physical = 647 ; free virtual = 3124
---------------------------------------------------------------------------------
---------------------------------------------------------------------------------
Start Technology Mapping
---------------------------------------------------------------------------------
---------------------------------------------------------------------------------
Finished Technology Mapping : Time (s): cpu = 00:00:41 ; elapsed = 00:00:52 . Memory (MB): peak = 2347.754 ; gain = 62.055 ; free physical = 636 ; free virtual = 3113
---------------------------------------------------------------------------------
---------------------------------------------------------------------------------
Start IO Insertion
---------------------------------------------------------------------------------
---------------------------------------------------------------------------------
Start Flattening Before IO Insertion
---------------------------------------------------------------------------------
---------------------------------------------------------------------------------
Finished Flattening Before IO Insertion
---------------------------------------------------------------------------------
---------------------------------------------------------------------------------
Start Final Netlist Cleanup
---------------------------------------------------------------------------------
---------------------------------------------------------------------------------
Finished Final Netlist Cleanup
---------------------------------------------------------------------------------
---------------------------------------------------------------------------------
Finished IO Insertion : Time (s): cpu = 00:00:47 ; elapsed = 00:00:58 . Memory (MB): peak = 2347.754 ; gain = 62.055 ; free physical = 637 ; free virtual = 3114
---------------------------------------------------------------------------------
---------------------------------------------------------------------------------
Start Renaming Generated Instances
---------------------------------------------------------------------------------
---------------------------------------------------------------------------------
Finished Renaming Generated Instances : Time (s): cpu = 00:00:47 ; elapsed = 00:00:58 . Memory (MB): peak = 2347.754 ; gain = 62.055 ; free physical = 636 ; free virtual = 3114
---------------------------------------------------------------------------------
---------------------------------------------------------------------------------
Start Rebuilding User Hierarchy
---------------------------------------------------------------------------------
---------------------------------------------------------------------------------
Finished Rebuilding User Hierarchy : Time (s): cpu = 00:00:47 ; elapsed = 00:00:58 . Memory (MB): peak = 2347.754 ; gain = 62.055 ; free physical = 636 ; free virtual = 3114
---------------------------------------------------------------------------------
---------------------------------------------------------------------------------
Start Renaming Generated Ports
---------------------------------------------------------------------------------
---------------------------------------------------------------------------------
Finished Renaming Generated Ports : Time (s): cpu = 00:00:47 ; elapsed = 00:00:58 . Memory (MB): peak = 2347.754 ; gain = 62.055 ; free physical = 636 ; free virtual = 3114
---------------------------------------------------------------------------------
---------------------------------------------------------------------------------
Start Handling Custom Attributes
---------------------------------------------------------------------------------
---------------------------------------------------------------------------------
Finished Handling Custom Attributes : Time (s): cpu = 00:00:47 ; elapsed = 00:00:58 . Memory (MB): peak = 2347.754 ; gain = 62.055 ; free physical = 636 ; free virtual = 3114
---------------------------------------------------------------------------------
---------------------------------------------------------------------------------
Start Renaming Generated Nets
---------------------------------------------------------------------------------
---------------------------------------------------------------------------------
Finished Renaming Generated Nets : Time (s): cpu = 00:00:47 ; elapsed = 00:00:58 . Memory (MB): peak = 2347.754 ; gain = 62.055 ; free physical = 636 ; free virtual = 3114
---------------------------------------------------------------------------------
---------------------------------------------------------------------------------
Start Writing Synthesis Report
---------------------------------------------------------------------------------

Report BlackBoxes: 
+------+----------------------------+----------+
|      |BlackBox name               |Instances |
+------+----------------------------+----------+
|1     |zynq_auto_pc_0              |         1|
|2     |zynq_xbar_0                 |         1|
|3     |zynq_auto_pc_1              |         1|
|4     |zynq_axi_vdma_0_0           |         1|
|5     |zynq_processing_system7_0_0 |         1|
|6     |zynq_rst_ps7_0_50M_0        |         1|
|7     |zynq_v_tpg_0_0              |         1|
+------+----------------------------+----------+

Report Cell Usage: 
+------+--------------------------+------+
|      |Cell                      |Count |
+------+--------------------------+------+
|1     |zynq_auto_pc              |     2|
|3     |zynq_axi_vdma_0           |     1|
|4     |zynq_processing_system7_0 |     1|
|5     |zynq_rst_ps7_0_50M        |     1|
|6     |zynq_v_tpg_0              |     1|
|7     |zynq_xbar                 |     1|
|8     |IBUF                      |     1|
|9     |OBUF                      |     1|
+------+--------------------------+------+
---------------------------------------------------------------------------------
Finished Writing Synthesis Report : Time (s): cpu = 00:00:47 ; elapsed = 00:00:59 . Memory (MB): peak = 2347.754 ; gain = 62.055 ; free physical = 636 ; free virtual = 3114
---------------------------------------------------------------------------------
Synthesis finished with 0 errors, 0 critical warnings and 0 warnings.
Synthesis Optimization Runtime : Time (s): cpu = 00:00:42 ; elapsed = 00:00:52 . Memory (MB): peak = 2347.754 ; gain = 0.000 ; free physical = 666 ; free virtual = 3143
Synthesis Optimization Complete : Time (s): cpu = 00:00:47 ; elapsed = 00:00:59 . Memory (MB): peak = 2347.754 ; gain = 62.055 ; free physical = 666 ; free virtual = 3143
INFO: [Project 1-571] Translating synthesized netlist
Netlist sorting complete. Time (s): cpu = 00:00:00.03 ; elapsed = 00:00:00.03 . Memory (MB): peak = 2347.754 ; gain = 0.000 ; free physical = 750 ; free virtual = 3228
INFO: [Project 1-570] Preparing netlist for logic optimization
INFO: [Opt 31-138] Pushed 0 inverter(s) to 0 load pin(s).
Netlist sorting complete. Time (s): cpu = 00:00:00 ; elapsed = 00:00:00 . Memory (MB): peak = 2347.754 ; gain = 0.000 ; free physical = 688 ; free virtual = 3166
INFO: [Project 1-111] Unisim Transformation Summary:
No Unisim elements were transformed.

INFO: [Common 17-83] Releasing license: Synthesis
47 Infos, 130 Warnings, 0 Critical Warnings and 0 Errors encountered.
synth_design completed successfully
synth_design: Time (s): cpu = 00:01:09 ; elapsed = 00:01:17 . Memory (MB): peak = 2347.754 ; gain = 62.055 ; free physical = 719 ; free virtual = 3196
INFO: [Common 17-1381] The checkpoint '/home/alexey/programming/systemverilog/ethernet_image_transfer/fpga/zynq/zynq.runs/synth_1/zynq_wrapper.dcp' has been generated.
INFO: [runtcl-4] Executing : report_utilization -file zynq_wrapper_utilization_synth.rpt -pb zynq_wrapper_utilization_synth.pb
INFO: [Common 17-206] Exiting Vivado at Mon Sep 21 13:29:45 2026...
