TRACE::2026-09-13.15:37:27::SCWPlatform::Trying to open the hw design at /home/alexey/programming/fpga/workspace/zynq/hw/zynq.xsa
TRACE::2026-09-13.15:37:27::SCWPlatform::DSA given /home/alexey/programming/fpga/workspace/zynq/hw/zynq.xsa
TRACE::2026-09-13.15:37:27::SCWPlatform::DSA absoulate path /home/alexey/programming/fpga/workspace/zynq/hw/zynq.xsa
TRACE::2026-09-13.15:37:29::SCWPlatform::DSA directory /home/alexey/programming/fpga/workspace/zynq/hw
TRACE::2026-09-13.15:37:29::SCWPlatform:: Platform Path /home/alexey/programming/fpga/workspace/zynq/hw/zynq.xsa
TRACE::2026-09-13.15:37:29::SCWPlatform:: Unique name xilinx:::0.0
TRACE::2026-09-13.15:37:29::SCWPlatform::Do not have an existing db opened. 
TRACE::2026-09-13.15:37:30::SCWPlatform::Opened new HwDB with name zynq_wrapper_1
TRACE::2026-09-13.15:37:30::SCWWriter::formatted JSON is {
	"platformName":	"zynq",
	"sprVersion":	"2.0",
	"mode":	"gui",
	"dsaType":	"Fixed",
	"platformDesc":	"zynq",
	"platHandOff":	"<platformDir>.xsa",
	"platIntHandOff":	"<platformDir>/hw/zynq.xsa",
	"deviceType":	"zynq",
	"platIsPrebuiltAutogen":	"false",
	"platIsNoBootBsp":	"false",
	"hasFsblMakeHasChanges":	"false",
	"hasPmufwMakeHasChanges":	"false",
	"platPreBuiltFlag":	false,
	"platformSamplesDir":	""
}
TRACE::2026-09-13.15:37:30::SCWWriter::formatted JSON is {
	"platformName":	"zynq",
	"sprVersion":	"2.0",
	"mode":	"gui",
	"dsaType":	"Fixed",
	"platformDesc":	"zynq",
	"platHandOff":	"<platformDir>.xsa",
	"platIntHandOff":	"<platformDir>/hw/zynq.xsa",
	"deviceType":	"zynq",
	"platIsPrebuiltAutogen":	"false",
	"platIsNoBootBsp":	"false",
	"hasFsblMakeHasChanges":	"false",
	"hasPmufwMakeHasChanges":	"false",
	"platPreBuiltFlag":	false,
	"platformSamplesDir":	"",
	"platActiveSys":	"zynq",
	"systems":	[{
			"systemName":	"zynq",
			"systemDesc":	"zynq",
			"sysIsBootAutoGen":	"true",
			"systemDispName":	"zynq"
		}]
}
TRACE::2026-09-13.15:37:30::SCWPlatform::Boot application domains not present, creating them
TRACE::2026-09-13.15:37:30::SCWDomain::checking for install qemu data   : 
TRACE::2026-09-13.15:37:30::SCWDomain:: Using the QEMU Data from install at  : /home/alexey/Xilinx/Vitis/2020.2/data/emulation/platforms/zynq/sw/a9_standalone/qemu/
TRACE::2026-09-13.15:37:30::SCWDomain:: Using the QEMU args  from install at  : /home/alexey/Xilinx/Vitis/2020.2/data/emulation/platforms/zynq/sw/a9_standalone/qemu/qemu_args.txt
TRACE::2026-09-13.15:37:30::SCWPlatform::Trying to open the hw design at /home/alexey/programming/fpga/workspace/zynq/hw/zynq.xsa
TRACE::2026-09-13.15:37:30::SCWPlatform::DSA given /home/alexey/programming/fpga/workspace/zynq/hw/zynq.xsa
TRACE::2026-09-13.15:37:30::SCWPlatform::DSA absoulate path /home/alexey/programming/fpga/workspace/zynq/hw/zynq.xsa
TRACE::2026-09-13.15:37:30::SCWPlatform::DSA directory /home/alexey/programming/fpga/workspace/zynq/hw
TRACE::2026-09-13.15:37:30::SCWPlatform:: Platform Path /home/alexey/programming/fpga/workspace/zynq/hw/zynq.xsa
TRACE::2026-09-13.15:37:30::SCWPlatform:: Unique name xilinx:::0.0
TRACE::2026-09-13.15:37:30::SCWPlatform::Trying to set the existing hwdb with name zynq_wrapper_1
TRACE::2026-09-13.15:37:30::SCWPlatform::Opened existing hwdb zynq_wrapper_1
TRACE::2026-09-13.15:37:30::SCWPlatform::Found the Hw Db part of the input DSA
TRACE::2026-09-13.15:37:30::SCWPlatform::Trying to open the hw design at /home/alexey/programming/fpga/workspace/zynq/hw/zynq.xsa
TRACE::2026-09-13.15:37:30::SCWPlatform::DSA given /home/alexey/programming/fpga/workspace/zynq/hw/zynq.xsa
TRACE::2026-09-13.15:37:30::SCWPlatform::DSA absoulate path /home/alexey/programming/fpga/workspace/zynq/hw/zynq.xsa
TRACE::2026-09-13.15:37:30::SCWPlatform::DSA directory /home/alexey/programming/fpga/workspace/zynq/hw
TRACE::2026-09-13.15:37:30::SCWPlatform:: Platform Path /home/alexey/programming/fpga/workspace/zynq/hw/zynq.xsa
TRACE::2026-09-13.15:37:30::SCWPlatform:: Unique name xilinx:::0.0
TRACE::2026-09-13.15:37:30::SCWPlatform::Trying to set the existing hwdb with name zynq_wrapper_1
TRACE::2026-09-13.15:37:30::SCWPlatform::Opened existing hwdb zynq_wrapper_1
TRACE::2026-09-13.15:37:30::SCWPlatform::Found the Hw Db part of the input DSA
TRACE::2026-09-13.15:37:30::SCWPlatform::Trying to open the hw design at /home/alexey/programming/fpga/workspace/zynq/hw/zynq.xsa
TRACE::2026-09-13.15:37:30::SCWPlatform::DSA given /home/alexey/programming/fpga/workspace/zynq/hw/zynq.xsa
TRACE::2026-09-13.15:37:30::SCWPlatform::DSA absoulate path /home/alexey/programming/fpga/workspace/zynq/hw/zynq.xsa
TRACE::2026-09-13.15:37:30::SCWPlatform::DSA directory /home/alexey/programming/fpga/workspace/zynq/hw
TRACE::2026-09-13.15:37:30::SCWPlatform:: Platform Path /home/alexey/programming/fpga/workspace/zynq/hw/zynq.xsa
TRACE::2026-09-13.15:37:30::SCWPlatform:: Unique name xilinx:::0.0
TRACE::2026-09-13.15:37:30::SCWPlatform::Trying to set the existing hwdb with name zynq_wrapper_1
TRACE::2026-09-13.15:37:30::SCWPlatform::Opened existing hwdb zynq_wrapper_1
TRACE::2026-09-13.15:37:30::SCWPlatform::Found the Hw Db part of the input DSA
TRACE::2026-09-13.15:37:30::SCWPlatform::Boot application domain added for zynq_fsbl
TRACE::2026-09-13.15:37:30::SCWPlatform::Generating the sources  .
TRACE::2026-09-13.15:37:30::SCWBDomain::Generating boot domain sources.
TRACE::2026-09-13.15:37:30::SCWBDomain:: Generating the zynq_fsbl Application.
TRACE::2026-09-13.15:37:30::SCWPlatform::Trying to open the hw design at /home/alexey/programming/fpga/workspace/zynq/hw/zynq.xsa
TRACE::2026-09-13.15:37:30::SCWPlatform::DSA given /home/alexey/programming/fpga/workspace/zynq/hw/zynq.xsa
TRACE::2026-09-13.15:37:30::SCWPlatform::DSA absoulate path /home/alexey/programming/fpga/workspace/zynq/hw/zynq.xsa
TRACE::2026-09-13.15:37:30::SCWPlatform::DSA directory /home/alexey/programming/fpga/workspace/zynq/hw
TRACE::2026-09-13.15:37:30::SCWPlatform:: Platform Path /home/alexey/programming/fpga/workspace/zynq/hw/zynq.xsa
TRACE::2026-09-13.15:37:30::SCWPlatform:: Unique name xilinx:::0.0
TRACE::2026-09-13.15:37:30::SCWPlatform::Trying to set the existing hwdb with name zynq_wrapper_1
TRACE::2026-09-13.15:37:30::SCWPlatform::Opened existing hwdb zynq_wrapper_1
TRACE::2026-09-13.15:37:30::SCWPlatform::Found the Hw Db part of the input DSA
TRACE::2026-09-13.15:37:30::SCWMssOS::Checking the sw design at  /home/alexey/programming/fpga/workspace/zynq/zynq_fsbl/zynq_fsbl_bsp/system.mss
TRACE::2026-09-13.15:37:30::SCWMssOS::DEBUG:  swdes dump  
TRACE::2026-09-13.15:37:30::SCWMssOS::No sw design opened at  /home/alexey/programming/fpga/workspace/zynq/zynq_fsbl/zynq_fsbl_bsp/system.mss
TRACE::2026-09-13.15:37:30::SCWMssOS::mss does not exists at /home/alexey/programming/fpga/workspace/zynq/zynq_fsbl/zynq_fsbl_bsp/system.mss
TRACE::2026-09-13.15:37:30::SCWMssOS::Creating sw design at  /home/alexey/programming/fpga/workspace/zynq/zynq_fsbl/zynq_fsbl_bsp/system.mss
TRACE::2026-09-13.15:37:30::SCWMssOS::Adding the swdes entry, created swdb /home/alexey/programming/fpga/workspace/zynq/zynq_fsbl/zynq_fsbl_bsp/system.mss with des name /home/alexey/programming/fpga/workspace/zynq/zynq_fsbl/zynq_fsbl_bsp/system.mss
TRACE::2026-09-13.15:37:30::SCWMssOS::updating the scw layer changes to swdes at   /home/alexey/programming/fpga/workspace/zynq/zynq_fsbl/zynq_fsbl_bsp/system.mss
TRACE::2026-09-13.15:37:30::SCWMssOS::Writing mss at /home/alexey/programming/fpga/workspace/zynq/zynq_fsbl/zynq_fsbl_bsp/system.mss
TRACE::2026-09-13.15:37:30::SCWMssOS::Completed writing the mss file at /home/alexey/programming/fpga/workspace/zynq/zynq_fsbl/zynq_fsbl_bsp
TRACE::2026-09-13.15:37:30::SCWMssOS::Picking up changes from newly written mss file into SCW Layer. 
TRACE::2026-09-13.15:37:30::SCWMssOS::Updated the changes from newly written mss file into SCW Layer. 
TRACE::2026-09-13.15:37:30::SCWBDomain::Completed writing the mss file at /home/alexey/programming/fpga/workspace/zynq/zynq_fsbl/zynq_fsbl_bsp
TRACE::2026-09-13.15:37:34::SCWPlatform::Generating sources Done.
TRACE::2026-09-13.15:37:34::SCWPlatform::Trying to open the hw design at /home/alexey/programming/fpga/workspace/zynq/hw/zynq.xsa
TRACE::2026-09-13.15:37:34::SCWPlatform::DSA given /home/alexey/programming/fpga/workspace/zynq/hw/zynq.xsa
TRACE::2026-09-13.15:37:34::SCWPlatform::DSA absoulate path /home/alexey/programming/fpga/workspace/zynq/hw/zynq.xsa
TRACE::2026-09-13.15:37:34::SCWPlatform::DSA directory /home/alexey/programming/fpga/workspace/zynq/hw
TRACE::2026-09-13.15:37:34::SCWPlatform:: Platform Path /home/alexey/programming/fpga/workspace/zynq/hw/zynq.xsa
TRACE::2026-09-13.15:37:34::SCWPlatform:: Unique name xilinx:::0.0
TRACE::2026-09-13.15:37:34::SCWPlatform::Trying to set the existing hwdb with name zynq_wrapper_1
TRACE::2026-09-13.15:37:34::SCWPlatform::Opened existing hwdb zynq_wrapper_1
TRACE::2026-09-13.15:37:34::SCWPlatform::Found the Hw Db part of the input DSA
TRACE::2026-09-13.15:37:34::SCWMssOS::Checking the sw design at  /home/alexey/programming/fpga/workspace/zynq/zynq_fsbl/zynq_fsbl_bsp/system.mss
TRACE::2026-09-13.15:37:34::SCWMssOS::DEBUG:  swdes dump  /home/alexey/programming/fpga/workspace/zynq/zynq_fsbl/zynq_fsbl_bsp/system.mss|/home/alexey/programming/fpga/workspace/zynq/zynq_fsbl/zynq_fsbl_bsp/system.mss||

KEYINFO::2026-09-13.15:37:34::SCWMssOS::Could not open the swdb for /home/alexey/programming/fpga/workspace/zynq/zynq_fsbl/zynq_fsbl_bsp/system.mss
KEYINFO::2026-09-13.15:37:34::SCWMssOS::Could not open the sw design at  /home/alexey/programming/fpga/workspace/zynq/zynq_fsbl/zynq_fsbl_bsp/system.mss
ERROR: [Hsi 55-1558] Software Design /home/alexey/programming/fpga/workspace/zynq/zynq_fsbl/zynq_fsbl_bsp/system.mss is not found

TRACE::2026-09-13.15:37:34::SCWMssOS::Cleared the swdb table entry
TRACE::2026-09-13.15:37:34::SCWMssOS::No sw design opened at  /home/alexey/programming/fpga/workspace/zynq/zynq_fsbl/zynq_fsbl_bsp/system.mss
TRACE::2026-09-13.15:37:34::SCWMssOS::mss exists loading the mss file  /home/alexey/programming/fpga/workspace/zynq/zynq_fsbl/zynq_fsbl_bsp/system.mss
TRACE::2026-09-13.15:37:34::SCWMssOS::Opened the sw design from mss  /home/alexey/programming/fpga/workspace/zynq/zynq_fsbl/zynq_fsbl_bsp/system.mss
TRACE::2026-09-13.15:37:34::SCWMssOS::Adding the swdes entry /home/alexey/programming/fpga/workspace/zynq/zynq_fsbl/zynq_fsbl_bsp/system.mss with des name system
TRACE::2026-09-13.15:37:34::SCWMssOS::updating the scw layer about changes
TRACE::2026-09-13.15:37:34::SCWMssOS::Opened the sw design.  /home/alexey/programming/fpga/workspace/zynq/zynq_fsbl/zynq_fsbl_bsp/system.mss
TRACE::2026-09-13.15:37:34::SCWMssOS::Saving the mss changes /home/alexey/programming/fpga/workspace/zynq/zynq_fsbl/zynq_fsbl_bsp/system.mss
TRACE::2026-09-13.15:37:34::SCWMssOS::Found a swdesign opened with the mssfile.
TRACE::2026-09-13.15:37:34::SCWMssOS::Completed writemss as part of save.
TRACE::2026-09-13.15:37:34::SCWMssOS::Commit changes completed.
TRACE::2026-09-13.15:37:34::SCWPlatform::Trying to open the hw design at /home/alexey/programming/fpga/workspace/zynq/hw/zynq.xsa
TRACE::2026-09-13.15:37:34::SCWPlatform::DSA given /home/alexey/programming/fpga/workspace/zynq/hw/zynq.xsa
TRACE::2026-09-13.15:37:34::SCWPlatform::DSA absoulate path /home/alexey/programming/fpga/workspace/zynq/hw/zynq.xsa
TRACE::2026-09-13.15:37:34::SCWPlatform::DSA directory /home/alexey/programming/fpga/workspace/zynq/hw
TRACE::2026-09-13.15:37:34::SCWPlatform:: Platform Path /home/alexey/programming/fpga/workspace/zynq/hw/zynq.xsa
TRACE::2026-09-13.15:37:34::SCWPlatform:: Unique name xilinx:::0.0
TRACE::2026-09-13.15:37:34::SCWPlatform::Trying to set the existing hwdb with name zynq_wrapper_1
TRACE::2026-09-13.15:37:34::SCWPlatform::Opened existing hwdb zynq_wrapper_1
TRACE::2026-09-13.15:37:34::SCWPlatform::Found the Hw Db part of the input DSA
TRACE::2026-09-13.15:37:34::SCWMssOS::Checking the sw design at  /home/alexey/programming/fpga/workspace/zynq/zynq_fsbl/zynq_fsbl_bsp/system.mss
TRACE::2026-09-13.15:37:34::SCWMssOS::DEBUG:  swdes dump  /home/alexey/programming/fpga/workspace/zynq/zynq_fsbl/zynq_fsbl_bsp/system.mss|system||

TRACE::2026-09-13.15:37:34::SCWMssOS::Sw design exists and opened at  /home/alexey/programming/fpga/workspace/zynq/zynq_fsbl/zynq_fsbl_bsp/system.mss
TRACE::2026-09-13.15:37:34::SCWPlatform::Trying to open the hw design at /home/alexey/programming/fpga/workspace/zynq/hw/zynq.xsa
TRACE::2026-09-13.15:37:34::SCWPlatform::DSA given /home/alexey/programming/fpga/workspace/zynq/hw/zynq.xsa
TRACE::2026-09-13.15:37:34::SCWPlatform::DSA absoulate path /home/alexey/programming/fpga/workspace/zynq/hw/zynq.xsa
TRACE::2026-09-13.15:37:34::SCWPlatform::DSA directory /home/alexey/programming/fpga/workspace/zynq/hw
TRACE::2026-09-13.15:37:34::SCWPlatform:: Platform Path /home/alexey/programming/fpga/workspace/zynq/hw/zynq.xsa
TRACE::2026-09-13.15:37:34::SCWPlatform:: Unique name xilinx:::0.0
TRACE::2026-09-13.15:37:34::SCWPlatform::Trying to set the existing hwdb with name zynq_wrapper_1
TRACE::2026-09-13.15:37:34::SCWPlatform::Opened existing hwdb zynq_wrapper_1
TRACE::2026-09-13.15:37:34::SCWPlatform::Found the Hw Db part of the input DSA
TRACE::2026-09-13.15:37:34::SCWMssOS::Checking the sw design at  /home/alexey/programming/fpga/workspace/zynq/zynq_fsbl/zynq_fsbl_bsp/system.mss
TRACE::2026-09-13.15:37:34::SCWMssOS::DEBUG:  swdes dump  /home/alexey/programming/fpga/workspace/zynq/zynq_fsbl/zynq_fsbl_bsp/system.mss|system||

TRACE::2026-09-13.15:37:34::SCWMssOS::Sw design exists and opened at  /home/alexey/programming/fpga/workspace/zynq/zynq_fsbl/zynq_fsbl_bsp/system.mss
TRACE::2026-09-13.15:37:34::SCWPlatform::Trying to open the hw design at /home/alexey/programming/fpga/workspace/zynq/hw/zynq.xsa
TRACE::2026-09-13.15:37:34::SCWPlatform::DSA given /home/alexey/programming/fpga/workspace/zynq/hw/zynq.xsa
TRACE::2026-09-13.15:37:34::SCWPlatform::DSA absoulate path /home/alexey/programming/fpga/workspace/zynq/hw/zynq.xsa
TRACE::2026-09-13.15:37:34::SCWPlatform::DSA directory /home/alexey/programming/fpga/workspace/zynq/hw
TRACE::2026-09-13.15:37:34::SCWPlatform:: Platform Path /home/alexey/programming/fpga/workspace/zynq/hw/zynq.xsa
TRACE::2026-09-13.15:37:34::SCWPlatform:: Unique name xilinx:::0.0
TRACE::2026-09-13.15:37:34::SCWPlatform::Trying to set the existing hwdb with name zynq_wrapper_1
TRACE::2026-09-13.15:37:34::SCWPlatform::Opened existing hwdb zynq_wrapper_1
TRACE::2026-09-13.15:37:34::SCWPlatform::Found the Hw Db part of the input DSA
TRACE::2026-09-13.15:37:34::SCWMssOS::Checking the sw design at  /home/alexey/programming/fpga/workspace/zynq/zynq_fsbl/zynq_fsbl_bsp/system.mss
TRACE::2026-09-13.15:37:34::SCWMssOS::DEBUG:  swdes dump  /home/alexey/programming/fpga/workspace/zynq/zynq_fsbl/zynq_fsbl_bsp/system.mss|system||

TRACE::2026-09-13.15:37:34::SCWMssOS::Sw design exists and opened at  /home/alexey/programming/fpga/workspace/zynq/zynq_fsbl/zynq_fsbl_bsp/system.mss
TRACE::2026-09-13.15:37:34::SCWWriter::formatted JSON is {
	"platformName":	"zynq",
	"sprVersion":	"2.0",
	"mode":	"gui",
	"dsaType":	"Fixed",
	"platformDesc":	"zynq",
	"platHandOff":	"<platformDir>.xsa",
	"platIntHandOff":	"<platformDir>/hw/zynq.xsa",
	"deviceType":	"zynq",
	"platIsPrebuiltAutogen":	"false",
	"platIsNoBootBsp":	"false",
	"platFsblTarget":	"ps7_cortexa9_0",
	"hasFsblMakeHasChanges":	"false",
	"hasPmufwMakeHasChanges":	"false",
	"fsblExtraCompilerFlags":	"-MMD -MP       -mcpu=cortex-a9 -mfpu=vfpv3 -mfloat-abi=hard ",
	"platPreBuiltFlag":	false,
	"platformSamplesDir":	"",
	"platActiveSys":	"zynq",
	"systems":	[{
			"systemName":	"zynq",
			"systemDesc":	"zynq",
			"sysIsBootAutoGen":	"true",
			"systemDispName":	"zynq",
			"sysActiveDom":	"zynq_fsbl",
			"sysDefaultDom":	"",
			"domains":	[{
					"domainName":	"zynq_fsbl",
					"domainDispName":	"zynq_fsbl",
					"domainDesc":	"FSBL Application BSP - Auto Generated.",
					"processors":	"ps7_cortexa9_0",
					"os":	"standalone",
					"sdxOs":	"standalone",
					"debugEnable":	"",
					"domRuntimes":	["cpp"],
					"swRepo":	"",
					"mssOsVer":	"7.3",
					"mssFile":	"",
					"md5Digest":	"549c520564147d15fc13b42c1266c9e5",
					"compatibleApp":	"zynq_fsbl",
					"domType":	"bootDomain",
					"arch":	"32-bit",
					"appSettings":	{
						"appCompilerFlags":	"",
						"appLinkerFlags":	""
					},
					"addedLibs":	["xilffs:4.4", "xilrsa:1.6"],
					"libOptions":	{
						"libsContainingOptions":	[]
					},
					"prebuiltLibs":	{
						"prebuiltIncPath":	[],
						"prebuiltLibPath":	[]
					},
					"isolation":	{
					}
				}]
		}]
}
TRACE::2026-09-13.15:37:34::SCWMssOS::Saving the mss changes /home/alexey/programming/fpga/workspace/zynq/zynq_fsbl/zynq_fsbl_bsp/system.mss
TRACE::2026-09-13.15:37:34::SCWMssOS::Found a swdesign opened with the mssfile.
TRACE::2026-09-13.15:37:34::SCWMssOS::Completed writemss as part of save.
TRACE::2026-09-13.15:37:34::SCWMssOS::Commit changes completed.
TRACE::2026-09-13.15:37:34::SCWPlatform::Trying to open the hw design at /home/alexey/programming/fpga/workspace/zynq/hw/zynq.xsa
TRACE::2026-09-13.15:37:34::SCWPlatform::DSA given /home/alexey/programming/fpga/workspace/zynq/hw/zynq.xsa
TRACE::2026-09-13.15:37:34::SCWPlatform::DSA absoulate path /home/alexey/programming/fpga/workspace/zynq/hw/zynq.xsa
TRACE::2026-09-13.15:37:34::SCWPlatform::DSA directory /home/alexey/programming/fpga/workspace/zynq/hw
TRACE::2026-09-13.15:37:34::SCWPlatform:: Platform Path /home/alexey/programming/fpga/workspace/zynq/hw/zynq.xsa
TRACE::2026-09-13.15:37:34::SCWPlatform:: Unique name xilinx:::0.0
TRACE::2026-09-13.15:37:34::SCWPlatform::Trying to set the existing hwdb with name zynq_wrapper_1
TRACE::2026-09-13.15:37:34::SCWPlatform::Opened existing hwdb zynq_wrapper_1
TRACE::2026-09-13.15:37:34::SCWPlatform::Found the Hw Db part of the input DSA
TRACE::2026-09-13.15:37:34::SCWMssOS::Checking the sw design at  /home/alexey/programming/fpga/workspace/zynq/zynq_fsbl/zynq_fsbl_bsp/system.mss
TRACE::2026-09-13.15:37:34::SCWMssOS::DEBUG:  swdes dump  /home/alexey/programming/fpga/workspace/zynq/zynq_fsbl/zynq_fsbl_bsp/system.mss|system||

TRACE::2026-09-13.15:37:34::SCWMssOS::Sw design exists and opened at  /home/alexey/programming/fpga/workspace/zynq/zynq_fsbl/zynq_fsbl_bsp/system.mss
TRACE::2026-09-13.15:37:34::SCWPlatform::Trying to open the hw design at /home/alexey/programming/fpga/workspace/zynq/hw/zynq.xsa
TRACE::2026-09-13.15:37:34::SCWPlatform::DSA given /home/alexey/programming/fpga/workspace/zynq/hw/zynq.xsa
TRACE::2026-09-13.15:37:34::SCWPlatform::DSA absoulate path /home/alexey/programming/fpga/workspace/zynq/hw/zynq.xsa
TRACE::2026-09-13.15:37:34::SCWPlatform::DSA directory /home/alexey/programming/fpga/workspace/zynq/hw
TRACE::2026-09-13.15:37:34::SCWPlatform:: Platform Path /home/alexey/programming/fpga/workspace/zynq/hw/zynq.xsa
TRACE::2026-09-13.15:37:34::SCWPlatform:: Unique name xilinx:::0.0
TRACE::2026-09-13.15:37:34::SCWPlatform::Trying to set the existing hwdb with name zynq_wrapper_1
TRACE::2026-09-13.15:37:34::SCWPlatform::Opened existing hwdb zynq_wrapper_1
TRACE::2026-09-13.15:37:34::SCWPlatform::Found the Hw Db part of the input DSA
TRACE::2026-09-13.15:37:34::SCWMssOS::Checking the sw design at  /home/alexey/programming/fpga/workspace/zynq/zynq_fsbl/zynq_fsbl_bsp/system.mss
TRACE::2026-09-13.15:37:34::SCWMssOS::DEBUG:  swdes dump  /home/alexey/programming/fpga/workspace/zynq/zynq_fsbl/zynq_fsbl_bsp/system.mss|system||

TRACE::2026-09-13.15:37:34::SCWMssOS::Sw design exists and opened at  /home/alexey/programming/fpga/workspace/zynq/zynq_fsbl/zynq_fsbl_bsp/system.mss
TRACE::2026-09-13.15:37:34::SCWPlatform::Trying to open the hw design at /home/alexey/programming/fpga/workspace/zynq/hw/zynq.xsa
TRACE::2026-09-13.15:37:34::SCWPlatform::DSA given /home/alexey/programming/fpga/workspace/zynq/hw/zynq.xsa
TRACE::2026-09-13.15:37:34::SCWPlatform::DSA absoulate path /home/alexey/programming/fpga/workspace/zynq/hw/zynq.xsa
TRACE::2026-09-13.15:37:34::SCWPlatform::DSA directory /home/alexey/programming/fpga/workspace/zynq/hw
TRACE::2026-09-13.15:37:34::SCWPlatform:: Platform Path /home/alexey/programming/fpga/workspace/zynq/hw/zynq.xsa
TRACE::2026-09-13.15:37:34::SCWPlatform:: Unique name xilinx:::0.0
TRACE::2026-09-13.15:37:34::SCWPlatform::Trying to set the existing hwdb with name zynq_wrapper_1
TRACE::2026-09-13.15:37:34::SCWPlatform::Opened existing hwdb zynq_wrapper_1
TRACE::2026-09-13.15:37:34::SCWPlatform::Found the Hw Db part of the input DSA
TRACE::2026-09-13.15:37:34::SCWMssOS::Checking the sw design at  /home/alexey/programming/fpga/workspace/zynq/zynq_fsbl/zynq_fsbl_bsp/system.mss
TRACE::2026-09-13.15:37:34::SCWMssOS::DEBUG:  swdes dump  /home/alexey/programming/fpga/workspace/zynq/zynq_fsbl/zynq_fsbl_bsp/system.mss|system||

TRACE::2026-09-13.15:37:34::SCWMssOS::Sw design exists and opened at  /home/alexey/programming/fpga/workspace/zynq/zynq_fsbl/zynq_fsbl_bsp/system.mss
TRACE::2026-09-13.15:37:34::SCWWriter::formatted JSON is {
	"platformName":	"zynq",
	"sprVersion":	"2.0",
	"mode":	"gui",
	"dsaType":	"Fixed",
	"platformDesc":	"zynq",
	"platHandOff":	"<platformDir>.xsa",
	"platIntHandOff":	"<platformDir>/hw/zynq.xsa",
	"deviceType":	"zynq",
	"platIsPrebuiltAutogen":	"false",
	"platIsNoBootBsp":	"false",
	"platFsblTarget":	"ps7_cortexa9_0",
	"hasFsblMakeHasChanges":	"false",
	"hasPmufwMakeHasChanges":	"false",
	"fsblExtraCompilerFlags":	"-MMD -MP       -mcpu=cortex-a9 -mfpu=vfpv3 -mfloat-abi=hard ",
	"platPreBuiltFlag":	false,
	"platformSamplesDir":	"",
	"platActiveSys":	"zynq",
	"systems":	[{
			"systemName":	"zynq",
			"systemDesc":	"zynq",
			"sysIsBootAutoGen":	"true",
			"systemDispName":	"zynq",
			"sysActiveDom":	"zynq_fsbl",
			"sysDefaultDom":	"",
			"domains":	[{
					"domainName":	"zynq_fsbl",
					"domainDispName":	"zynq_fsbl",
					"domainDesc":	"FSBL Application BSP - Auto Generated.",
					"processors":	"ps7_cortexa9_0",
					"os":	"standalone",
					"sdxOs":	"standalone",
					"debugEnable":	"",
					"domRuntimes":	["cpp"],
					"swRepo":	"",
					"mssOsVer":	"7.3",
					"mssFile":	"",
					"md5Digest":	"549c520564147d15fc13b42c1266c9e5",
					"compatibleApp":	"zynq_fsbl",
					"domType":	"bootDomain",
					"arch":	"32-bit",
					"appSettings":	{
						"appCompilerFlags":	"",
						"appLinkerFlags":	""
					},
					"addedLibs":	["xilffs:4.4", "xilrsa:1.6"],
					"libOptions":	{
						"libsContainingOptions":	[]
					},
					"prebuiltLibs":	{
						"prebuiltIncPath":	[],
						"prebuiltLibPath":	[]
					},
					"isolation":	{
					}
				}]
		}]
}
TRACE::2026-09-13.15:37:34::SCWDomain::checking for install qemu data   : 
TRACE::2026-09-13.15:37:34::SCWDomain:: Using the QEMU Data from install at  : /home/alexey/Xilinx/Vitis/2020.2/data/emulation/platforms/zynq/sw/a9_standalone/qemu/
TRACE::2026-09-13.15:37:34::SCWDomain:: Using the QEMU args  from install at  : /home/alexey/Xilinx/Vitis/2020.2/data/emulation/platforms/zynq/sw/a9_standalone/qemu/qemu_args.txt
TRACE::2026-09-13.15:37:34::SCWPlatform::Trying to open the hw design at /home/alexey/programming/fpga/workspace/zynq/hw/zynq.xsa
TRACE::2026-09-13.15:37:34::SCWPlatform::DSA given /home/alexey/programming/fpga/workspace/zynq/hw/zynq.xsa
TRACE::2026-09-13.15:37:34::SCWPlatform::DSA absoulate path /home/alexey/programming/fpga/workspace/zynq/hw/zynq.xsa
TRACE::2026-09-13.15:37:34::SCWPlatform::DSA directory /home/alexey/programming/fpga/workspace/zynq/hw
TRACE::2026-09-13.15:37:34::SCWPlatform:: Platform Path /home/alexey/programming/fpga/workspace/zynq/hw/zynq.xsa
TRACE::2026-09-13.15:37:34::SCWPlatform:: Unique name xilinx:::0.0
TRACE::2026-09-13.15:37:34::SCWPlatform::Trying to set the existing hwdb with name zynq_wrapper_1
TRACE::2026-09-13.15:37:34::SCWPlatform::Opened existing hwdb zynq_wrapper_1
TRACE::2026-09-13.15:37:34::SCWPlatform::Found the Hw Db part of the input DSA
TRACE::2026-09-13.15:37:34::SCWPlatform::Trying to open the hw design at /home/alexey/programming/fpga/workspace/zynq/hw/zynq.xsa
TRACE::2026-09-13.15:37:34::SCWPlatform::DSA given /home/alexey/programming/fpga/workspace/zynq/hw/zynq.xsa
TRACE::2026-09-13.15:37:34::SCWPlatform::DSA absoulate path /home/alexey/programming/fpga/workspace/zynq/hw/zynq.xsa
TRACE::2026-09-13.15:37:34::SCWPlatform::DSA directory /home/alexey/programming/fpga/workspace/zynq/hw
TRACE::2026-09-13.15:37:34::SCWPlatform:: Platform Path /home/alexey/programming/fpga/workspace/zynq/hw/zynq.xsa
TRACE::2026-09-13.15:37:34::SCWPlatform:: Unique name xilinx:::0.0
TRACE::2026-09-13.15:37:34::SCWPlatform::Trying to set the existing hwdb with name zynq_wrapper_1
TRACE::2026-09-13.15:37:34::SCWPlatform::Opened existing hwdb zynq_wrapper_1
TRACE::2026-09-13.15:37:34::SCWPlatform::Found the Hw Db part of the input DSA
TRACE::2026-09-13.15:37:34::SCWPlatform::Trying to open the hw design at /home/alexey/programming/fpga/workspace/zynq/hw/zynq.xsa
TRACE::2026-09-13.15:37:34::SCWPlatform::DSA given /home/alexey/programming/fpga/workspace/zynq/hw/zynq.xsa
TRACE::2026-09-13.15:37:34::SCWPlatform::DSA absoulate path /home/alexey/programming/fpga/workspace/zynq/hw/zynq.xsa
TRACE::2026-09-13.15:37:34::SCWPlatform::DSA directory /home/alexey/programming/fpga/workspace/zynq/hw
TRACE::2026-09-13.15:37:34::SCWPlatform:: Platform Path /home/alexey/programming/fpga/workspace/zynq/hw/zynq.xsa
TRACE::2026-09-13.15:37:34::SCWPlatform:: Unique name xilinx:::0.0
TRACE::2026-09-13.15:37:34::SCWPlatform::Trying to set the existing hwdb with name zynq_wrapper_1
TRACE::2026-09-13.15:37:34::SCWPlatform::Opened existing hwdb zynq_wrapper_1
TRACE::2026-09-13.15:37:34::SCWPlatform::Found the Hw Db part of the input DSA
TRACE::2026-09-13.15:37:34::SCWMssOS::Checking the sw design at  /home/alexey/programming/fpga/workspace/zynq/ps7_cortexa9_0/standalone_ps7_cortexa9_0/bsp/system.mss
TRACE::2026-09-13.15:37:34::SCWMssOS::DEBUG:  swdes dump  /home/alexey/programming/fpga/workspace/zynq/zynq_fsbl/zynq_fsbl_bsp/system.mss|system||

TRACE::2026-09-13.15:37:34::SCWMssOS::No sw design opened at  /home/alexey/programming/fpga/workspace/zynq/ps7_cortexa9_0/standalone_ps7_cortexa9_0/bsp/system.mss
TRACE::2026-09-13.15:37:34::SCWMssOS::mss does not exists at /home/alexey/programming/fpga/workspace/zynq/ps7_cortexa9_0/standalone_ps7_cortexa9_0/bsp/system.mss
TRACE::2026-09-13.15:37:34::SCWMssOS::Creating sw design at  /home/alexey/programming/fpga/workspace/zynq/ps7_cortexa9_0/standalone_ps7_cortexa9_0/bsp/system.mss
TRACE::2026-09-13.15:37:34::SCWMssOS::Adding the swdes entry, created swdb /home/alexey/programming/fpga/workspace/zynq/ps7_cortexa9_0/standalone_ps7_cortexa9_0/bsp/system.mss with des name /home/alexey/programming/fpga/workspace/zynq/ps7_cortexa9_0/standalone_ps7_cortexa9_0/bsp/system.mss
TRACE::2026-09-13.15:37:34::SCWMssOS::updating the scw layer changes to swdes at   /home/alexey/programming/fpga/workspace/zynq/ps7_cortexa9_0/standalone_ps7_cortexa9_0/bsp/system.mss
TRACE::2026-09-13.15:37:34::SCWMssOS::Writing mss at /home/alexey/programming/fpga/workspace/zynq/ps7_cortexa9_0/standalone_ps7_cortexa9_0/bsp/system.mss
TRACE::2026-09-13.15:37:34::SCWMssOS::Completed writing the mss file at /home/alexey/programming/fpga/workspace/zynq/ps7_cortexa9_0/standalone_ps7_cortexa9_0/bsp
TRACE::2026-09-13.15:37:34::SCWMssOS::Picking up changes from newly written mss file into SCW Layer. 
TRACE::2026-09-13.15:37:34::SCWMssOS::Updated the changes from newly written mss file into SCW Layer. 
TRACE::2026-09-13.15:37:34::SCWMssOS::Completed writing the mss file at /home/alexey/programming/fpga/workspace/zynq/ps7_cortexa9_0/standalone_ps7_cortexa9_0/bsp
TRACE::2026-09-13.15:37:34::SCWMssOS::Forcing BSP Sources regeneration.
TRACE::2026-09-13.15:37:34::SCWMssOS::Saving the mss changes /home/alexey/programming/fpga/workspace/zynq/zynq_fsbl/zynq_fsbl_bsp/system.mss
TRACE::2026-09-13.15:37:34::SCWMssOS::Found a swdesign opened with the mssfile.
TRACE::2026-09-13.15:37:34::SCWMssOS::Completed writemss as part of save.
TRACE::2026-09-13.15:37:34::SCWMssOS::Commit changes completed.
TRACE::2026-09-13.15:37:34::SCWMssOS::Saving the mss changes /home/alexey/programming/fpga/workspace/zynq/ps7_cortexa9_0/standalone_ps7_cortexa9_0/bsp/system.mss
TRACE::2026-09-13.15:37:34::SCWMssOS::Found a swdesign opened with the mssfile.
TRACE::2026-09-13.15:37:34::SCWMssOS::Running validate of swdbs.
KEYINFO::2026-09-13.15:37:34::SCWMssOS::Could not open the swdb for /home/alexey/programming/fpga/workspace/zynq/ps7_cortexa9_0/standalone_ps7_cortexa9_0/bsp/system.mss
KEYINFO::2026-09-13.15:37:34::SCWMssOS::Could not open the sw design at  /home/alexey/programming/fpga/workspace/zynq/ps7_cortexa9_0/standalone_ps7_cortexa9_0/bsp/system.mss
ERROR: [Hsi 55-1558] Software Design /home/alexey/programming/fpga/workspace/zynq/ps7_cortexa9_0/standalone_ps7_cortexa9_0/bsp/system.mss is not found

TRACE::2026-09-13.15:37:34::SCWMssOS::Cleared the swdb table entry
TRACE::2026-09-13.15:37:34::SCWMssOS::Adding the swdes entry, mss present, able to open swdb /home/alexey/programming/fpga/workspace/zynq/ps7_cortexa9_0/standalone_ps7_cortexa9_0/bsp/system.mss with des name system_0
TRACE::2026-09-13.15:37:34::SCWMssOS::Writing the mss file completed /home/alexey/programming/fpga/workspace/zynq/ps7_cortexa9_0/standalone_ps7_cortexa9_0/bsp/system.mss
TRACE::2026-09-13.15:37:34::SCWMssOS::Commit changes completed.
TRACE::2026-09-13.15:37:34::SCWPlatform::Trying to open the hw design at /home/alexey/programming/fpga/workspace/zynq/hw/zynq.xsa
TRACE::2026-09-13.15:37:34::SCWPlatform::DSA given /home/alexey/programming/fpga/workspace/zynq/hw/zynq.xsa
TRACE::2026-09-13.15:37:34::SCWPlatform::DSA absoulate path /home/alexey/programming/fpga/workspace/zynq/hw/zynq.xsa
TRACE::2026-09-13.15:37:34::SCWPlatform::DSA directory /home/alexey/programming/fpga/workspace/zynq/hw
TRACE::2026-09-13.15:37:34::SCWPlatform:: Platform Path /home/alexey/programming/fpga/workspace/zynq/hw/zynq.xsa
TRACE::2026-09-13.15:37:34::SCWPlatform:: Unique name xilinx:::0.0
TRACE::2026-09-13.15:37:34::SCWPlatform::Trying to set the existing hwdb with name zynq_wrapper_1
TRACE::2026-09-13.15:37:34::SCWPlatform::Opened existing hwdb zynq_wrapper_1
TRACE::2026-09-13.15:37:34::SCWPlatform::Found the Hw Db part of the input DSA
TRACE::2026-09-13.15:37:34::SCWMssOS::Checking the sw design at  /home/alexey/programming/fpga/workspace/zynq/zynq_fsbl/zynq_fsbl_bsp/system.mss
TRACE::2026-09-13.15:37:34::SCWMssOS::DEBUG:  swdes dump  /home/alexey/programming/fpga/workspace/zynq/ps7_cortexa9_0/standalone_ps7_cortexa9_0/bsp/system.mss|system_0||
/home/alexey/programming/fpga/workspace/zynq/zynq_fsbl/zynq_fsbl_bsp/system.mss|system||

TRACE::2026-09-13.15:37:34::SCWMssOS::Sw design exists and opened at  /home/alexey/programming/fpga/workspace/zynq/zynq_fsbl/zynq_fsbl_bsp/system.mss
TRACE::2026-09-13.15:37:34::SCWPlatform::Trying to open the hw design at /home/alexey/programming/fpga/workspace/zynq/hw/zynq.xsa
TRACE::2026-09-13.15:37:34::SCWPlatform::DSA given /home/alexey/programming/fpga/workspace/zynq/hw/zynq.xsa
TRACE::2026-09-13.15:37:34::SCWPlatform::DSA absoulate path /home/alexey/programming/fpga/workspace/zynq/hw/zynq.xsa
TRACE::2026-09-13.15:37:34::SCWPlatform::DSA directory /home/alexey/programming/fpga/workspace/zynq/hw
TRACE::2026-09-13.15:37:34::SCWPlatform:: Platform Path /home/alexey/programming/fpga/workspace/zynq/hw/zynq.xsa
TRACE::2026-09-13.15:37:34::SCWPlatform:: Unique name xilinx:::0.0
TRACE::2026-09-13.15:37:34::SCWPlatform::Trying to set the existing hwdb with name zynq_wrapper_1
TRACE::2026-09-13.15:37:34::SCWPlatform::Opened existing hwdb zynq_wrapper_1
TRACE::2026-09-13.15:37:34::SCWPlatform::Found the Hw Db part of the input DSA
TRACE::2026-09-13.15:37:34::SCWMssOS::Checking the sw design at  /home/alexey/programming/fpga/workspace/zynq/zynq_fsbl/zynq_fsbl_bsp/system.mss
TRACE::2026-09-13.15:37:34::SCWMssOS::DEBUG:  swdes dump  /home/alexey/programming/fpga/workspace/zynq/ps7_cortexa9_0/standalone_ps7_cortexa9_0/bsp/system.mss|system_0||
/home/alexey/programming/fpga/workspace/zynq/zynq_fsbl/zynq_fsbl_bsp/system.mss|system||

TRACE::2026-09-13.15:37:34::SCWMssOS::Sw design exists and opened at  /home/alexey/programming/fpga/workspace/zynq/zynq_fsbl/zynq_fsbl_bsp/system.mss
TRACE::2026-09-13.15:37:34::SCWPlatform::Trying to open the hw design at /home/alexey/programming/fpga/workspace/zynq/hw/zynq.xsa
TRACE::2026-09-13.15:37:34::SCWPlatform::DSA given /home/alexey/programming/fpga/workspace/zynq/hw/zynq.xsa
TRACE::2026-09-13.15:37:34::SCWPlatform::DSA absoulate path /home/alexey/programming/fpga/workspace/zynq/hw/zynq.xsa
TRACE::2026-09-13.15:37:34::SCWPlatform::DSA directory /home/alexey/programming/fpga/workspace/zynq/hw
TRACE::2026-09-13.15:37:34::SCWPlatform:: Platform Path /home/alexey/programming/fpga/workspace/zynq/hw/zynq.xsa
TRACE::2026-09-13.15:37:34::SCWPlatform:: Unique name xilinx:::0.0
TRACE::2026-09-13.15:37:34::SCWPlatform::Trying to set the existing hwdb with name zynq_wrapper_1
TRACE::2026-09-13.15:37:34::SCWPlatform::Opened existing hwdb zynq_wrapper_1
TRACE::2026-09-13.15:37:34::SCWPlatform::Found the Hw Db part of the input DSA
TRACE::2026-09-13.15:37:34::SCWMssOS::Checking the sw design at  /home/alexey/programming/fpga/workspace/zynq/zynq_fsbl/zynq_fsbl_bsp/system.mss
TRACE::2026-09-13.15:37:34::SCWMssOS::DEBUG:  swdes dump  /home/alexey/programming/fpga/workspace/zynq/ps7_cortexa9_0/standalone_ps7_cortexa9_0/bsp/system.mss|system_0||
/home/alexey/programming/fpga/workspace/zynq/zynq_fsbl/zynq_fsbl_bsp/system.mss|system||

TRACE::2026-09-13.15:37:34::SCWMssOS::Sw design exists and opened at  /home/alexey/programming/fpga/workspace/zynq/zynq_fsbl/zynq_fsbl_bsp/system.mss
TRACE::2026-09-13.15:37:34::SCWPlatform::Trying to open the hw design at /home/alexey/programming/fpga/workspace/zynq/hw/zynq.xsa
TRACE::2026-09-13.15:37:34::SCWPlatform::DSA given /home/alexey/programming/fpga/workspace/zynq/hw/zynq.xsa
TRACE::2026-09-13.15:37:34::SCWPlatform::DSA absoulate path /home/alexey/programming/fpga/workspace/zynq/hw/zynq.xsa
TRACE::2026-09-13.15:37:34::SCWPlatform::DSA directory /home/alexey/programming/fpga/workspace/zynq/hw
TRACE::2026-09-13.15:37:34::SCWPlatform:: Platform Path /home/alexey/programming/fpga/workspace/zynq/hw/zynq.xsa
TRACE::2026-09-13.15:37:34::SCWPlatform:: Unique name xilinx:::0.0
TRACE::2026-09-13.15:37:34::SCWPlatform::Trying to set the existing hwdb with name zynq_wrapper_1
TRACE::2026-09-13.15:37:34::SCWPlatform::Opened existing hwdb zynq_wrapper_1
TRACE::2026-09-13.15:37:34::SCWPlatform::Found the Hw Db part of the input DSA
TRACE::2026-09-13.15:37:34::SCWMssOS::Checking the sw design at  /home/alexey/programming/fpga/workspace/zynq/ps7_cortexa9_0/standalone_ps7_cortexa9_0/bsp/system.mss
TRACE::2026-09-13.15:37:34::SCWMssOS::DEBUG:  swdes dump  /home/alexey/programming/fpga/workspace/zynq/ps7_cortexa9_0/standalone_ps7_cortexa9_0/bsp/system.mss|system_0||
/home/alexey/programming/fpga/workspace/zynq/zynq_fsbl/zynq_fsbl_bsp/system.mss|system||

TRACE::2026-09-13.15:37:34::SCWMssOS::Sw design exists and opened at  /home/alexey/programming/fpga/workspace/zynq/ps7_cortexa9_0/standalone_ps7_cortexa9_0/bsp/system.mss
TRACE::2026-09-13.15:37:34::SCWPlatform::Trying to open the hw design at /home/alexey/programming/fpga/workspace/zynq/hw/zynq.xsa
TRACE::2026-09-13.15:37:34::SCWPlatform::DSA given /home/alexey/programming/fpga/workspace/zynq/hw/zynq.xsa
TRACE::2026-09-13.15:37:34::SCWPlatform::DSA absoulate path /home/alexey/programming/fpga/workspace/zynq/hw/zynq.xsa
TRACE::2026-09-13.15:37:34::SCWPlatform::DSA directory /home/alexey/programming/fpga/workspace/zynq/hw
TRACE::2026-09-13.15:37:34::SCWPlatform:: Platform Path /home/alexey/programming/fpga/workspace/zynq/hw/zynq.xsa
TRACE::2026-09-13.15:37:34::SCWPlatform:: Unique name xilinx:::0.0
TRACE::2026-09-13.15:37:34::SCWPlatform::Trying to set the existing hwdb with name zynq_wrapper_1
TRACE::2026-09-13.15:37:34::SCWPlatform::Opened existing hwdb zynq_wrapper_1
TRACE::2026-09-13.15:37:34::SCWPlatform::Found the Hw Db part of the input DSA
TRACE::2026-09-13.15:37:34::SCWMssOS::Checking the sw design at  /home/alexey/programming/fpga/workspace/zynq/ps7_cortexa9_0/standalone_ps7_cortexa9_0/bsp/system.mss
TRACE::2026-09-13.15:37:34::SCWMssOS::DEBUG:  swdes dump  /home/alexey/programming/fpga/workspace/zynq/ps7_cortexa9_0/standalone_ps7_cortexa9_0/bsp/system.mss|system_0||
/home/alexey/programming/fpga/workspace/zynq/zynq_fsbl/zynq_fsbl_bsp/system.mss|system||

TRACE::2026-09-13.15:37:34::SCWMssOS::Sw design exists and opened at  /home/alexey/programming/fpga/workspace/zynq/ps7_cortexa9_0/standalone_ps7_cortexa9_0/bsp/system.mss
TRACE::2026-09-13.15:37:34::SCWPlatform::Trying to open the hw design at /home/alexey/programming/fpga/workspace/zynq/hw/zynq.xsa
TRACE::2026-09-13.15:37:34::SCWPlatform::DSA given /home/alexey/programming/fpga/workspace/zynq/hw/zynq.xsa
TRACE::2026-09-13.15:37:34::SCWPlatform::DSA absoulate path /home/alexey/programming/fpga/workspace/zynq/hw/zynq.xsa
TRACE::2026-09-13.15:37:34::SCWPlatform::DSA directory /home/alexey/programming/fpga/workspace/zynq/hw
TRACE::2026-09-13.15:37:34::SCWPlatform:: Platform Path /home/alexey/programming/fpga/workspace/zynq/hw/zynq.xsa
TRACE::2026-09-13.15:37:34::SCWPlatform:: Unique name xilinx:::0.0
TRACE::2026-09-13.15:37:34::SCWPlatform::Trying to set the existing hwdb with name zynq_wrapper_1
TRACE::2026-09-13.15:37:34::SCWPlatform::Opened existing hwdb zynq_wrapper_1
TRACE::2026-09-13.15:37:34::SCWPlatform::Found the Hw Db part of the input DSA
TRACE::2026-09-13.15:37:34::SCWMssOS::Checking the sw design at  /home/alexey/programming/fpga/workspace/zynq/ps7_cortexa9_0/standalone_ps7_cortexa9_0/bsp/system.mss
TRACE::2026-09-13.15:37:34::SCWMssOS::DEBUG:  swdes dump  /home/alexey/programming/fpga/workspace/zynq/ps7_cortexa9_0/standalone_ps7_cortexa9_0/bsp/system.mss|system_0||
/home/alexey/programming/fpga/workspace/zynq/zynq_fsbl/zynq_fsbl_bsp/system.mss|system||

TRACE::2026-09-13.15:37:34::SCWMssOS::Sw design exists and opened at  /home/alexey/programming/fpga/workspace/zynq/ps7_cortexa9_0/standalone_ps7_cortexa9_0/bsp/system.mss
TRACE::2026-09-13.15:37:34::SCWWriter::formatted JSON is {
	"platformName":	"zynq",
	"sprVersion":	"2.0",
	"mode":	"gui",
	"dsaType":	"Fixed",
	"platformDesc":	"zynq",
	"platHandOff":	"<platformDir>.xsa",
	"platIntHandOff":	"<platformDir>/hw/zynq.xsa",
	"deviceType":	"zynq",
	"platIsPrebuiltAutogen":	"false",
	"platIsNoBootBsp":	"false",
	"platFsblTarget":	"ps7_cortexa9_0",
	"hasFsblMakeHasChanges":	"false",
	"hasPmufwMakeHasChanges":	"false",
	"fsblExtraCompilerFlags":	"-MMD -MP       -mcpu=cortex-a9 -mfpu=vfpv3 -mfloat-abi=hard ",
	"platPreBuiltFlag":	false,
	"platformSamplesDir":	"",
	"platActiveSys":	"zynq",
	"systems":	[{
			"systemName":	"zynq",
			"systemDesc":	"zynq",
			"sysIsBootAutoGen":	"true",
			"systemDispName":	"zynq",
			"sysActiveDom":	"standalone_ps7_cortexa9_0",
			"sysDefaultDom":	"standalone_ps7_cortexa9_0",
			"domains":	[{
					"domainName":	"zynq_fsbl",
					"domainDispName":	"zynq_fsbl",
					"domainDesc":	"FSBL Application BSP - Auto Generated.",
					"processors":	"ps7_cortexa9_0",
					"os":	"standalone",
					"sdxOs":	"standalone",
					"debugEnable":	"",
					"domRuntimes":	["cpp"],
					"swRepo":	"",
					"mssOsVer":	"7.3",
					"mssFile":	"",
					"md5Digest":	"549c520564147d15fc13b42c1266c9e5",
					"compatibleApp":	"zynq_fsbl",
					"domType":	"bootDomain",
					"arch":	"32-bit",
					"appSettings":	{
						"appCompilerFlags":	"",
						"appLinkerFlags":	""
					},
					"addedLibs":	["xilffs:4.4", "xilrsa:1.6"],
					"libOptions":	{
						"libsContainingOptions":	[]
					},
					"prebuiltLibs":	{
						"prebuiltIncPath":	[],
						"prebuiltLibPath":	[]
					},
					"isolation":	{
					}
				}, {
					"domainName":	"standalone_ps7_cortexa9_0",
					"domainDispName":	"standalone_ps7_cortexa9_0",
					"domainDesc":	"standalone_ps7_cortexa9_0",
					"processors":	"ps7_cortexa9_0",
					"os":	"standalone",
					"sdxOs":	"standalone",
					"qemuArgs":	"/home/alexey/Xilinx/Vitis/2020.2/data/emulation/platforms/zynq/sw/a9_standalone/qemu/qemu_args.txt",
					"qemuData":	"/home/alexey/Xilinx/Vitis/2020.2/data/emulation/platforms/zynq/sw/a9_standalone/qemu/",
					"debugEnable":	"False",
					"domRuntimes":	["cpp"],
					"swRepo":	"",
					"mssOsVer":	"7.3",
					"mssFile":	"",
					"md5Digest":	"1d39d5db6aedca872f43ae36eb2fab9f",
					"compatibleApp":	"lwip_udp_perf_client",
					"domType":	"mssDomain",
					"arch":	"32-bit",
					"appSettings":	{
						"appCompilerFlags":	"",
						"appLinkerFlags":	""
					},
					"addedLibs":	["lwip211:1.3"],
					"libOptions":	{
						"libsContainingOptions":	[]
					},
					"prebuiltLibs":	{
						"prebuiltIncPath":	[],
						"prebuiltLibPath":	[]
					},
					"isolation":	{
					}
				}]
		}]
}
LOG::2026-09-13.15:37:34::SCWPlatform::Started generating the artifacts platform zynq
TRACE::2026-09-13.15:37:34::SCWPlatform::Sanity checking of platform is completed
LOG::2026-09-13.15:37:34::SCWPlatform::Started generating the artifacts for system configuration zynq
LOG::2026-09-13.15:37:34::SCWSystem::Checking the domain zynq_fsbl
LOG::2026-09-13.15:37:34::SCWSystem::Doing application build for :  zynq_fsbl
TRACE::2026-09-13.15:37:34::SCWBDomain::Not a forced makefile updation, No changes are present. 
TRACE::2026-09-13.15:37:34::SCWDomain::Skipping the build for domain :  zynq_fsbl
LOG::2026-09-13.15:37:34::SCWSystem::Checking the domain standalone_ps7_cortexa9_0
LOG::2026-09-13.15:37:34::SCWSystem::Not a boot domain 
LOG::2026-09-13.15:37:34::SCWSystem::Started Processing the domain standalone_ps7_cortexa9_0
TRACE::2026-09-13.15:37:34::SCWDomain::Generating domain artifcats
TRACE::2026-09-13.15:37:34::SCWMssOS::Generating standalone artifcats
TRACE::2026-09-13.15:37:34::SCWMssOS::Copying the qemu file from  /home/alexey/Xilinx/Vitis/2020.2/data/emulation/platforms/zynq/sw/a9_standalone/qemu/qemu_args.txt To /home/alexey/programming/fpga/workspace/zynq/export/zynq/sw/zynq/qemu/
TRACE::2026-09-13.15:37:34::SCWMssOS::Copying the qemu file from  /home/alexey/Xilinx/Vitis/2020.2/data/emulation/platforms/zynq/sw/a9_standalone/qemu/qemu_args.txt To /home/alexey/programming/fpga/workspace/zynq/export/zynq/sw/zynq/standalone_ps7_cortexa9_0/qemu/
TRACE::2026-09-13.15:37:34::SCWMssOS:: Copying the user libraries. 
TRACE::2026-09-13.15:37:34::SCWPlatform::Trying to open the hw design at /home/alexey/programming/fpga/workspace/zynq/hw/zynq.xsa
TRACE::2026-09-13.15:37:34::SCWPlatform::DSA given /home/alexey/programming/fpga/workspace/zynq/hw/zynq.xsa
TRACE::2026-09-13.15:37:34::SCWPlatform::DSA absoulate path /home/alexey/programming/fpga/workspace/zynq/hw/zynq.xsa
TRACE::2026-09-13.15:37:34::SCWPlatform::DSA directory /home/alexey/programming/fpga/workspace/zynq/hw
TRACE::2026-09-13.15:37:34::SCWPlatform:: Platform Path /home/alexey/programming/fpga/workspace/zynq/hw/zynq.xsa
TRACE::2026-09-13.15:37:34::SCWPlatform:: Unique name xilinx:::0.0
TRACE::2026-09-13.15:37:34::SCWPlatform::Trying to set the existing hwdb with name zynq_wrapper_1
TRACE::2026-09-13.15:37:34::SCWPlatform::Opened existing hwdb zynq_wrapper_1
TRACE::2026-09-13.15:37:34::SCWPlatform::Found the Hw Db part of the input DSA
TRACE::2026-09-13.15:37:34::SCWMssOS::Checking the sw design at  /home/alexey/programming/fpga/workspace/zynq/ps7_cortexa9_0/standalone_ps7_cortexa9_0/bsp/system.mss
TRACE::2026-09-13.15:37:34::SCWMssOS::DEBUG:  swdes dump  /home/alexey/programming/fpga/workspace/zynq/ps7_cortexa9_0/standalone_ps7_cortexa9_0/bsp/system.mss|system_0||
/home/alexey/programming/fpga/workspace/zynq/zynq_fsbl/zynq_fsbl_bsp/system.mss|system||

TRACE::2026-09-13.15:37:34::SCWMssOS::Sw design exists and opened at  /home/alexey/programming/fpga/workspace/zynq/ps7_cortexa9_0/standalone_ps7_cortexa9_0/bsp/system.mss
TRACE::2026-09-13.15:37:34::SCWMssOS::Completed writing the mss file at /home/alexey/programming/fpga/workspace/zynq/ps7_cortexa9_0/standalone_ps7_cortexa9_0/bsp
TRACE::2026-09-13.15:37:34::SCWMssOS::Mss edits present, copying mssfile into export location /home/alexey/programming/fpga/workspace/zynq/ps7_cortexa9_0/standalone_ps7_cortexa9_0/bsp/system.mss
TRACE::2026-09-13.15:37:34::SCWMssOS::bsp generated is upto date with the mss file. Skipping bsp generation.
TRACE::2026-09-13.15:37:34::SCWMssOS::BSP is already built. skipping the bsp build ... 
TRACE::2026-09-13.15:37:34::SCWDomain::Skipping the build for domain :  standalone_ps7_cortexa9_0
TRACE::2026-09-13.15:37:34::SCWMssOS::skipping the bsp build ... 
TRACE::2026-09-13.15:37:34::SCWMssOS::Copying to export directory.
TRACE::2026-09-13.15:37:34::SCWMssOS:: Checking if to create the Supporting Applications
TRACE::2026-09-13.15:37:34::SCWMssOS:: No Linux domain exists, trying to generate FSBL 
TRACE::2026-09-13.15:37:34::SCWMssOS:: Completed Standalone Artifacts creation 
LOG::2026-09-13.15:37:34::SCWSystem::Completed Processing the domain standalone_ps7_cortexa9_0
LOG::2026-09-13.15:37:34::SCWSystem::Completed Processing the sysconfig zynq
LOG::2026-09-13.15:37:34::SCWPlatform::Completed generating the artifacts for system configuration zynq
TRACE::2026-09-13.15:37:34::SCWPlatform::Started preparing the platform 
TRACE::2026-09-13.15:37:34::SCWSystem::Writing the bif file for system config zynq
TRACE::2026-09-13.15:37:34::SCWSystem::dir created 
TRACE::2026-09-13.15:37:34::SCWSystem::Writing the bif 
TRACE::2026-09-13.15:37:34::SCWPlatform::Started writing the spfm file 
TRACE::2026-09-13.15:37:34::SCWPlatform::Started writing the xpfm file 
TRACE::2026-09-13.15:37:34::SCWPlatform::Completed generating the platform
TRACE::2026-09-13.15:37:34::SCWMssOS::Saving the mss changes /home/alexey/programming/fpga/workspace/zynq/zynq_fsbl/zynq_fsbl_bsp/system.mss
TRACE::2026-09-13.15:37:34::SCWMssOS::Found a swdesign opened with the mssfile.
TRACE::2026-09-13.15:37:34::SCWMssOS::Completed writemss as part of save.
TRACE::2026-09-13.15:37:34::SCWMssOS::Commit changes completed.
TRACE::2026-09-13.15:37:34::SCWMssOS::Saving the mss changes /home/alexey/programming/fpga/workspace/zynq/ps7_cortexa9_0/standalone_ps7_cortexa9_0/bsp/system.mss
TRACE::2026-09-13.15:37:34::SCWMssOS::Found a swdesign opened with the mssfile.
TRACE::2026-09-13.15:37:34::SCWMssOS::Completed writemss as part of save.
TRACE::2026-09-13.15:37:34::SCWMssOS::Commit changes completed.
TRACE::2026-09-13.15:37:34::SCWPlatform::Trying to open the hw design at /home/alexey/programming/fpga/workspace/zynq/hw/zynq.xsa
TRACE::2026-09-13.15:37:34::SCWPlatform::DSA given /home/alexey/programming/fpga/workspace/zynq/hw/zynq.xsa
TRACE::2026-09-13.15:37:34::SCWPlatform::DSA absoulate path /home/alexey/programming/fpga/workspace/zynq/hw/zynq.xsa
TRACE::2026-09-13.15:37:34::SCWPlatform::DSA directory /home/alexey/programming/fpga/workspace/zynq/hw
TRACE::2026-09-13.15:37:34::SCWPlatform:: Platform Path /home/alexey/programming/fpga/workspace/zynq/hw/zynq.xsa
TRACE::2026-09-13.15:37:34::SCWPlatform:: Unique name xilinx:::0.0
TRACE::2026-09-13.15:37:34::SCWPlatform::Trying to set the existing hwdb with name zynq_wrapper_1
TRACE::2026-09-13.15:37:34::SCWPlatform::Opened existing hwdb zynq_wrapper_1
TRACE::2026-09-13.15:37:34::SCWPlatform::Found the Hw Db part of the input DSA
TRACE::2026-09-13.15:37:34::SCWMssOS::Checking the sw design at  /home/alexey/programming/fpga/workspace/zynq/zynq_fsbl/zynq_fsbl_bsp/system.mss
TRACE::2026-09-13.15:37:34::SCWMssOS::DEBUG:  swdes dump  /home/alexey/programming/fpga/workspace/zynq/ps7_cortexa9_0/standalone_ps7_cortexa9_0/bsp/system.mss|system_0||
/home/alexey/programming/fpga/workspace/zynq/zynq_fsbl/zynq_fsbl_bsp/system.mss|system||

TRACE::2026-09-13.15:37:34::SCWMssOS::Sw design exists and opened at  /home/alexey/programming/fpga/workspace/zynq/zynq_fsbl/zynq_fsbl_bsp/system.mss
TRACE::2026-09-13.15:37:34::SCWPlatform::Trying to open the hw design at /home/alexey/programming/fpga/workspace/zynq/hw/zynq.xsa
TRACE::2026-09-13.15:37:34::SCWPlatform::DSA given /home/alexey/programming/fpga/workspace/zynq/hw/zynq.xsa
TRACE::2026-09-13.15:37:34::SCWPlatform::DSA absoulate path /home/alexey/programming/fpga/workspace/zynq/hw/zynq.xsa
TRACE::2026-09-13.15:37:34::SCWPlatform::DSA directory /home/alexey/programming/fpga/workspace/zynq/hw
TRACE::2026-09-13.15:37:34::SCWPlatform:: Platform Path /home/alexey/programming/fpga/workspace/zynq/hw/zynq.xsa
TRACE::2026-09-13.15:37:34::SCWPlatform:: Unique name xilinx:::0.0
TRACE::2026-09-13.15:37:34::SCWPlatform::Trying to set the existing hwdb with name zynq_wrapper_1
TRACE::2026-09-13.15:37:34::SCWPlatform::Opened existing hwdb zynq_wrapper_1
TRACE::2026-09-13.15:37:34::SCWPlatform::Found the Hw Db part of the input DSA
TRACE::2026-09-13.15:37:34::SCWMssOS::Checking the sw design at  /home/alexey/programming/fpga/workspace/zynq/zynq_fsbl/zynq_fsbl_bsp/system.mss
TRACE::2026-09-13.15:37:34::SCWMssOS::DEBUG:  swdes dump  /home/alexey/programming/fpga/workspace/zynq/ps7_cortexa9_0/standalone_ps7_cortexa9_0/bsp/system.mss|system_0||
/home/alexey/programming/fpga/workspace/zynq/zynq_fsbl/zynq_fsbl_bsp/system.mss|system||

TRACE::2026-09-13.15:37:34::SCWMssOS::Sw design exists and opened at  /home/alexey/programming/fpga/workspace/zynq/zynq_fsbl/zynq_fsbl_bsp/system.mss
TRACE::2026-09-13.15:37:34::SCWPlatform::Trying to open the hw design at /home/alexey/programming/fpga/workspace/zynq/hw/zynq.xsa
TRACE::2026-09-13.15:37:34::SCWPlatform::DSA given /home/alexey/programming/fpga/workspace/zynq/hw/zynq.xsa
TRACE::2026-09-13.15:37:34::SCWPlatform::DSA absoulate path /home/alexey/programming/fpga/workspace/zynq/hw/zynq.xsa
TRACE::2026-09-13.15:37:34::SCWPlatform::DSA directory /home/alexey/programming/fpga/workspace/zynq/hw
TRACE::2026-09-13.15:37:34::SCWPlatform:: Platform Path /home/alexey/programming/fpga/workspace/zynq/hw/zynq.xsa
TRACE::2026-09-13.15:37:34::SCWPlatform:: Unique name xilinx:::0.0
TRACE::2026-09-13.15:37:34::SCWPlatform::Trying to set the existing hwdb with name zynq_wrapper_1
TRACE::2026-09-13.15:37:34::SCWPlatform::Opened existing hwdb zynq_wrapper_1
TRACE::2026-09-13.15:37:34::SCWPlatform::Found the Hw Db part of the input DSA
TRACE::2026-09-13.15:37:34::SCWMssOS::Checking the sw design at  /home/alexey/programming/fpga/workspace/zynq/zynq_fsbl/zynq_fsbl_bsp/system.mss
TRACE::2026-09-13.15:37:34::SCWMssOS::DEBUG:  swdes dump  /home/alexey/programming/fpga/workspace/zynq/ps7_cortexa9_0/standalone_ps7_cortexa9_0/bsp/system.mss|system_0||
/home/alexey/programming/fpga/workspace/zynq/zynq_fsbl/zynq_fsbl_bsp/system.mss|system||

TRACE::2026-09-13.15:37:34::SCWMssOS::Sw design exists and opened at  /home/alexey/programming/fpga/workspace/zynq/zynq_fsbl/zynq_fsbl_bsp/system.mss
TRACE::2026-09-13.15:37:34::SCWPlatform::Trying to open the hw design at /home/alexey/programming/fpga/workspace/zynq/hw/zynq.xsa
TRACE::2026-09-13.15:37:34::SCWPlatform::DSA given /home/alexey/programming/fpga/workspace/zynq/hw/zynq.xsa
TRACE::2026-09-13.15:37:34::SCWPlatform::DSA absoulate path /home/alexey/programming/fpga/workspace/zynq/hw/zynq.xsa
TRACE::2026-09-13.15:37:34::SCWPlatform::DSA directory /home/alexey/programming/fpga/workspace/zynq/hw
TRACE::2026-09-13.15:37:34::SCWPlatform:: Platform Path /home/alexey/programming/fpga/workspace/zynq/hw/zynq.xsa
TRACE::2026-09-13.15:37:34::SCWPlatform:: Unique name xilinx:::0.0
TRACE::2026-09-13.15:37:34::SCWPlatform::Trying to set the existing hwdb with name zynq_wrapper_1
TRACE::2026-09-13.15:37:34::SCWPlatform::Opened existing hwdb zynq_wrapper_1
TRACE::2026-09-13.15:37:34::SCWPlatform::Found the Hw Db part of the input DSA
TRACE::2026-09-13.15:37:34::SCWMssOS::Checking the sw design at  /home/alexey/programming/fpga/workspace/zynq/ps7_cortexa9_0/standalone_ps7_cortexa9_0/bsp/system.mss
TRACE::2026-09-13.15:37:34::SCWMssOS::DEBUG:  swdes dump  /home/alexey/programming/fpga/workspace/zynq/ps7_cortexa9_0/standalone_ps7_cortexa9_0/bsp/system.mss|system_0||
/home/alexey/programming/fpga/workspace/zynq/zynq_fsbl/zynq_fsbl_bsp/system.mss|system||

TRACE::2026-09-13.15:37:34::SCWMssOS::Sw design exists and opened at  /home/alexey/programming/fpga/workspace/zynq/ps7_cortexa9_0/standalone_ps7_cortexa9_0/bsp/system.mss
TRACE::2026-09-13.15:37:34::SCWPlatform::Trying to open the hw design at /home/alexey/programming/fpga/workspace/zynq/hw/zynq.xsa
TRACE::2026-09-13.15:37:34::SCWPlatform::DSA given /home/alexey/programming/fpga/workspace/zynq/hw/zynq.xsa
TRACE::2026-09-13.15:37:34::SCWPlatform::DSA absoulate path /home/alexey/programming/fpga/workspace/zynq/hw/zynq.xsa
TRACE::2026-09-13.15:37:34::SCWPlatform::DSA directory /home/alexey/programming/fpga/workspace/zynq/hw
TRACE::2026-09-13.15:37:34::SCWPlatform:: Platform Path /home/alexey/programming/fpga/workspace/zynq/hw/zynq.xsa
TRACE::2026-09-13.15:37:34::SCWPlatform:: Unique name xilinx:::0.0
TRACE::2026-09-13.15:37:34::SCWPlatform::Trying to set the existing hwdb with name zynq_wrapper_1
TRACE::2026-09-13.15:37:34::SCWPlatform::Opened existing hwdb zynq_wrapper_1
TRACE::2026-09-13.15:37:34::SCWPlatform::Found the Hw Db part of the input DSA
TRACE::2026-09-13.15:37:34::SCWMssOS::Checking the sw design at  /home/alexey/programming/fpga/workspace/zynq/ps7_cortexa9_0/standalone_ps7_cortexa9_0/bsp/system.mss
TRACE::2026-09-13.15:37:34::SCWMssOS::DEBUG:  swdes dump  /home/alexey/programming/fpga/workspace/zynq/ps7_cortexa9_0/standalone_ps7_cortexa9_0/bsp/system.mss|system_0||
/home/alexey/programming/fpga/workspace/zynq/zynq_fsbl/zynq_fsbl_bsp/system.mss|system||

TRACE::2026-09-13.15:37:34::SCWMssOS::Sw design exists and opened at  /home/alexey/programming/fpga/workspace/zynq/ps7_cortexa9_0/standalone_ps7_cortexa9_0/bsp/system.mss
TRACE::2026-09-13.15:37:34::SCWPlatform::Trying to open the hw design at /home/alexey/programming/fpga/workspace/zynq/hw/zynq.xsa
TRACE::2026-09-13.15:37:34::SCWPlatform::DSA given /home/alexey/programming/fpga/workspace/zynq/hw/zynq.xsa
TRACE::2026-09-13.15:37:34::SCWPlatform::DSA absoulate path /home/alexey/programming/fpga/workspace/zynq/hw/zynq.xsa
TRACE::2026-09-13.15:37:34::SCWPlatform::DSA directory /home/alexey/programming/fpga/workspace/zynq/hw
TRACE::2026-09-13.15:37:34::SCWPlatform:: Platform Path /home/alexey/programming/fpga/workspace/zynq/hw/zynq.xsa
TRACE::2026-09-13.15:37:34::SCWPlatform:: Unique name xilinx:::0.0
TRACE::2026-09-13.15:37:34::SCWPlatform::Trying to set the existing hwdb with name zynq_wrapper_1
TRACE::2026-09-13.15:37:34::SCWPlatform::Opened existing hwdb zynq_wrapper_1
TRACE::2026-09-13.15:37:34::SCWPlatform::Found the Hw Db part of the input DSA
TRACE::2026-09-13.15:37:34::SCWMssOS::Checking the sw design at  /home/alexey/programming/fpga/workspace/zynq/ps7_cortexa9_0/standalone_ps7_cortexa9_0/bsp/system.mss
TRACE::2026-09-13.15:37:34::SCWMssOS::DEBUG:  swdes dump  /home/alexey/programming/fpga/workspace/zynq/ps7_cortexa9_0/standalone_ps7_cortexa9_0/bsp/system.mss|system_0||
/home/alexey/programming/fpga/workspace/zynq/zynq_fsbl/zynq_fsbl_bsp/system.mss|system||

TRACE::2026-09-13.15:37:34::SCWMssOS::Sw design exists and opened at  /home/alexey/programming/fpga/workspace/zynq/ps7_cortexa9_0/standalone_ps7_cortexa9_0/bsp/system.mss
TRACE::2026-09-13.15:37:34::SCWWriter::formatted JSON is {
	"platformName":	"zynq",
	"sprVersion":	"2.0",
	"mode":	"gui",
	"dsaType":	"Fixed",
	"platformDesc":	"zynq",
	"platHandOff":	"<platformDir>.xsa",
	"platIntHandOff":	"<platformDir>/hw/zynq.xsa",
	"deviceType":	"zynq",
	"platIsPrebuiltAutogen":	"false",
	"platIsNoBootBsp":	"false",
	"platFsblTarget":	"ps7_cortexa9_0",
	"hasFsblMakeHasChanges":	"false",
	"hasPmufwMakeHasChanges":	"false",
	"fsblExtraCompilerFlags":	"-MMD -MP       -mcpu=cortex-a9 -mfpu=vfpv3 -mfloat-abi=hard ",
	"platPreBuiltFlag":	false,
	"platformSamplesDir":	"",
	"platActiveSys":	"zynq",
	"systems":	[{
			"systemName":	"zynq",
			"systemDesc":	"zynq",
			"sysIsBootAutoGen":	"true",
			"systemDispName":	"zynq",
			"sysActiveDom":	"standalone_ps7_cortexa9_0",
			"sysDefaultDom":	"standalone_ps7_cortexa9_0",
			"domains":	[{
					"domainName":	"zynq_fsbl",
					"domainDispName":	"zynq_fsbl",
					"domainDesc":	"FSBL Application BSP - Auto Generated.",
					"processors":	"ps7_cortexa9_0",
					"os":	"standalone",
					"sdxOs":	"standalone",
					"debugEnable":	"",
					"domRuntimes":	["cpp"],
					"swRepo":	"",
					"mssOsVer":	"7.3",
					"mssFile":	"",
					"md5Digest":	"549c520564147d15fc13b42c1266c9e5",
					"compatibleApp":	"zynq_fsbl",
					"domType":	"bootDomain",
					"arch":	"32-bit",
					"appSettings":	{
						"appCompilerFlags":	"",
						"appLinkerFlags":	""
					},
					"addedLibs":	["xilffs:4.4", "xilrsa:1.6"],
					"libOptions":	{
						"libsContainingOptions":	[]
					},
					"prebuiltLibs":	{
						"prebuiltIncPath":	[],
						"prebuiltLibPath":	[]
					},
					"isolation":	{
					}
				}, {
					"domainName":	"standalone_ps7_cortexa9_0",
					"domainDispName":	"standalone_ps7_cortexa9_0",
					"domainDesc":	"standalone_ps7_cortexa9_0",
					"processors":	"ps7_cortexa9_0",
					"os":	"standalone",
					"sdxOs":	"standalone",
					"qemuArgs":	"/home/alexey/Xilinx/Vitis/2020.2/data/emulation/platforms/zynq/sw/a9_standalone/qemu/qemu_args.txt",
					"qemuData":	"/home/alexey/Xilinx/Vitis/2020.2/data/emulation/platforms/zynq/sw/a9_standalone/qemu/",
					"debugEnable":	"False",
					"domRuntimes":	["cpp"],
					"swRepo":	"",
					"mssOsVer":	"7.3",
					"mssFile":	"",
					"md5Digest":	"1d39d5db6aedca872f43ae36eb2fab9f",
					"compatibleApp":	"lwip_udp_perf_client",
					"domType":	"mssDomain",
					"arch":	"32-bit",
					"appSettings":	{
						"appCompilerFlags":	"",
						"appLinkerFlags":	""
					},
					"addedLibs":	["lwip211:1.3"],
					"libOptions":	{
						"libsContainingOptions":	[]
					},
					"prebuiltLibs":	{
						"prebuiltIncPath":	[],
						"prebuiltLibPath":	[]
					},
					"isolation":	{
					}
				}]
		}]
}
KEYINFO::2026-09-13.15:37:34::SCWPlatform::updated the xpfm file.
TRACE::2026-09-13.15:37:34::SCWPlatform::Trying to open the hw design at /home/alexey/programming/fpga/workspace/zynq/hw/zynq.xsa
TRACE::2026-09-13.15:37:34::SCWPlatform::DSA given /home/alexey/programming/fpga/workspace/zynq/hw/zynq.xsa
TRACE::2026-09-13.15:37:34::SCWPlatform::DSA absoulate path /home/alexey/programming/fpga/workspace/zynq/hw/zynq.xsa
TRACE::2026-09-13.15:37:34::SCWPlatform::DSA directory /home/alexey/programming/fpga/workspace/zynq/hw
TRACE::2026-09-13.15:37:34::SCWPlatform:: Platform Path /home/alexey/programming/fpga/workspace/zynq/hw/zynq.xsa
TRACE::2026-09-13.15:37:34::SCWPlatform:: Unique name xilinx:::0.0
TRACE::2026-09-13.15:37:34::SCWPlatform::Trying to set the existing hwdb with name zynq_wrapper_1
TRACE::2026-09-13.15:37:34::SCWPlatform::Opened existing hwdb zynq_wrapper_1
TRACE::2026-09-13.15:37:34::SCWPlatform::Found the Hw Db part of the input DSA
TRACE::2026-09-13.15:37:34::SCWMssOS::Checking the sw design at  /home/alexey/programming/fpga/workspace/zynq/ps7_cortexa9_0/standalone_ps7_cortexa9_0/bsp/system.mss
TRACE::2026-09-13.15:37:34::SCWMssOS::DEBUG:  swdes dump  /home/alexey/programming/fpga/workspace/zynq/ps7_cortexa9_0/standalone_ps7_cortexa9_0/bsp/system.mss|system_0||
/home/alexey/programming/fpga/workspace/zynq/zynq_fsbl/zynq_fsbl_bsp/system.mss|system||

TRACE::2026-09-13.15:37:34::SCWMssOS::Sw design exists and opened at  /home/alexey/programming/fpga/workspace/zynq/ps7_cortexa9_0/standalone_ps7_cortexa9_0/bsp/system.mss
TRACE::2026-09-13.15:37:34::SCWMssOS::Saving the mss changes /home/alexey/programming/fpga/workspace/zynq/zynq_fsbl/zynq_fsbl_bsp/system.mss
TRACE::2026-09-13.15:37:34::SCWMssOS::Found a swdesign opened with the mssfile.
TRACE::2026-09-13.15:37:34::SCWMssOS::Completed writemss as part of save.
TRACE::2026-09-13.15:37:34::SCWMssOS::Commit changes completed.
TRACE::2026-09-13.15:37:34::SCWMssOS::Saving the mss changes /home/alexey/programming/fpga/workspace/zynq/ps7_cortexa9_0/standalone_ps7_cortexa9_0/bsp/system.mss
TRACE::2026-09-13.15:37:34::SCWMssOS::Found a swdesign opened with the mssfile.
TRACE::2026-09-13.15:37:34::SCWMssOS::Completed writemss as part of save.
TRACE::2026-09-13.15:37:34::SCWMssOS::Commit changes completed.
TRACE::2026-09-13.15:37:34::SCWPlatform::Trying to open the hw design at /home/alexey/programming/fpga/workspace/zynq/hw/zynq.xsa
TRACE::2026-09-13.15:37:34::SCWPlatform::DSA given /home/alexey/programming/fpga/workspace/zynq/hw/zynq.xsa
TRACE::2026-09-13.15:37:34::SCWPlatform::DSA absoulate path /home/alexey/programming/fpga/workspace/zynq/hw/zynq.xsa
TRACE::2026-09-13.15:37:34::SCWPlatform::DSA directory /home/alexey/programming/fpga/workspace/zynq/hw
TRACE::2026-09-13.15:37:34::SCWPlatform:: Platform Path /home/alexey/programming/fpga/workspace/zynq/hw/zynq.xsa
TRACE::2026-09-13.15:37:34::SCWPlatform:: Unique name xilinx:::0.0
TRACE::2026-09-13.15:37:34::SCWPlatform::Trying to set the existing hwdb with name zynq_wrapper_1
TRACE::2026-09-13.15:37:34::SCWPlatform::Opened existing hwdb zynq_wrapper_1
TRACE::2026-09-13.15:37:34::SCWPlatform::Found the Hw Db part of the input DSA
TRACE::2026-09-13.15:37:34::SCWMssOS::Checking the sw design at  /home/alexey/programming/fpga/workspace/zynq/zynq_fsbl/zynq_fsbl_bsp/system.mss
TRACE::2026-09-13.15:37:34::SCWMssOS::DEBUG:  swdes dump  /home/alexey/programming/fpga/workspace/zynq/ps7_cortexa9_0/standalone_ps7_cortexa9_0/bsp/system.mss|system_0||
/home/alexey/programming/fpga/workspace/zynq/zynq_fsbl/zynq_fsbl_bsp/system.mss|system||

TRACE::2026-09-13.15:37:34::SCWMssOS::Sw design exists and opened at  /home/alexey/programming/fpga/workspace/zynq/zynq_fsbl/zynq_fsbl_bsp/system.mss
TRACE::2026-09-13.15:37:34::SCWPlatform::Trying to open the hw design at /home/alexey/programming/fpga/workspace/zynq/hw/zynq.xsa
TRACE::2026-09-13.15:37:34::SCWPlatform::DSA given /home/alexey/programming/fpga/workspace/zynq/hw/zynq.xsa
TRACE::2026-09-13.15:37:34::SCWPlatform::DSA absoulate path /home/alexey/programming/fpga/workspace/zynq/hw/zynq.xsa
TRACE::2026-09-13.15:37:34::SCWPlatform::DSA directory /home/alexey/programming/fpga/workspace/zynq/hw
TRACE::2026-09-13.15:37:34::SCWPlatform:: Platform Path /home/alexey/programming/fpga/workspace/zynq/hw/zynq.xsa
TRACE::2026-09-13.15:37:34::SCWPlatform:: Unique name xilinx:::0.0
TRACE::2026-09-13.15:37:34::SCWPlatform::Trying to set the existing hwdb with name zynq_wrapper_1
TRACE::2026-09-13.15:37:34::SCWPlatform::Opened existing hwdb zynq_wrapper_1
TRACE::2026-09-13.15:37:34::SCWPlatform::Found the Hw Db part of the input DSA
TRACE::2026-09-13.15:37:34::SCWMssOS::Checking the sw design at  /home/alexey/programming/fpga/workspace/zynq/zynq_fsbl/zynq_fsbl_bsp/system.mss
TRACE::2026-09-13.15:37:34::SCWMssOS::DEBUG:  swdes dump  /home/alexey/programming/fpga/workspace/zynq/ps7_cortexa9_0/standalone_ps7_cortexa9_0/bsp/system.mss|system_0||
/home/alexey/programming/fpga/workspace/zynq/zynq_fsbl/zynq_fsbl_bsp/system.mss|system||

TRACE::2026-09-13.15:37:34::SCWMssOS::Sw design exists and opened at  /home/alexey/programming/fpga/workspace/zynq/zynq_fsbl/zynq_fsbl_bsp/system.mss
TRACE::2026-09-13.15:37:34::SCWPlatform::Trying to open the hw design at /home/alexey/programming/fpga/workspace/zynq/hw/zynq.xsa
TRACE::2026-09-13.15:37:34::SCWPlatform::DSA given /home/alexey/programming/fpga/workspace/zynq/hw/zynq.xsa
TRACE::2026-09-13.15:37:34::SCWPlatform::DSA absoulate path /home/alexey/programming/fpga/workspace/zynq/hw/zynq.xsa
TRACE::2026-09-13.15:37:34::SCWPlatform::DSA directory /home/alexey/programming/fpga/workspace/zynq/hw
TRACE::2026-09-13.15:37:34::SCWPlatform:: Platform Path /home/alexey/programming/fpga/workspace/zynq/hw/zynq.xsa
TRACE::2026-09-13.15:37:34::SCWPlatform:: Unique name xilinx:::0.0
TRACE::2026-09-13.15:37:34::SCWPlatform::Trying to set the existing hwdb with name zynq_wrapper_1
TRACE::2026-09-13.15:37:34::SCWPlatform::Opened existing hwdb zynq_wrapper_1
TRACE::2026-09-13.15:37:34::SCWPlatform::Found the Hw Db part of the input DSA
TRACE::2026-09-13.15:37:34::SCWMssOS::Checking the sw design at  /home/alexey/programming/fpga/workspace/zynq/zynq_fsbl/zynq_fsbl_bsp/system.mss
TRACE::2026-09-13.15:37:34::SCWMssOS::DEBUG:  swdes dump  /home/alexey/programming/fpga/workspace/zynq/ps7_cortexa9_0/standalone_ps7_cortexa9_0/bsp/system.mss|system_0||
/home/alexey/programming/fpga/workspace/zynq/zynq_fsbl/zynq_fsbl_bsp/system.mss|system||

TRACE::2026-09-13.15:37:34::SCWMssOS::Sw design exists and opened at  /home/alexey/programming/fpga/workspace/zynq/zynq_fsbl/zynq_fsbl_bsp/system.mss
TRACE::2026-09-13.15:37:34::SCWPlatform::Trying to open the hw design at /home/alexey/programming/fpga/workspace/zynq/hw/zynq.xsa
TRACE::2026-09-13.15:37:34::SCWPlatform::DSA given /home/alexey/programming/fpga/workspace/zynq/hw/zynq.xsa
TRACE::2026-09-13.15:37:34::SCWPlatform::DSA absoulate path /home/alexey/programming/fpga/workspace/zynq/hw/zynq.xsa
TRACE::2026-09-13.15:37:34::SCWPlatform::DSA directory /home/alexey/programming/fpga/workspace/zynq/hw
TRACE::2026-09-13.15:37:34::SCWPlatform:: Platform Path /home/alexey/programming/fpga/workspace/zynq/hw/zynq.xsa
TRACE::2026-09-13.15:37:34::SCWPlatform:: Unique name xilinx:::0.0
TRACE::2026-09-13.15:37:34::SCWPlatform::Trying to set the existing hwdb with name zynq_wrapper_1
TRACE::2026-09-13.15:37:34::SCWPlatform::Opened existing hwdb zynq_wrapper_1
TRACE::2026-09-13.15:37:34::SCWPlatform::Found the Hw Db part of the input DSA
TRACE::2026-09-13.15:37:34::SCWMssOS::Checking the sw design at  /home/alexey/programming/fpga/workspace/zynq/ps7_cortexa9_0/standalone_ps7_cortexa9_0/bsp/system.mss
TRACE::2026-09-13.15:37:34::SCWMssOS::DEBUG:  swdes dump  /home/alexey/programming/fpga/workspace/zynq/ps7_cortexa9_0/standalone_ps7_cortexa9_0/bsp/system.mss|system_0||
/home/alexey/programming/fpga/workspace/zynq/zynq_fsbl/zynq_fsbl_bsp/system.mss|system||

TRACE::2026-09-13.15:37:34::SCWMssOS::Sw design exists and opened at  /home/alexey/programming/fpga/workspace/zynq/ps7_cortexa9_0/standalone_ps7_cortexa9_0/bsp/system.mss
TRACE::2026-09-13.15:37:34::SCWPlatform::Trying to open the hw design at /home/alexey/programming/fpga/workspace/zynq/hw/zynq.xsa
TRACE::2026-09-13.15:37:34::SCWPlatform::DSA given /home/alexey/programming/fpga/workspace/zynq/hw/zynq.xsa
TRACE::2026-09-13.15:37:34::SCWPlatform::DSA absoulate path /home/alexey/programming/fpga/workspace/zynq/hw/zynq.xsa
TRACE::2026-09-13.15:37:34::SCWPlatform::DSA directory /home/alexey/programming/fpga/workspace/zynq/hw
TRACE::2026-09-13.15:37:34::SCWPlatform:: Platform Path /home/alexey/programming/fpga/workspace/zynq/hw/zynq.xsa
TRACE::2026-09-13.15:37:34::SCWPlatform:: Unique name xilinx:::0.0
TRACE::2026-09-13.15:37:34::SCWPlatform::Trying to set the existing hwdb with name zynq_wrapper_1
TRACE::2026-09-13.15:37:34::SCWPlatform::Opened existing hwdb zynq_wrapper_1
TRACE::2026-09-13.15:37:34::SCWPlatform::Found the Hw Db part of the input DSA
TRACE::2026-09-13.15:37:34::SCWMssOS::Checking the sw design at  /home/alexey/programming/fpga/workspace/zynq/ps7_cortexa9_0/standalone_ps7_cortexa9_0/bsp/system.mss
TRACE::2026-09-13.15:37:34::SCWMssOS::DEBUG:  swdes dump  /home/alexey/programming/fpga/workspace/zynq/ps7_cortexa9_0/standalone_ps7_cortexa9_0/bsp/system.mss|system_0||
/home/alexey/programming/fpga/workspace/zynq/zynq_fsbl/zynq_fsbl_bsp/system.mss|system||

TRACE::2026-09-13.15:37:34::SCWMssOS::Sw design exists and opened at  /home/alexey/programming/fpga/workspace/zynq/ps7_cortexa9_0/standalone_ps7_cortexa9_0/bsp/system.mss
TRACE::2026-09-13.15:37:34::SCWPlatform::Trying to open the hw design at /home/alexey/programming/fpga/workspace/zynq/hw/zynq.xsa
TRACE::2026-09-13.15:37:34::SCWPlatform::DSA given /home/alexey/programming/fpga/workspace/zynq/hw/zynq.xsa
TRACE::2026-09-13.15:37:34::SCWPlatform::DSA absoulate path /home/alexey/programming/fpga/workspace/zynq/hw/zynq.xsa
TRACE::2026-09-13.15:37:34::SCWPlatform::DSA directory /home/alexey/programming/fpga/workspace/zynq/hw
TRACE::2026-09-13.15:37:34::SCWPlatform:: Platform Path /home/alexey/programming/fpga/workspace/zynq/hw/zynq.xsa
TRACE::2026-09-13.15:37:34::SCWPlatform:: Unique name xilinx:::0.0
TRACE::2026-09-13.15:37:34::SCWPlatform::Trying to set the existing hwdb with name zynq_wrapper_1
TRACE::2026-09-13.15:37:34::SCWPlatform::Opened existing hwdb zynq_wrapper_1
TRACE::2026-09-13.15:37:34::SCWPlatform::Found the Hw Db part of the input DSA
TRACE::2026-09-13.15:37:34::SCWMssOS::Checking the sw design at  /home/alexey/programming/fpga/workspace/zynq/ps7_cortexa9_0/standalone_ps7_cortexa9_0/bsp/system.mss
TRACE::2026-09-13.15:37:34::SCWMssOS::DEBUG:  swdes dump  /home/alexey/programming/fpga/workspace/zynq/ps7_cortexa9_0/standalone_ps7_cortexa9_0/bsp/system.mss|system_0||
/home/alexey/programming/fpga/workspace/zynq/zynq_fsbl/zynq_fsbl_bsp/system.mss|system||

TRACE::2026-09-13.15:37:34::SCWMssOS::Sw design exists and opened at  /home/alexey/programming/fpga/workspace/zynq/ps7_cortexa9_0/standalone_ps7_cortexa9_0/bsp/system.mss
TRACE::2026-09-13.15:37:34::SCWWriter::formatted JSON is {
	"platformName":	"zynq",
	"sprVersion":	"2.0",
	"mode":	"gui",
	"dsaType":	"Fixed",
	"platformDesc":	"zynq",
	"platHandOff":	"<platformDir>.xsa",
	"platIntHandOff":	"<platformDir>/hw/zynq.xsa",
	"deviceType":	"zynq",
	"platIsPrebuiltAutogen":	"false",
	"platIsNoBootBsp":	"false",
	"platFsblTarget":	"ps7_cortexa9_0",
	"hasFsblMakeHasChanges":	"false",
	"hasPmufwMakeHasChanges":	"false",
	"fsblExtraCompilerFlags":	"-MMD -MP       -mcpu=cortex-a9 -mfpu=vfpv3 -mfloat-abi=hard ",
	"platPreBuiltFlag":	false,
	"platformSamplesDir":	"",
	"platActiveSys":	"zynq",
	"systems":	[{
			"systemName":	"zynq",
			"systemDesc":	"zynq",
			"sysIsBootAutoGen":	"true",
			"systemDispName":	"zynq",
			"sysActiveDom":	"standalone_ps7_cortexa9_0",
			"sysDefaultDom":	"standalone_ps7_cortexa9_0",
			"domains":	[{
					"domainName":	"zynq_fsbl",
					"domainDispName":	"zynq_fsbl",
					"domainDesc":	"FSBL Application BSP - Auto Generated.",
					"processors":	"ps7_cortexa9_0",
					"os":	"standalone",
					"sdxOs":	"standalone",
					"debugEnable":	"",
					"domRuntimes":	["cpp"],
					"swRepo":	"",
					"mssOsVer":	"7.3",
					"mssFile":	"",
					"md5Digest":	"549c520564147d15fc13b42c1266c9e5",
					"compatibleApp":	"zynq_fsbl",
					"domType":	"bootDomain",
					"arch":	"32-bit",
					"appSettings":	{
						"appCompilerFlags":	"",
						"appLinkerFlags":	""
					},
					"addedLibs":	["xilffs:4.4", "xilrsa:1.6"],
					"libOptions":	{
						"libsContainingOptions":	[]
					},
					"prebuiltLibs":	{
						"prebuiltIncPath":	[],
						"prebuiltLibPath":	[]
					},
					"isolation":	{
					}
				}, {
					"domainName":	"standalone_ps7_cortexa9_0",
					"domainDispName":	"standalone_ps7_cortexa9_0",
					"domainDesc":	"standalone_ps7_cortexa9_0",
					"processors":	"ps7_cortexa9_0",
					"os":	"standalone",
					"sdxOs":	"standalone",
					"qemuArgs":	"/home/alexey/Xilinx/Vitis/2020.2/data/emulation/platforms/zynq/sw/a9_standalone/qemu/qemu_args.txt",
					"qemuData":	"/home/alexey/Xilinx/Vitis/2020.2/data/emulation/platforms/zynq/sw/a9_standalone/qemu/",
					"debugEnable":	"False",
					"domRuntimes":	["cpp"],
					"swRepo":	"",
					"mssOsVer":	"7.3",
					"mssFile":	"",
					"md5Digest":	"1d39d5db6aedca872f43ae36eb2fab9f",
					"compatibleApp":	"lwip_udp_perf_client",
					"domType":	"mssDomain",
					"arch":	"32-bit",
					"appSettings":	{
						"appCompilerFlags":	"",
						"appLinkerFlags":	""
					},
					"addedLibs":	["lwip211:1.3"],
					"libOptions":	{
						"libsContainingOptions":	[]
					},
					"prebuiltLibs":	{
						"prebuiltIncPath":	[],
						"prebuiltLibPath":	[]
					},
					"isolation":	{
					}
				}]
		}]
}
TRACE::2026-09-13.15:37:34::SCWPlatform::Trying to open the hw design at /home/alexey/programming/fpga/workspace/zynq/hw/zynq.xsa
TRACE::2026-09-13.15:37:34::SCWPlatform::DSA given /home/alexey/programming/fpga/workspace/zynq/hw/zynq.xsa
TRACE::2026-09-13.15:37:34::SCWPlatform::DSA absoulate path /home/alexey/programming/fpga/workspace/zynq/hw/zynq.xsa
TRACE::2026-09-13.15:37:34::SCWPlatform::DSA directory /home/alexey/programming/fpga/workspace/zynq/hw
TRACE::2026-09-13.15:37:34::SCWPlatform:: Platform Path /home/alexey/programming/fpga/workspace/zynq/hw/zynq.xsa
TRACE::2026-09-13.15:37:34::SCWPlatform:: Unique name xilinx:::0.0
TRACE::2026-09-13.15:37:34::SCWPlatform::Trying to set the existing hwdb with name zynq_wrapper_1
TRACE::2026-09-13.15:37:34::SCWPlatform::Opened existing hwdb zynq_wrapper_1
TRACE::2026-09-13.15:37:34::SCWPlatform::Found the Hw Db part of the input DSA
TRACE::2026-09-13.15:37:34::SCWMssOS::Checking the sw design at  /home/alexey/programming/fpga/workspace/zynq/ps7_cortexa9_0/standalone_ps7_cortexa9_0/bsp/system.mss
TRACE::2026-09-13.15:37:34::SCWMssOS::DEBUG:  swdes dump  /home/alexey/programming/fpga/workspace/zynq/ps7_cortexa9_0/standalone_ps7_cortexa9_0/bsp/system.mss|system_0||
/home/alexey/programming/fpga/workspace/zynq/zynq_fsbl/zynq_fsbl_bsp/system.mss|system||

TRACE::2026-09-13.15:37:34::SCWMssOS::Sw design exists and opened at  /home/alexey/programming/fpga/workspace/zynq/ps7_cortexa9_0/standalone_ps7_cortexa9_0/bsp/system.mss
TRACE::2026-09-13.15:37:34::SCWPlatform::Trying to open the hw design at /home/alexey/programming/fpga/workspace/zynq/hw/zynq.xsa
TRACE::2026-09-13.15:37:34::SCWPlatform::DSA given /home/alexey/programming/fpga/workspace/zynq/hw/zynq.xsa
TRACE::2026-09-13.15:37:34::SCWPlatform::DSA absoulate path /home/alexey/programming/fpga/workspace/zynq/hw/zynq.xsa
TRACE::2026-09-13.15:37:34::SCWPlatform::DSA directory /home/alexey/programming/fpga/workspace/zynq/hw
TRACE::2026-09-13.15:37:34::SCWPlatform:: Platform Path /home/alexey/programming/fpga/workspace/zynq/hw/zynq.xsa
TRACE::2026-09-13.15:37:34::SCWPlatform:: Unique name xilinx:::0.0
TRACE::2026-09-13.15:37:34::SCWPlatform::Trying to set the existing hwdb with name zynq_wrapper_1
TRACE::2026-09-13.15:37:34::SCWPlatform::Opened existing hwdb zynq_wrapper_1
TRACE::2026-09-13.15:37:34::SCWPlatform::Found the Hw Db part of the input DSA
TRACE::2026-09-13.15:37:34::SCWMssOS::Checking the sw design at  /home/alexey/programming/fpga/workspace/zynq/ps7_cortexa9_0/standalone_ps7_cortexa9_0/bsp/system.mss
TRACE::2026-09-13.15:37:34::SCWMssOS::DEBUG:  swdes dump  /home/alexey/programming/fpga/workspace/zynq/ps7_cortexa9_0/standalone_ps7_cortexa9_0/bsp/system.mss|system_0||
/home/alexey/programming/fpga/workspace/zynq/zynq_fsbl/zynq_fsbl_bsp/system.mss|system||

TRACE::2026-09-13.15:37:34::SCWMssOS::Sw design exists and opened at  /home/alexey/programming/fpga/workspace/zynq/ps7_cortexa9_0/standalone_ps7_cortexa9_0/bsp/system.mss
TRACE::2026-09-13.15:37:34::SCWMssOS::Saving the mss changes /home/alexey/programming/fpga/workspace/zynq/zynq_fsbl/zynq_fsbl_bsp/system.mss
TRACE::2026-09-13.15:37:34::SCWMssOS::Found a swdesign opened with the mssfile.
TRACE::2026-09-13.15:37:34::SCWMssOS::Completed writemss as part of save.
TRACE::2026-09-13.15:37:34::SCWMssOS::Commit changes completed.
TRACE::2026-09-13.15:37:34::SCWMssOS::Saving the mss changes /home/alexey/programming/fpga/workspace/zynq/ps7_cortexa9_0/standalone_ps7_cortexa9_0/bsp/system.mss
TRACE::2026-09-13.15:37:34::SCWMssOS::Found a swdesign opened with the mssfile.
TRACE::2026-09-13.15:37:34::SCWMssOS::Completed writemss as part of save.
TRACE::2026-09-13.15:37:34::SCWMssOS::Commit changes completed.
TRACE::2026-09-13.15:37:34::SCWPlatform::Trying to open the hw design at /home/alexey/programming/fpga/workspace/zynq/hw/zynq.xsa
TRACE::2026-09-13.15:37:34::SCWPlatform::DSA given /home/alexey/programming/fpga/workspace/zynq/hw/zynq.xsa
TRACE::2026-09-13.15:37:34::SCWPlatform::DSA absoulate path /home/alexey/programming/fpga/workspace/zynq/hw/zynq.xsa
TRACE::2026-09-13.15:37:34::SCWPlatform::DSA directory /home/alexey/programming/fpga/workspace/zynq/hw
TRACE::2026-09-13.15:37:34::SCWPlatform:: Platform Path /home/alexey/programming/fpga/workspace/zynq/hw/zynq.xsa
TRACE::2026-09-13.15:37:34::SCWPlatform:: Unique name xilinx:::0.0
TRACE::2026-09-13.15:37:34::SCWPlatform::Trying to set the existing hwdb with name zynq_wrapper_1
TRACE::2026-09-13.15:37:34::SCWPlatform::Opened existing hwdb zynq_wrapper_1
TRACE::2026-09-13.15:37:34::SCWPlatform::Found the Hw Db part of the input DSA
TRACE::2026-09-13.15:37:34::SCWMssOS::Checking the sw design at  /home/alexey/programming/fpga/workspace/zynq/zynq_fsbl/zynq_fsbl_bsp/system.mss
TRACE::2026-09-13.15:37:34::SCWMssOS::DEBUG:  swdes dump  /home/alexey/programming/fpga/workspace/zynq/ps7_cortexa9_0/standalone_ps7_cortexa9_0/bsp/system.mss|system_0||
/home/alexey/programming/fpga/workspace/zynq/zynq_fsbl/zynq_fsbl_bsp/system.mss|system||

TRACE::2026-09-13.15:37:34::SCWMssOS::Sw design exists and opened at  /home/alexey/programming/fpga/workspace/zynq/zynq_fsbl/zynq_fsbl_bsp/system.mss
TRACE::2026-09-13.15:37:34::SCWPlatform::Trying to open the hw design at /home/alexey/programming/fpga/workspace/zynq/hw/zynq.xsa
TRACE::2026-09-13.15:37:34::SCWPlatform::DSA given /home/alexey/programming/fpga/workspace/zynq/hw/zynq.xsa
TRACE::2026-09-13.15:37:34::SCWPlatform::DSA absoulate path /home/alexey/programming/fpga/workspace/zynq/hw/zynq.xsa
TRACE::2026-09-13.15:37:34::SCWPlatform::DSA directory /home/alexey/programming/fpga/workspace/zynq/hw
TRACE::2026-09-13.15:37:34::SCWPlatform:: Platform Path /home/alexey/programming/fpga/workspace/zynq/hw/zynq.xsa
TRACE::2026-09-13.15:37:34::SCWPlatform:: Unique name xilinx:::0.0
TRACE::2026-09-13.15:37:34::SCWPlatform::Trying to set the existing hwdb with name zynq_wrapper_1
TRACE::2026-09-13.15:37:34::SCWPlatform::Opened existing hwdb zynq_wrapper_1
TRACE::2026-09-13.15:37:34::SCWPlatform::Found the Hw Db part of the input DSA
TRACE::2026-09-13.15:37:34::SCWMssOS::Checking the sw design at  /home/alexey/programming/fpga/workspace/zynq/zynq_fsbl/zynq_fsbl_bsp/system.mss
TRACE::2026-09-13.15:37:34::SCWMssOS::DEBUG:  swdes dump  /home/alexey/programming/fpga/workspace/zynq/ps7_cortexa9_0/standalone_ps7_cortexa9_0/bsp/system.mss|system_0||
/home/alexey/programming/fpga/workspace/zynq/zynq_fsbl/zynq_fsbl_bsp/system.mss|system||

TRACE::2026-09-13.15:37:34::SCWMssOS::Sw design exists and opened at  /home/alexey/programming/fpga/workspace/zynq/zynq_fsbl/zynq_fsbl_bsp/system.mss
TRACE::2026-09-13.15:37:34::SCWPlatform::Trying to open the hw design at /home/alexey/programming/fpga/workspace/zynq/hw/zynq.xsa
TRACE::2026-09-13.15:37:34::SCWPlatform::DSA given /home/alexey/programming/fpga/workspace/zynq/hw/zynq.xsa
TRACE::2026-09-13.15:37:34::SCWPlatform::DSA absoulate path /home/alexey/programming/fpga/workspace/zynq/hw/zynq.xsa
TRACE::2026-09-13.15:37:34::SCWPlatform::DSA directory /home/alexey/programming/fpga/workspace/zynq/hw
TRACE::2026-09-13.15:37:34::SCWPlatform:: Platform Path /home/alexey/programming/fpga/workspace/zynq/hw/zynq.xsa
TRACE::2026-09-13.15:37:34::SCWPlatform:: Unique name xilinx:::0.0
TRACE::2026-09-13.15:37:34::SCWPlatform::Trying to set the existing hwdb with name zynq_wrapper_1
TRACE::2026-09-13.15:37:34::SCWPlatform::Opened existing hwdb zynq_wrapper_1
TRACE::2026-09-13.15:37:34::SCWPlatform::Found the Hw Db part of the input DSA
TRACE::2026-09-13.15:37:34::SCWMssOS::Checking the sw design at  /home/alexey/programming/fpga/workspace/zynq/zynq_fsbl/zynq_fsbl_bsp/system.mss
TRACE::2026-09-13.15:37:34::SCWMssOS::DEBUG:  swdes dump  /home/alexey/programming/fpga/workspace/zynq/ps7_cortexa9_0/standalone_ps7_cortexa9_0/bsp/system.mss|system_0||
/home/alexey/programming/fpga/workspace/zynq/zynq_fsbl/zynq_fsbl_bsp/system.mss|system||

TRACE::2026-09-13.15:37:34::SCWMssOS::Sw design exists and opened at  /home/alexey/programming/fpga/workspace/zynq/zynq_fsbl/zynq_fsbl_bsp/system.mss
TRACE::2026-09-13.15:37:34::SCWPlatform::Trying to open the hw design at /home/alexey/programming/fpga/workspace/zynq/hw/zynq.xsa
TRACE::2026-09-13.15:37:34::SCWPlatform::DSA given /home/alexey/programming/fpga/workspace/zynq/hw/zynq.xsa
TRACE::2026-09-13.15:37:34::SCWPlatform::DSA absoulate path /home/alexey/programming/fpga/workspace/zynq/hw/zynq.xsa
TRACE::2026-09-13.15:37:34::SCWPlatform::DSA directory /home/alexey/programming/fpga/workspace/zynq/hw
TRACE::2026-09-13.15:37:34::SCWPlatform:: Platform Path /home/alexey/programming/fpga/workspace/zynq/hw/zynq.xsa
TRACE::2026-09-13.15:37:34::SCWPlatform:: Unique name xilinx:::0.0
TRACE::2026-09-13.15:37:34::SCWPlatform::Trying to set the existing hwdb with name zynq_wrapper_1
TRACE::2026-09-13.15:37:34::SCWPlatform::Opened existing hwdb zynq_wrapper_1
TRACE::2026-09-13.15:37:34::SCWPlatform::Found the Hw Db part of the input DSA
TRACE::2026-09-13.15:37:34::SCWMssOS::Checking the sw design at  /home/alexey/programming/fpga/workspace/zynq/ps7_cortexa9_0/standalone_ps7_cortexa9_0/bsp/system.mss
TRACE::2026-09-13.15:37:34::SCWMssOS::DEBUG:  swdes dump  /home/alexey/programming/fpga/workspace/zynq/ps7_cortexa9_0/standalone_ps7_cortexa9_0/bsp/system.mss|system_0||
/home/alexey/programming/fpga/workspace/zynq/zynq_fsbl/zynq_fsbl_bsp/system.mss|system||

TRACE::2026-09-13.15:37:34::SCWMssOS::Sw design exists and opened at  /home/alexey/programming/fpga/workspace/zynq/ps7_cortexa9_0/standalone_ps7_cortexa9_0/bsp/system.mss
TRACE::2026-09-13.15:37:34::SCWPlatform::Trying to open the hw design at /home/alexey/programming/fpga/workspace/zynq/hw/zynq.xsa
TRACE::2026-09-13.15:37:34::SCWPlatform::DSA given /home/alexey/programming/fpga/workspace/zynq/hw/zynq.xsa
TRACE::2026-09-13.15:37:34::SCWPlatform::DSA absoulate path /home/alexey/programming/fpga/workspace/zynq/hw/zynq.xsa
TRACE::2026-09-13.15:37:34::SCWPlatform::DSA directory /home/alexey/programming/fpga/workspace/zynq/hw
TRACE::2026-09-13.15:37:34::SCWPlatform:: Platform Path /home/alexey/programming/fpga/workspace/zynq/hw/zynq.xsa
TRACE::2026-09-13.15:37:34::SCWPlatform:: Unique name xilinx:::0.0
TRACE::2026-09-13.15:37:34::SCWPlatform::Trying to set the existing hwdb with name zynq_wrapper_1
TRACE::2026-09-13.15:37:34::SCWPlatform::Opened existing hwdb zynq_wrapper_1
TRACE::2026-09-13.15:37:34::SCWPlatform::Found the Hw Db part of the input DSA
TRACE::2026-09-13.15:37:34::SCWMssOS::Checking the sw design at  /home/alexey/programming/fpga/workspace/zynq/ps7_cortexa9_0/standalone_ps7_cortexa9_0/bsp/system.mss
TRACE::2026-09-13.15:37:34::SCWMssOS::DEBUG:  swdes dump  /home/alexey/programming/fpga/workspace/zynq/ps7_cortexa9_0/standalone_ps7_cortexa9_0/bsp/system.mss|system_0||
/home/alexey/programming/fpga/workspace/zynq/zynq_fsbl/zynq_fsbl_bsp/system.mss|system||

TRACE::2026-09-13.15:37:34::SCWMssOS::Sw design exists and opened at  /home/alexey/programming/fpga/workspace/zynq/ps7_cortexa9_0/standalone_ps7_cortexa9_0/bsp/system.mss
TRACE::2026-09-13.15:37:34::SCWPlatform::Trying to open the hw design at /home/alexey/programming/fpga/workspace/zynq/hw/zynq.xsa
TRACE::2026-09-13.15:37:34::SCWPlatform::DSA given /home/alexey/programming/fpga/workspace/zynq/hw/zynq.xsa
TRACE::2026-09-13.15:37:34::SCWPlatform::DSA absoulate path /home/alexey/programming/fpga/workspace/zynq/hw/zynq.xsa
TRACE::2026-09-13.15:37:34::SCWPlatform::DSA directory /home/alexey/programming/fpga/workspace/zynq/hw
TRACE::2026-09-13.15:37:34::SCWPlatform:: Platform Path /home/alexey/programming/fpga/workspace/zynq/hw/zynq.xsa
TRACE::2026-09-13.15:37:34::SCWPlatform:: Unique name xilinx:::0.0
TRACE::2026-09-13.15:37:34::SCWPlatform::Trying to set the existing hwdb with name zynq_wrapper_1
TRACE::2026-09-13.15:37:34::SCWPlatform::Opened existing hwdb zynq_wrapper_1
TRACE::2026-09-13.15:37:34::SCWPlatform::Found the Hw Db part of the input DSA
TRACE::2026-09-13.15:37:34::SCWMssOS::Checking the sw design at  /home/alexey/programming/fpga/workspace/zynq/ps7_cortexa9_0/standalone_ps7_cortexa9_0/bsp/system.mss
TRACE::2026-09-13.15:37:34::SCWMssOS::DEBUG:  swdes dump  /home/alexey/programming/fpga/workspace/zynq/ps7_cortexa9_0/standalone_ps7_cortexa9_0/bsp/system.mss|system_0||
/home/alexey/programming/fpga/workspace/zynq/zynq_fsbl/zynq_fsbl_bsp/system.mss|system||

TRACE::2026-09-13.15:37:34::SCWMssOS::Sw design exists and opened at  /home/alexey/programming/fpga/workspace/zynq/ps7_cortexa9_0/standalone_ps7_cortexa9_0/bsp/system.mss
TRACE::2026-09-13.15:37:34::SCWWriter::formatted JSON is {
	"platformName":	"zynq",
	"sprVersion":	"2.0",
	"mode":	"gui",
	"dsaType":	"Fixed",
	"platformDesc":	"zynq",
	"platHandOff":	"<platformDir>.xsa",
	"platIntHandOff":	"<platformDir>/hw/zynq.xsa",
	"deviceType":	"zynq",
	"platIsPrebuiltAutogen":	"false",
	"platIsNoBootBsp":	"false",
	"platFsblTarget":	"ps7_cortexa9_0",
	"hasFsblMakeHasChanges":	"false",
	"hasPmufwMakeHasChanges":	"false",
	"fsblExtraCompilerFlags":	"-MMD -MP       -mcpu=cortex-a9 -mfpu=vfpv3 -mfloat-abi=hard ",
	"platPreBuiltFlag":	false,
	"platformSamplesDir":	"",
	"platActiveSys":	"zynq",
	"systems":	[{
			"systemName":	"zynq",
			"systemDesc":	"zynq",
			"sysIsBootAutoGen":	"true",
			"systemDispName":	"zynq",
			"sysActiveDom":	"standalone_ps7_cortexa9_0",
			"sysDefaultDom":	"standalone_ps7_cortexa9_0",
			"domains":	[{
					"domainName":	"zynq_fsbl",
					"domainDispName":	"zynq_fsbl",
					"domainDesc":	"FSBL Application BSP - Auto Generated.",
					"processors":	"ps7_cortexa9_0",
					"os":	"standalone",
					"sdxOs":	"standalone",
					"debugEnable":	"",
					"domRuntimes":	["cpp"],
					"swRepo":	"",
					"mssOsVer":	"7.3",
					"mssFile":	"",
					"md5Digest":	"549c520564147d15fc13b42c1266c9e5",
					"compatibleApp":	"zynq_fsbl",
					"domType":	"bootDomain",
					"arch":	"32-bit",
					"appSettings":	{
						"appCompilerFlags":	"",
						"appLinkerFlags":	""
					},
					"addedLibs":	["xilffs:4.4", "xilrsa:1.6"],
					"libOptions":	{
						"libsContainingOptions":	[]
					},
					"prebuiltLibs":	{
						"prebuiltIncPath":	[],
						"prebuiltLibPath":	[]
					},
					"isolation":	{
					}
				}, {
					"domainName":	"standalone_ps7_cortexa9_0",
					"domainDispName":	"standalone_ps7_cortexa9_0",
					"domainDesc":	"standalone_ps7_cortexa9_0",
					"processors":	"ps7_cortexa9_0",
					"os":	"standalone",
					"sdxOs":	"standalone",
					"qemuArgs":	"/home/alexey/Xilinx/Vitis/2020.2/data/emulation/platforms/zynq/sw/a9_standalone/qemu/qemu_args.txt",
					"qemuData":	"/home/alexey/Xilinx/Vitis/2020.2/data/emulation/platforms/zynq/sw/a9_standalone/qemu/",
					"debugEnable":	"False",
					"domRuntimes":	["cpp"],
					"swRepo":	"",
					"mssOsVer":	"7.3",
					"mssFile":	"",
					"md5Digest":	"1d39d5db6aedca872f43ae36eb2fab9f",
					"compatibleApp":	"lwip_udp_perf_client",
					"domType":	"mssDomain",
					"arch":	"32-bit",
					"appSettings":	{
						"appCompilerFlags":	"",
						"appLinkerFlags":	""
					},
					"addedLibs":	["lwip211:1.3"],
					"libOptions":	{
						"libsContainingOptions":	[]
					},
					"prebuiltLibs":	{
						"prebuiltIncPath":	[],
						"prebuiltLibPath":	[]
					},
					"isolation":	{
					}
				}]
		}]
}
LOG::2026-09-13.15:37:34::SCWPlatform::Started generating the artifacts platform zynq
TRACE::2026-09-13.15:37:34::SCWPlatform::Sanity checking of platform is completed
LOG::2026-09-13.15:37:34::SCWPlatform::Started generating the artifacts for system configuration zynq
LOG::2026-09-13.15:37:34::SCWSystem::Started Processing the domain standalone_ps7_cortexa9_0
TRACE::2026-09-13.15:37:34::SCWDomain::Generating domain artifcats
TRACE::2026-09-13.15:37:34::SCWMssOS::Generating standalone artifcats
TRACE::2026-09-13.15:37:34::SCWMssOS::Copying the qemu file from  /home/alexey/Xilinx/Vitis/2020.2/data/emulation/platforms/zynq/sw/a9_standalone/qemu/qemu_args.txt To /home/alexey/programming/fpga/workspace/zynq/export/zynq/sw/zynq/qemu/
TRACE::2026-09-13.15:37:34::SCWMssOS::Copying the qemu file from  /home/alexey/Xilinx/Vitis/2020.2/data/emulation/platforms/zynq/sw/a9_standalone/qemu/qemu_args.txt To /home/alexey/programming/fpga/workspace/zynq/export/zynq/sw/zynq/standalone_ps7_cortexa9_0/qemu/
TRACE::2026-09-13.15:37:34::SCWMssOS:: Copying the user libraries. 
TRACE::2026-09-13.15:37:34::SCWPlatform::Trying to open the hw design at /home/alexey/programming/fpga/workspace/zynq/hw/zynq.xsa
TRACE::2026-09-13.15:37:34::SCWPlatform::DSA given /home/alexey/programming/fpga/workspace/zynq/hw/zynq.xsa
TRACE::2026-09-13.15:37:34::SCWPlatform::DSA absoulate path /home/alexey/programming/fpga/workspace/zynq/hw/zynq.xsa
TRACE::2026-09-13.15:37:34::SCWPlatform::DSA directory /home/alexey/programming/fpga/workspace/zynq/hw
TRACE::2026-09-13.15:37:34::SCWPlatform:: Platform Path /home/alexey/programming/fpga/workspace/zynq/hw/zynq.xsa
TRACE::2026-09-13.15:37:34::SCWPlatform:: Unique name xilinx:::0.0
TRACE::2026-09-13.15:37:34::SCWPlatform::Trying to set the existing hwdb with name zynq_wrapper_1
TRACE::2026-09-13.15:37:34::SCWPlatform::Opened existing hwdb zynq_wrapper_1
TRACE::2026-09-13.15:37:34::SCWPlatform::Found the Hw Db part of the input DSA
TRACE::2026-09-13.15:37:34::SCWMssOS::Checking the sw design at  /home/alexey/programming/fpga/workspace/zynq/ps7_cortexa9_0/standalone_ps7_cortexa9_0/bsp/system.mss
TRACE::2026-09-13.15:37:34::SCWMssOS::DEBUG:  swdes dump  /home/alexey/programming/fpga/workspace/zynq/ps7_cortexa9_0/standalone_ps7_cortexa9_0/bsp/system.mss|system_0||
/home/alexey/programming/fpga/workspace/zynq/zynq_fsbl/zynq_fsbl_bsp/system.mss|system||

TRACE::2026-09-13.15:37:34::SCWMssOS::Sw design exists and opened at  /home/alexey/programming/fpga/workspace/zynq/ps7_cortexa9_0/standalone_ps7_cortexa9_0/bsp/system.mss
TRACE::2026-09-13.15:37:34::SCWMssOS::Completed writing the mss file at /home/alexey/programming/fpga/workspace/zynq/ps7_cortexa9_0/standalone_ps7_cortexa9_0/bsp
TRACE::2026-09-13.15:37:34::SCWMssOS::Mss edits present, copying mssfile into export location /home/alexey/programming/fpga/workspace/zynq/ps7_cortexa9_0/standalone_ps7_cortexa9_0/bsp/system.mss
TRACE::2026-09-13.15:37:34::SCWMssOS::bsp generated is upto date with the mss file. Skipping bsp generation.
TRACE::2026-09-13.15:37:34::SCWMssOS::BSP is already built. skipping the bsp build ... 
TRACE::2026-09-13.15:37:34::SCWDomain::Building the domain as part of full build :  standalone_ps7_cortexa9_0
TRACE::2026-09-13.15:37:34::SCWMssOS::skipping the bsp build ... 
TRACE::2026-09-13.15:37:34::SCWMssOS::Copying to export directory.
TRACE::2026-09-13.15:37:34::SCWMssOS:: Checking if to create the Supporting Applications
TRACE::2026-09-13.15:37:34::SCWMssOS:: No Linux domain exists, trying to generate FSBL 
TRACE::2026-09-13.15:37:34::SCWMssOS:: Completed Standalone Artifacts creation 
LOG::2026-09-13.15:37:34::SCWSystem::Completed Processing the domain standalone_ps7_cortexa9_0
LOG::2026-09-13.15:37:34::SCWSystem::Completed Processing the sysconfig zynq
LOG::2026-09-13.15:37:34::SCWPlatform::Completed generating the artifacts for system configuration zynq
TRACE::2026-09-13.15:37:34::SCWPlatform::Started preparing the platform 
TRACE::2026-09-13.15:37:34::SCWSystem::Writing the bif file for system config zynq
TRACE::2026-09-13.15:37:34::SCWSystem::dir created 
TRACE::2026-09-13.15:37:34::SCWSystem::Writing the bif 
TRACE::2026-09-13.15:37:34::SCWPlatform::Started writing the spfm file 
TRACE::2026-09-13.15:37:34::SCWPlatform::Started writing the xpfm file 
TRACE::2026-09-13.15:37:34::SCWPlatform::Completed generating the platform
TRACE::2026-09-13.15:37:34::SCWMssOS::Saving the mss changes /home/alexey/programming/fpga/workspace/zynq/zynq_fsbl/zynq_fsbl_bsp/system.mss
TRACE::2026-09-13.15:37:34::SCWMssOS::Found a swdesign opened with the mssfile.
TRACE::2026-09-13.15:37:34::SCWMssOS::Completed writemss as part of save.
TRACE::2026-09-13.15:37:34::SCWMssOS::Commit changes completed.
TRACE::2026-09-13.15:37:34::SCWMssOS::Saving the mss changes /home/alexey/programming/fpga/workspace/zynq/ps7_cortexa9_0/standalone_ps7_cortexa9_0/bsp/system.mss
TRACE::2026-09-13.15:37:34::SCWMssOS::Found a swdesign opened with the mssfile.
TRACE::2026-09-13.15:37:34::SCWMssOS::Completed writemss as part of save.
TRACE::2026-09-13.15:37:34::SCWMssOS::Commit changes completed.
TRACE::2026-09-13.15:37:34::SCWPlatform::Trying to open the hw design at /home/alexey/programming/fpga/workspace/zynq/hw/zynq.xsa
TRACE::2026-09-13.15:37:34::SCWPlatform::DSA given /home/alexey/programming/fpga/workspace/zynq/hw/zynq.xsa
TRACE::2026-09-13.15:37:34::SCWPlatform::DSA absoulate path /home/alexey/programming/fpga/workspace/zynq/hw/zynq.xsa
TRACE::2026-09-13.15:37:34::SCWPlatform::DSA directory /home/alexey/programming/fpga/workspace/zynq/hw
TRACE::2026-09-13.15:37:34::SCWPlatform:: Platform Path /home/alexey/programming/fpga/workspace/zynq/hw/zynq.xsa
TRACE::2026-09-13.15:37:34::SCWPlatform:: Unique name xilinx:::0.0
TRACE::2026-09-13.15:37:34::SCWPlatform::Trying to set the existing hwdb with name zynq_wrapper_1
TRACE::2026-09-13.15:37:34::SCWPlatform::Opened existing hwdb zynq_wrapper_1
TRACE::2026-09-13.15:37:34::SCWPlatform::Found the Hw Db part of the input DSA
TRACE::2026-09-13.15:37:34::SCWMssOS::Checking the sw design at  /home/alexey/programming/fpga/workspace/zynq/zynq_fsbl/zynq_fsbl_bsp/system.mss
TRACE::2026-09-13.15:37:34::SCWMssOS::DEBUG:  swdes dump  /home/alexey/programming/fpga/workspace/zynq/ps7_cortexa9_0/standalone_ps7_cortexa9_0/bsp/system.mss|system_0||
/home/alexey/programming/fpga/workspace/zynq/zynq_fsbl/zynq_fsbl_bsp/system.mss|system||

TRACE::2026-09-13.15:37:34::SCWMssOS::Sw design exists and opened at  /home/alexey/programming/fpga/workspace/zynq/zynq_fsbl/zynq_fsbl_bsp/system.mss
TRACE::2026-09-13.15:37:34::SCWPlatform::Trying to open the hw design at /home/alexey/programming/fpga/workspace/zynq/hw/zynq.xsa
TRACE::2026-09-13.15:37:34::SCWPlatform::DSA given /home/alexey/programming/fpga/workspace/zynq/hw/zynq.xsa
TRACE::2026-09-13.15:37:34::SCWPlatform::DSA absoulate path /home/alexey/programming/fpga/workspace/zynq/hw/zynq.xsa
TRACE::2026-09-13.15:37:34::SCWPlatform::DSA directory /home/alexey/programming/fpga/workspace/zynq/hw
TRACE::2026-09-13.15:37:34::SCWPlatform:: Platform Path /home/alexey/programming/fpga/workspace/zynq/hw/zynq.xsa
TRACE::2026-09-13.15:37:34::SCWPlatform:: Unique name xilinx:::0.0
TRACE::2026-09-13.15:37:34::SCWPlatform::Trying to set the existing hwdb with name zynq_wrapper_1
TRACE::2026-09-13.15:37:34::SCWPlatform::Opened existing hwdb zynq_wrapper_1
TRACE::2026-09-13.15:37:34::SCWPlatform::Found the Hw Db part of the input DSA
TRACE::2026-09-13.15:37:34::SCWMssOS::Checking the sw design at  /home/alexey/programming/fpga/workspace/zynq/zynq_fsbl/zynq_fsbl_bsp/system.mss
TRACE::2026-09-13.15:37:34::SCWMssOS::DEBUG:  swdes dump  /home/alexey/programming/fpga/workspace/zynq/ps7_cortexa9_0/standalone_ps7_cortexa9_0/bsp/system.mss|system_0||
/home/alexey/programming/fpga/workspace/zynq/zynq_fsbl/zynq_fsbl_bsp/system.mss|system||

TRACE::2026-09-13.15:37:34::SCWMssOS::Sw design exists and opened at  /home/alexey/programming/fpga/workspace/zynq/zynq_fsbl/zynq_fsbl_bsp/system.mss
TRACE::2026-09-13.15:37:34::SCWPlatform::Trying to open the hw design at /home/alexey/programming/fpga/workspace/zynq/hw/zynq.xsa
TRACE::2026-09-13.15:37:34::SCWPlatform::DSA given /home/alexey/programming/fpga/workspace/zynq/hw/zynq.xsa
TRACE::2026-09-13.15:37:34::SCWPlatform::DSA absoulate path /home/alexey/programming/fpga/workspace/zynq/hw/zynq.xsa
TRACE::2026-09-13.15:37:34::SCWPlatform::DSA directory /home/alexey/programming/fpga/workspace/zynq/hw
TRACE::2026-09-13.15:37:34::SCWPlatform:: Platform Path /home/alexey/programming/fpga/workspace/zynq/hw/zynq.xsa
TRACE::2026-09-13.15:37:34::SCWPlatform:: Unique name xilinx:::0.0
TRACE::2026-09-13.15:37:34::SCWPlatform::Trying to set the existing hwdb with name zynq_wrapper_1
TRACE::2026-09-13.15:37:34::SCWPlatform::Opened existing hwdb zynq_wrapper_1
TRACE::2026-09-13.15:37:34::SCWPlatform::Found the Hw Db part of the input DSA
TRACE::2026-09-13.15:37:34::SCWMssOS::Checking the sw design at  /home/alexey/programming/fpga/workspace/zynq/zynq_fsbl/zynq_fsbl_bsp/system.mss
TRACE::2026-09-13.15:37:34::SCWMssOS::DEBUG:  swdes dump  /home/alexey/programming/fpga/workspace/zynq/ps7_cortexa9_0/standalone_ps7_cortexa9_0/bsp/system.mss|system_0||
/home/alexey/programming/fpga/workspace/zynq/zynq_fsbl/zynq_fsbl_bsp/system.mss|system||

TRACE::2026-09-13.15:37:34::SCWMssOS::Sw design exists and opened at  /home/alexey/programming/fpga/workspace/zynq/zynq_fsbl/zynq_fsbl_bsp/system.mss
TRACE::2026-09-13.15:37:34::SCWPlatform::Trying to open the hw design at /home/alexey/programming/fpga/workspace/zynq/hw/zynq.xsa
TRACE::2026-09-13.15:37:34::SCWPlatform::DSA given /home/alexey/programming/fpga/workspace/zynq/hw/zynq.xsa
TRACE::2026-09-13.15:37:34::SCWPlatform::DSA absoulate path /home/alexey/programming/fpga/workspace/zynq/hw/zynq.xsa
TRACE::2026-09-13.15:37:34::SCWPlatform::DSA directory /home/alexey/programming/fpga/workspace/zynq/hw
TRACE::2026-09-13.15:37:34::SCWPlatform:: Platform Path /home/alexey/programming/fpga/workspace/zynq/hw/zynq.xsa
TRACE::2026-09-13.15:37:34::SCWPlatform:: Unique name xilinx:::0.0
TRACE::2026-09-13.15:37:34::SCWPlatform::Trying to set the existing hwdb with name zynq_wrapper_1
TRACE::2026-09-13.15:37:34::SCWPlatform::Opened existing hwdb zynq_wrapper_1
TRACE::2026-09-13.15:37:34::SCWPlatform::Found the Hw Db part of the input DSA
TRACE::2026-09-13.15:37:34::SCWMssOS::Checking the sw design at  /home/alexey/programming/fpga/workspace/zynq/ps7_cortexa9_0/standalone_ps7_cortexa9_0/bsp/system.mss
TRACE::2026-09-13.15:37:34::SCWMssOS::DEBUG:  swdes dump  /home/alexey/programming/fpga/workspace/zynq/ps7_cortexa9_0/standalone_ps7_cortexa9_0/bsp/system.mss|system_0||
/home/alexey/programming/fpga/workspace/zynq/zynq_fsbl/zynq_fsbl_bsp/system.mss|system||

TRACE::2026-09-13.15:37:34::SCWMssOS::Sw design exists and opened at  /home/alexey/programming/fpga/workspace/zynq/ps7_cortexa9_0/standalone_ps7_cortexa9_0/bsp/system.mss
TRACE::2026-09-13.15:37:34::SCWPlatform::Trying to open the hw design at /home/alexey/programming/fpga/workspace/zynq/hw/zynq.xsa
TRACE::2026-09-13.15:37:34::SCWPlatform::DSA given /home/alexey/programming/fpga/workspace/zynq/hw/zynq.xsa
TRACE::2026-09-13.15:37:34::SCWPlatform::DSA absoulate path /home/alexey/programming/fpga/workspace/zynq/hw/zynq.xsa
TRACE::2026-09-13.15:37:34::SCWPlatform::DSA directory /home/alexey/programming/fpga/workspace/zynq/hw
TRACE::2026-09-13.15:37:34::SCWPlatform:: Platform Path /home/alexey/programming/fpga/workspace/zynq/hw/zynq.xsa
TRACE::2026-09-13.15:37:34::SCWPlatform:: Unique name xilinx:::0.0
TRACE::2026-09-13.15:37:34::SCWPlatform::Trying to set the existing hwdb with name zynq_wrapper_1
TRACE::2026-09-13.15:37:34::SCWPlatform::Opened existing hwdb zynq_wrapper_1
TRACE::2026-09-13.15:37:34::SCWPlatform::Found the Hw Db part of the input DSA
TRACE::2026-09-13.15:37:34::SCWMssOS::Checking the sw design at  /home/alexey/programming/fpga/workspace/zynq/ps7_cortexa9_0/standalone_ps7_cortexa9_0/bsp/system.mss
TRACE::2026-09-13.15:37:34::SCWMssOS::DEBUG:  swdes dump  /home/alexey/programming/fpga/workspace/zynq/ps7_cortexa9_0/standalone_ps7_cortexa9_0/bsp/system.mss|system_0||
/home/alexey/programming/fpga/workspace/zynq/zynq_fsbl/zynq_fsbl_bsp/system.mss|system||

TRACE::2026-09-13.15:37:34::SCWMssOS::Sw design exists and opened at  /home/alexey/programming/fpga/workspace/zynq/ps7_cortexa9_0/standalone_ps7_cortexa9_0/bsp/system.mss
TRACE::2026-09-13.15:37:34::SCWPlatform::Trying to open the hw design at /home/alexey/programming/fpga/workspace/zynq/hw/zynq.xsa
TRACE::2026-09-13.15:37:34::SCWPlatform::DSA given /home/alexey/programming/fpga/workspace/zynq/hw/zynq.xsa
TRACE::2026-09-13.15:37:34::SCWPlatform::DSA absoulate path /home/alexey/programming/fpga/workspace/zynq/hw/zynq.xsa
TRACE::2026-09-13.15:37:34::SCWPlatform::DSA directory /home/alexey/programming/fpga/workspace/zynq/hw
TRACE::2026-09-13.15:37:34::SCWPlatform:: Platform Path /home/alexey/programming/fpga/workspace/zynq/hw/zynq.xsa
TRACE::2026-09-13.15:37:34::SCWPlatform:: Unique name xilinx:::0.0
TRACE::2026-09-13.15:37:34::SCWPlatform::Trying to set the existing hwdb with name zynq_wrapper_1
TRACE::2026-09-13.15:37:34::SCWPlatform::Opened existing hwdb zynq_wrapper_1
TRACE::2026-09-13.15:37:34::SCWPlatform::Found the Hw Db part of the input DSA
TRACE::2026-09-13.15:37:34::SCWMssOS::Checking the sw design at  /home/alexey/programming/fpga/workspace/zynq/ps7_cortexa9_0/standalone_ps7_cortexa9_0/bsp/system.mss
TRACE::2026-09-13.15:37:34::SCWMssOS::DEBUG:  swdes dump  /home/alexey/programming/fpga/workspace/zynq/ps7_cortexa9_0/standalone_ps7_cortexa9_0/bsp/system.mss|system_0||
/home/alexey/programming/fpga/workspace/zynq/zynq_fsbl/zynq_fsbl_bsp/system.mss|system||

TRACE::2026-09-13.15:37:34::SCWMssOS::Sw design exists and opened at  /home/alexey/programming/fpga/workspace/zynq/ps7_cortexa9_0/standalone_ps7_cortexa9_0/bsp/system.mss
TRACE::2026-09-13.15:37:34::SCWWriter::formatted JSON is {
	"platformName":	"zynq",
	"sprVersion":	"2.0",
	"mode":	"gui",
	"dsaType":	"Fixed",
	"platformDesc":	"zynq",
	"platHandOff":	"<platformDir>.xsa",
	"platIntHandOff":	"<platformDir>/hw/zynq.xsa",
	"deviceType":	"zynq",
	"platIsPrebuiltAutogen":	"false",
	"platIsNoBootBsp":	"false",
	"platFsblTarget":	"ps7_cortexa9_0",
	"hasFsblMakeHasChanges":	"false",
	"hasPmufwMakeHasChanges":	"false",
	"fsblExtraCompilerFlags":	"-MMD -MP       -mcpu=cortex-a9 -mfpu=vfpv3 -mfloat-abi=hard ",
	"platPreBuiltFlag":	false,
	"platformSamplesDir":	"",
	"platActiveSys":	"zynq",
	"systems":	[{
			"systemName":	"zynq",
			"systemDesc":	"zynq",
			"sysIsBootAutoGen":	"true",
			"systemDispName":	"zynq",
			"sysActiveDom":	"standalone_ps7_cortexa9_0",
			"sysDefaultDom":	"standalone_ps7_cortexa9_0",
			"domains":	[{
					"domainName":	"zynq_fsbl",
					"domainDispName":	"zynq_fsbl",
					"domainDesc":	"FSBL Application BSP - Auto Generated.",
					"processors":	"ps7_cortexa9_0",
					"os":	"standalone",
					"sdxOs":	"standalone",
					"debugEnable":	"",
					"domRuntimes":	["cpp"],
					"swRepo":	"",
					"mssOsVer":	"7.3",
					"mssFile":	"",
					"md5Digest":	"549c520564147d15fc13b42c1266c9e5",
					"compatibleApp":	"zynq_fsbl",
					"domType":	"bootDomain",
					"arch":	"32-bit",
					"appSettings":	{
						"appCompilerFlags":	"",
						"appLinkerFlags":	""
					},
					"addedLibs":	["xilffs:4.4", "xilrsa:1.6"],
					"libOptions":	{
						"libsContainingOptions":	[]
					},
					"prebuiltLibs":	{
						"prebuiltIncPath":	[],
						"prebuiltLibPath":	[]
					},
					"isolation":	{
					}
				}, {
					"domainName":	"standalone_ps7_cortexa9_0",
					"domainDispName":	"standalone_ps7_cortexa9_0",
					"domainDesc":	"standalone_ps7_cortexa9_0",
					"processors":	"ps7_cortexa9_0",
					"os":	"standalone",
					"sdxOs":	"standalone",
					"qemuArgs":	"/home/alexey/Xilinx/Vitis/2020.2/data/emulation/platforms/zynq/sw/a9_standalone/qemu/qemu_args.txt",
					"qemuData":	"/home/alexey/Xilinx/Vitis/2020.2/data/emulation/platforms/zynq/sw/a9_standalone/qemu/",
					"debugEnable":	"False",
					"domRuntimes":	["cpp"],
					"swRepo":	"",
					"mssOsVer":	"7.3",
					"mssFile":	"",
					"md5Digest":	"1d39d5db6aedca872f43ae36eb2fab9f",
					"compatibleApp":	"lwip_udp_perf_client",
					"domType":	"mssDomain",
					"arch":	"32-bit",
					"appSettings":	{
						"appCompilerFlags":	"",
						"appLinkerFlags":	""
					},
					"addedLibs":	["lwip211:1.3"],
					"libOptions":	{
						"libsContainingOptions":	[]
					},
					"prebuiltLibs":	{
						"prebuiltIncPath":	[],
						"prebuiltLibPath":	[]
					},
					"isolation":	{
					}
				}]
		}]
}
KEYINFO::2026-09-13.15:37:34::SCWPlatform::updated the xpfm file.
